scenario,account_id,date,amount,entity,description,source
Actual,4000,2024-01-04,-4358.94,North,Product Revenue,sample_gl
Actual,4000,2024-01-05,-535.71,North,Product Revenue,sample_gl
Actual,4000,2024-01-08,-9386.38,North,Product Revenue,sample_gl
Actual,4000,2024-01-08,-21633.58,North,Product Revenue,sample_gl
Actual,4000,2024-01-09,-33392.45,North,Product Revenue,sample_gl
Actual,4000,2024-01-22,-13705.21,North,Product Revenue,sample_gl
Actual,4000,2024-01-24,-63541.75,North,Product Revenue,sample_gl
Actual,4000,2024-01-24,-17711.14,North,Product Revenue,sample_gl
Actual,4000,2024-01-07,-1064.4,South,Product Revenue,sample_gl
Actual,4000,2024-01-08,-24400.8,South,Product Revenue,sample_gl
Actual,4000,2024-01-14,-30262.71,South,Product Revenue,sample_gl
Actual,4000,2024-01-15,-40784.93,South,Product Revenue,sample_gl
Actual,4000,2024-01-18,-17831.87,South,Product Revenue,sample_gl
Actual,4000,2024-01-21,-17636.34,South,Product Revenue,sample_gl
Actual,4000,2024-01-23,-591.46,South,Product Revenue,sample_gl
Actual,4000,2024-01-23,-31212.42,South,Product Revenue,sample_gl
Actual,4000,2024-01-03,-68599.29,West,Product Revenue,sample_gl
Actual,4000,2024-01-04,-28577.79,West,Product Revenue,sample_gl
Actual,4000,2024-01-09,-2865.6,West,Product Revenue,sample_gl
Actual,4000,2024-01-12,-32201.8,West,Product Revenue,sample_gl
Actual,4000,2024-01-12,-14026.05,West,Product Revenue,sample_gl
Actual,4000,2024-01-13,-4037.0,West,Product Revenue,sample_gl
Actual,4000,2024-01-20,-26043.82,West,Product Revenue,sample_gl
Actual,4000,2024-01-28,-4872.05,West,Product Revenue,sample_gl
Actual,4010,2024-01-03,-2217.71,North,Service Revenue,sample_gl
Actual,4010,2024-01-07,-1643.89,North,Service Revenue,sample_gl
Actual,4010,2024-01-12,-1026.45,North,Service Revenue,sample_gl
Actual,4010,2024-01-19,-6141.27,North,Service Revenue,sample_gl
Actual,4010,2024-01-20,-236.78,North,Service Revenue,sample_gl
Actual,4010,2024-01-23,-2186.65,North,Service Revenue,sample_gl
Actual,4010,2024-01-28,-552.41,North,Service Revenue,sample_gl
Actual,4010,2024-01-29,-34390.64,North,Service Revenue,sample_gl
Actual,4010,2024-01-07,-7487.12,South,Service Revenue,sample_gl
Actual,4010,2024-01-09,-354.47,South,Service Revenue,sample_gl
Actual,4010,2024-01-12,-9545.1,South,Service Revenue,sample_gl
Actual,4010,2024-01-12,-10523.76,South,Service Revenue,sample_gl
Actual,4010,2024-01-22,-1782.6,South,Service Revenue,sample_gl
Actual,4010,2024-01-22,-3715.62,South,Service Revenue,sample_gl
Actual,4010,2024-01-23,-11931.4,South,Service Revenue,sample_gl
Actual,4010,2024-01-30,-480.04,South,Service Revenue,sample_gl
Actual,4010,2024-01-08,-1451.49,West,Service Revenue,sample_gl
Actual,4010,2024-01-11,-8088.63,West,Service Revenue,sample_gl
Actual,4010,2024-01-18,-816.86,West,Service Revenue,sample_gl
Actual,4010,2024-01-21,-1749.59,West,Service Revenue,sample_gl
Actual,4010,2024-01-22,-2157.43,West,Service Revenue,sample_gl
Actual,4010,2024-01-23,-20824.79,West,Service Revenue,sample_gl
Actual,4010,2024-01-25,-7547.25,West,Service Revenue,sample_gl
Actual,4010,2024-01-27,-2581.48,West,Service Revenue,sample_gl
Actual,5000,2024-01-05,17716.01,North,Cost of Goods Sold,sample_gl
Actual,5000,2024-01-13,1157.53,North,Cost of Goods Sold,sample_gl
Actual,5000,2024-01-15,153.62,North,Cost of Goods Sold,sample_gl
Actual,5000,2024-01-16,9663.01,North,Cost of Goods Sold,sample_gl
Actual,5000,2024-01-21,11634.63,North,Cost of Goods Sold,sample_gl
Actual,5000,2024-01-21,1667.81,North,Cost of Goods Sold,sample_gl
Actual,5000,2024-01-29,22500.77,North,Cost of Goods Sold,sample_gl
Actual,5000,2024-01-30,7339.7,North,Cost of Goods Sold,sample_gl
Actual,5000,2024-01-02,3912.56,South,Cost of Goods Sold,sample_gl
Actual,5000,2024-01-03,2840.54,South,Cost of Goods Sold,sample_gl
Actual,5000,2024-01-05,16750.18,South,Cost of Goods Sold,sample_gl
Actual,5000,2024-01-08,2496.83,South,Cost of Goods Sold,sample_gl
Actual,5000,2024-01-16,12643.22,South,Cost of Goods Sold,sample_gl
Actual,5000,2024-01-17,10139.49,South,Cost of Goods Sold,sample_gl
Actual,5000,2024-01-25,12566.6,South,Cost of Goods Sold,sample_gl
Actual,5000,2024-01-28,238.88,South,Cost of Goods Sold,sample_gl
Actual,5000,2024-01-01,5003.49,West,Cost of Goods Sold,sample_gl
Actual,5000,2024-01-04,6964.51,West,Cost of Goods Sold,sample_gl
Actual,5000,2024-01-22,7532.67,West,Cost of Goods Sold,sample_gl
Actual,5000,2024-01-22,850.35,West,Cost of Goods Sold,sample_gl
Actual,5000,2024-01-24,3733.89,West,Cost of Goods Sold,sample_gl
Actual,5000,2024-01-28,4664.36,West,Cost of Goods Sold,sample_gl
Actual,5000,2024-01-29,14032.55,West,Cost of Goods Sold,sample_gl
Actual,5000,2024-01-31,2071.51,West,Cost of Goods Sold,sample_gl
Actual,5010,2024-01-06,2665.86,North,Direct Labor,sample_gl
Actual,5010,2024-01-09,1381.35,North,Direct Labor,sample_gl
Actual,5010,2024-01-17,936.01,North,Direct Labor,sample_gl
Actual,5010,2024-01-17,4384.25,North,Direct Labor,sample_gl
Actual,5010,2024-01-24,3350.75,North,Direct Labor,sample_gl
Actual,5010,2024-01-25,2947.11,North,Direct Labor,sample_gl
Actual,5010,2024-01-29,5420.59,North,Direct Labor,sample_gl
Actual,5010,2024-01-30,3966.58,North,Direct Labor,sample_gl
Actual,5010,2024-01-01,2668.66,South,Direct Labor,sample_gl
Actual,5010,2024-01-01,5445.12,South,Direct Labor,sample_gl
Actual,5010,2024-01-04,48.09,South,Direct Labor,sample_gl
Actual,5010,2024-01-11,4137.64,South,Direct Labor,sample_gl
Actual,5010,2024-01-16,6925.23,South,Direct Labor,sample_gl
Actual,5010,2024-01-20,8112.61,South,Direct Labor,sample_gl
Actual,5010,2024-01-30,6050.0,South,Direct Labor,sample_gl
Actual,5010,2024-01-30,497.38,South,Direct Labor,sample_gl
Actual,5010,2024-01-03,3145.03,West,Direct Labor,sample_gl
Actual,5010,2024-01-05,2043.1,West,Direct Labor,sample_gl
Actual,5010,2024-01-16,1304.6,West,Direct Labor,sample_gl
Actual,5010,2024-01-18,3872.3,West,Direct Labor,sample_gl
Actual,5010,2024-01-24,1277.31,West,Direct Labor,sample_gl
Actual,5010,2024-01-25,1825.44,West,Direct Labor,sample_gl
Actual,5010,2024-01-25,7903.01,West,Direct Labor,sample_gl
Actual,5010,2024-01-27,3124.83,West,Direct Labor,sample_gl
Actual,6000,2024-01-07,753.36,North,Salaries & Wages,sample_gl
Actual,6000,2024-01-10,1539.79,North,Salaries & Wages,sample_gl
Actual,6000,2024-01-12,6585.84,North,Salaries & Wages,sample_gl
Actual,6000,2024-01-13,7291.44,North,Salaries & Wages,sample_gl
Actual,6000,2024-01-15,3668.83,North,Salaries & Wages,sample_gl
Actual,6000,2024-01-21,1236.32,North,Salaries & Wages,sample_gl
Actual,6000,2024-01-22,11145.01,North,Salaries & Wages,sample_gl
Actual,6000,2024-01-23,3595.42,North,Salaries & Wages,sample_gl
Actual,6000,2024-01-01,1223.39,South,Salaries & Wages,sample_gl
Actual,6000,2024-01-02,9622.03,South,Salaries & Wages,sample_gl
Actual,6000,2024-01-03,2023.26,South,Salaries & Wages,sample_gl
Actual,6000,2024-01-03,6036.0,South,Salaries & Wages,sample_gl
Actual,6000,2024-01-08,1119.35,South,Salaries & Wages,sample_gl
Actual,6000,2024-01-21,976.67,South,Salaries & Wages,sample_gl
Actual,6000,2024-01-23,7170.58,South,Salaries & Wages,sample_gl
Actual,6000,2024-01-29,10774.15,South,Salaries & Wages,sample_gl
Actual,6000,2024-01-04,2306.76,West,Salaries & Wages,sample_gl
Actual,6000,2024-01-04,12780.21,West,Salaries & Wages,sample_gl
Actual,6000,2024-01-07,2418.9,West,Salaries & Wages,sample_gl
Actual,6000,2024-01-08,10010.25,West,Salaries & Wages,sample_gl
Actual,6000,2024-01-14,309.82,West,Salaries & Wages,sample_gl
Actual,6000,2024-01-16,235.37,West,Salaries & Wages,sample_gl
Actual,6000,2024-01-26,8723.25,West,Salaries & Wages,sample_gl
Actual,6000,2024-01-26,5798.21,West,Salaries & Wages,sample_gl
Actual,6010,2024-01-02,731.67,North,Rent & Facilities,sample_gl
Actual,6010,2024-01-04,628.91,North,Rent & Facilities,sample_gl
Actual,6010,2024-01-08,420.32,North,Rent & Facilities,sample_gl
Actual,6010,2024-01-11,78.64,North,Rent & Facilities,sample_gl
Actual,6010,2024-01-13,2630.64,North,Rent & Facilities,sample_gl
Actual,6010,2024-01-24,714.91,North,Rent & Facilities,sample_gl
Actual,6010,2024-01-26,3282.5,North,Rent & Facilities,sample_gl
Actual,6010,2024-01-28,1218.21,North,Rent & Facilities,sample_gl
Actual,6010,2024-01-01,1684.89,South,Rent & Facilities,sample_gl
Actual,6010,2024-01-02,734.21,South,Rent & Facilities,sample_gl
Actual,6010,2024-01-03,1740.13,South,Rent & Facilities,sample_gl
Actual,6010,2024-01-04,766.98,South,Rent & Facilities,sample_gl
Actual,6010,2024-01-18,2785.76,South,Rent & Facilities,sample_gl
Actual,6010,2024-01-21,1136.84,South,Rent & Facilities,sample_gl
Actual,6010,2024-01-27,386.77,South,Rent & Facilities,sample_gl
Actual,6010,2024-01-30,998.4,South,Rent & Facilities,sample_gl
Actual,6010,2024-01-01,1453.07,West,Rent & Facilities,sample_gl
Actual,6010,2024-01-09,1332.11,West,Rent & Facilities,sample_gl
Actual,6010,2024-01-10,1185.57,West,Rent & Facilities,sample_gl
Actual,6010,2024-01-13,1246.22,West,Rent & Facilities,sample_gl
Actual,6010,2024-01-15,1526.69,West,Rent & Facilities,sample_gl
Actual,6010,2024-01-26,2242.62,West,Rent & Facilities,sample_gl
Actual,6010,2024-01-26,357.69,West,Rent & Facilities,sample_gl
Actual,6010,2024-01-30,42.97,West,Rent & Facilities,sample_gl
Actual,6020,2024-01-02,1585.02,North,Marketing,sample_gl
Actual,6020,2024-01-02,1529.81,North,Marketing,sample_gl
Actual,6020,2024-01-02,561.75,North,Marketing,sample_gl
Actual,6020,2024-01-11,6272.4,North,Marketing,sample_gl
Actual,6020,2024-01-16,1823.89,North,Marketing,sample_gl
Actual,6020,2024-01-18,5098.34,North,Marketing,sample_gl
Actual,6020,2024-01-19,2137.97,North,Marketing,sample_gl
Actual,6020,2024-01-24,776.0,North,Marketing,sample_gl
Actual,6020,2024-01-04,2966.47,South,Marketing,sample_gl
Actual,6020,2024-01-08,2084.47,South,Marketing,sample_gl
Actual,6020,2024-01-13,1247.69,South,Marketing,sample_gl
Actual,6020,2024-01-19,733.61,South,Marketing,sample_gl
Actual,6020,2024-01-22,130.69,South,Marketing,sample_gl
Actual,6020,2024-01-28,299.55,South,Marketing,sample_gl
Actual,6020,2024-01-29,3799.12,South,Marketing,sample_gl
Actual,6020,2024-01-31,786.68,South,Marketing,sample_gl
Actual,6020,2024-01-05,1130.42,West,Marketing,sample_gl
Actual,6020,2024-01-08,11.18,West,Marketing,sample_gl
Actual,6020,2024-01-09,3785.3,West,Marketing,sample_gl
Actual,6020,2024-01-10,2214.43,West,Marketing,sample_gl
Actual,6020,2024-01-13,4574.76,West,Marketing,sample_gl
Actual,6020,2024-01-15,3805.8,West,Marketing,sample_gl
Actual,6020,2024-01-21,36.74,West,Marketing,sample_gl
Actual,6020,2024-01-22,24.08,West,Marketing,sample_gl
Actual,6030,2024-01-03,948.8,North,Software & Subscriptions,sample_gl
Actual,6030,2024-01-05,1273.79,North,Software & Subscriptions,sample_gl
Actual,6030,2024-01-07,1456.46,North,Software & Subscriptions,sample_gl
Actual,6030,2024-01-09,552.52,North,Software & Subscriptions,sample_gl
Actual,6030,2024-01-12,783.14,North,Software & Subscriptions,sample_gl
Actual,6030,2024-01-17,273.82,North,Software & Subscriptions,sample_gl
Actual,6030,2024-01-29,649.36,North,Software & Subscriptions,sample_gl
Actual,6030,2024-01-30,76.79,North,Software & Subscriptions,sample_gl
Actual,6030,2024-01-04,530.11,South,Software & Subscriptions,sample_gl
Actual,6030,2024-01-10,41.57,South,Software & Subscriptions,sample_gl
Actual,6030,2024-01-18,93.42,South,Software & Subscriptions,sample_gl
Actual,6030,2024-01-22,683.74,South,Software & Subscriptions,sample_gl
Actual,6030,2024-01-27,1391.06,South,Software & Subscriptions,sample_gl
Actual,6030,2024-01-29,255.58,South,Software & Subscriptions,sample_gl
Actual,6030,2024-01-30,558.57,South,Software & Subscriptions,sample_gl
Actual,6030,2024-01-31,1398.55,South,Software & Subscriptions,sample_gl
Actual,6030,2024-01-07,17.48,West,Software & Subscriptions,sample_gl
Actual,6030,2024-01-09,437.66,West,Software & Subscriptions,sample_gl
Actual,6030,2024-01-09,909.22,West,Software & Subscriptions,sample_gl
Actual,6030,2024-01-16,724.37,West,Software & Subscriptions,sample_gl
Actual,6030,2024-01-17,1713.81,West,Software & Subscriptions,sample_gl
Actual,6030,2024-01-21,369.76,West,Software & Subscriptions,sample_gl
Actual,6030,2024-01-22,292.09,West,Software & Subscriptions,sample_gl
Actual,6030,2024-01-28,466.8,West,Software & Subscriptions,sample_gl
Actual,6040,2024-01-01,187.15,North,Travel & Entertainment,sample_gl
Actual,6040,2024-01-04,181.2,North,Travel & Entertainment,sample_gl
Actual,6040,2024-01-14,988.68,North,Travel & Entertainment,sample_gl
Actual,6040,2024-01-15,91.83,North,Travel & Entertainment,sample_gl
Actual,6040,2024-01-18,627.01,North,Travel & Entertainment,sample_gl
Actual,6040,2024-01-18,120.66,North,Travel & Entertainment,sample_gl
Actual,6040,2024-01-23,51.79,North,Travel & Entertainment,sample_gl
Actual,6040,2024-01-24,238.96,North,Travel & Entertainment,sample_gl
Actual,6040,2024-01-02,93.66,South,Travel & Entertainment,sample_gl
Actual,6040,2024-01-05,736.63,South,Travel & Entertainment,sample_gl
Actual,6040,2024-01-10,9.7,South,Travel & Entertainment,sample_gl
Actual,6040,2024-01-12,474.39,South,Travel & Entertainment,sample_gl
Actual,6040,2024-01-26,251.31,South,Travel & Entertainment,sample_gl
Actual,6040,2024-01-28,35.53,South,Travel & Entertainment,sample_gl
Actual,6040,2024-01-29,452.25,South,Travel & Entertainment,sample_gl
Actual,6040,2024-01-30,294.12,South,Travel & Entertainment,sample_gl
Actual,6040,2024-01-06,150.43,West,Travel & Entertainment,sample_gl
Actual,6040,2024-01-06,1865.62,West,Travel & Entertainment,sample_gl
Actual,6040,2024-01-08,2454.19,West,Travel & Entertainment,sample_gl
Actual,6040,2024-01-26,398.56,West,Travel & Entertainment,sample_gl
Actual,6040,2024-01-26,375.24,West,Travel & Entertainment,sample_gl
Actual,6040,2024-01-28,105.31,West,Travel & Entertainment,sample_gl
Actual,6040,2024-01-30,299.81,West,Travel & Entertainment,sample_gl
Actual,6040,2024-01-30,419.88,West,Travel & Entertainment,sample_gl
Actual,7000,2024-01-04,879.64,North,Interest Expense,sample_gl
Actual,7000,2024-01-06,327.27,North,Interest Expense,sample_gl
Actual,7000,2024-01-08,613.41,North,Interest Expense,sample_gl
Actual,7000,2024-01-09,1324.96,North,Interest Expense,sample_gl
Actual,7000,2024-01-13,84.0,North,Interest Expense,sample_gl
Actual,7000,2024-01-23,166.12,North,Interest Expense,sample_gl
Actual,7000,2024-01-26,53.68,North,Interest Expense,sample_gl
Actual,7000,2024-01-26,505.53,North,Interest Expense,sample_gl
Actual,7000,2024-01-03,461.96,South,Interest Expense,sample_gl
Actual,7000,2024-01-07,655.97,South,Interest Expense,sample_gl
Actual,7000,2024-01-09,482.83,South,Interest Expense,sample_gl
Actual,7000,2024-01-11,546.85,South,Interest Expense,sample_gl
Actual,7000,2024-01-13,421.6,South,Interest Expense,sample_gl
Actual,7000,2024-01-25,1192.55,South,Interest Expense,sample_gl
Actual,7000,2024-01-28,167.86,South,Interest Expense,sample_gl
Actual,7000,2024-01-31,75.5,South,Interest Expense,sample_gl
Actual,7000,2024-01-02,1266.04,West,Interest Expense,sample_gl
Actual,7000,2024-01-04,288.66,West,Interest Expense,sample_gl
Actual,7000,2024-01-06,199.26,West,Interest Expense,sample_gl
Actual,7000,2024-01-09,310.21,West,Interest Expense,sample_gl
Actual,7000,2024-01-09,263.01,West,Interest Expense,sample_gl
Actual,7000,2024-01-19,119.55,West,Interest Expense,sample_gl
Actual,7000,2024-01-20,493.76,West,Interest Expense,sample_gl
Actual,7000,2024-01-31,1095.62,West,Interest Expense,sample_gl
Actual,4000,2024-02-01,-11607.95,North,Product Revenue,sample_gl
Actual,4000,2024-02-17,-40467.5,North,Product Revenue,sample_gl
Actual,4000,2024-02-18,-2701.42,North,Product Revenue,sample_gl
Actual,4000,2024-02-22,-5643.81,North,Product Revenue,sample_gl
Actual,4000,2024-02-24,-49769.68,North,Product Revenue,sample_gl
Actual,4000,2024-02-24,-1060.17,North,Product Revenue,sample_gl
Actual,4000,2024-02-24,-29426.69,North,Product Revenue,sample_gl
Actual,4000,2024-02-26,-25212.74,North,Product Revenue,sample_gl
Actual,4000,2024-02-10,-24545.54,South,Product Revenue,sample_gl
Actual,4000,2024-02-10,-32467.13,South,Product Revenue,sample_gl
Actual,4000,2024-02-11,-20584.21,South,Product Revenue,sample_gl
Actual,4000,2024-02-14,-3479.89,South,Product Revenue,sample_gl
Actual,4000,2024-02-17,-49533.84,South,Product Revenue,sample_gl
Actual,4000,2024-02-22,-43481.91,South,Product Revenue,sample_gl
Actual,4000,2024-02-24,-7242.52,South,Product Revenue,sample_gl
Actual,4000,2024-02-29,-11499.97,South,Product Revenue,sample_gl
Actual,4000,2024-02-01,-33362.58,West,Product Revenue,sample_gl
Actual,4000,2024-02-07,-35666.41,West,Product Revenue,sample_gl
Actual,4000,2024-02-10,-3563.92,West,Product Revenue,sample_gl
Actual,4000,2024-02-10,-1279.85,West,Product Revenue,sample_gl
Actual,4000,2024-02-14,-16673.16,West,Product Revenue,sample_gl
Actual,4000,2024-02-18,-11665.25,West,Product Revenue,sample_gl
Actual,4000,2024-02-26,-38479.15,West,Product Revenue,sample_gl
Actual,4000,2024-02-27,-15427.43,West,Product Revenue,sample_gl
Actual,4010,2024-02-03,-9210.88,North,Service Revenue,sample_gl
Actual,4010,2024-02-06,-1180.01,North,Service Revenue,sample_gl
Actual,4010,2024-02-10,-5113.45,North,Service Revenue,sample_gl
Actual,4010,2024-02-17,-13772.73,North,Service Revenue,sample_gl
Actual,4010,2024-02-22,-1843.51,North,Service Revenue,sample_gl
Actual,4010,2024-02-22,-3623.78,North,Service Revenue,sample_gl
Actual,4010,2024-02-24,-3112.32,North,Service Revenue,sample_gl
Actual,4010,2024-02-26,-8398.94,North,Service Revenue,sample_gl
Actual,4010,2024-02-03,-304.62,South,Service Revenue,sample_gl
Actual,4010,2024-02-14,-10377.17,South,Service Revenue,sample_gl
Actual,4010,2024-02-15,-2722.11,South,Service Revenue,sample_gl
Actual,4010,2024-02-16,-13755.96,South,Service Revenue,sample_gl
Actual,4010,2024-02-20,-7437.89,South,Service Revenue,sample_gl
Actual,4010,2024-02-25,-1444.45,South,Service Revenue,sample_gl
Actual,4010,2024-02-28,-2213.78,South,Service Revenue,sample_gl
Actual,4010,2024-02-29,-16681.55,South,Service Revenue,sample_gl
Actual,4010,2024-02-04,-2549.27,West,Service Revenue,sample_gl
Actual,4010,2024-02-08,-6379.4,West,Service Revenue,sample_gl
Actual,4010,2024-02-14,-3721.57,West,Service Revenue,sample_gl
Actual,4010,2024-02-25,-10521.48,West,Service Revenue,sample_gl
Actual,4010,2024-02-25,-3121.76,West,Service Revenue,sample_gl
Actual,4010,2024-02-25,-16771.26,West,Service Revenue,sample_gl
Actual,4010,2024-02-28,-5565.22,West,Service Revenue,sample_gl
Actual,4010,2024-02-29,-2133.8,West,Service Revenue,sample_gl
Actual,5000,2024-02-11,33508.74,North,Cost of Goods Sold,sample_gl
Actual,5000,2024-02-15,2125.12,North,Cost of Goods Sold,sample_gl
Actual,5000,2024-02-18,3042.12,North,Cost of Goods Sold,sample_gl
Actual,5000,2024-02-20,12099.8,North,Cost of Goods Sold,sample_gl
Actual,5000,2024-02-20,1721.16,North,Cost of Goods Sold,sample_gl
Actual,5000,2024-02-25,6135.51,North,Cost of Goods Sold,sample_gl
Actual,5000,2024-02-27,4704.25,North,Cost of Goods Sold,sample_gl
Actual,5000,2024-02-29,7256.4,North,Cost of Goods Sold,sample_gl
Actual,5000,2024-02-08,4256.82,South,Cost of Goods Sold,sample_gl
Actual,5000,2024-02-09,10670.81,South,Cost of Goods Sold,sample_gl
Actual,5000,2024-02-09,158.35,South,Cost of Goods Sold,sample_gl
Actual,5000,2024-02-21,611.5,South,Cost of Goods Sold,sample_gl
Actual,5000,2024-02-25,1866.89,South,Cost of Goods Sold,sample_gl
Actual,5000,2024-02-25,11075.08,South,Cost of Goods Sold,sample_gl
Actual,5000,2024-02-25,5793.2,South,Cost of Goods Sold,sample_gl
Actual,5000,2024-02-27,20505.91,South,Cost of Goods Sold,sample_gl
Actual,5000,2024-02-03,12878.03,West,Cost of Goods Sold,sample_gl
Actual,5000,2024-02-05,12500.14,West,Cost of Goods Sold,sample_gl
Actual,5000,2024-02-07,508.99,West,Cost of Goods Sold,sample_gl
Actual,5000,2024-02-08,272.04,West,Cost of Goods Sold,sample_gl
Actual,5000,2024-02-13,7625.14,West,Cost of Goods Sold,sample_gl
Actual,5000,2024-02-14,2581.92,West,Cost of Goods Sold,sample_gl
Actual,5000,2024-02-23,19971.27,West,Cost of Goods Sold,sample_gl
Actual,5000,2024-02-23,5925.0,West,Cost of Goods Sold,sample_gl
Actual,5010,2024-02-01,154.55,North,Direct Labor,sample_gl
Actual,5010,2024-02-13,9065.95,North,Direct Labor,sample_gl
Actual,5010,2024-02-16,1763.12,North,Direct Labor,sample_gl
Actual,5010,2024-02-19,8610.68,North,Direct Labor,sample_gl
Actual,5010,2024-02-23,156.21,North,Direct Labor,sample_gl
Actual,5010,2024-02-25,2620.54,North,Direct Labor,sample_gl
Actual,5010,2024-02-28,2620.79,North,Direct Labor,sample_gl
Actual,5010,2024-02-29,1220.71,North,Direct Labor,sample_gl
Actual,5010,2024-02-01,2849.07,South,Direct Labor,sample_gl
Actual,5010,2024-02-08,835.27,South,Direct Labor,sample_gl
Actual,5010,2024-02-08,3819.17,South,Direct Labor,sample_gl
Actual,5010,2024-02-09,1522.16,South,Direct Labor,sample_gl
Actual,5010,2024-02-13,1408.01,South,Direct Labor,sample_gl
Actual,5010,2024-02-14,3457.13,South,Direct Labor,sample_gl
Actual,5010,2024-02-16,1269.86,South,Direct Labor,sample_gl
Actual,5010,2024-02-16,7162.6,South,Direct Labor,sample_gl
Actual,5010,2024-02-01,4610.69,West,Direct Labor,sample_gl
Actual,5010,2024-02-01,1989.8,West,Direct Labor,sample_gl
Actual,5010,2024-02-03,1704.85,West,Direct Labor,sample_gl
Actual,5010,2024-02-13,257.46,West,Direct Labor,sample_gl
Actual,5010,2024-02-19,2311.63,West,Direct Labor,sample_gl
Actual,5010,2024-02-19,661.85,West,Direct Labor,sample_gl
Actual,5010,2024-02-21,10456.8,West,Direct Labor,sample_gl
Actual,5010,2024-02-22,3378.14,West,Direct Labor,sample_gl
Actual,6000,2024-02-01,14546.63,North,Salaries & Wages,sample_gl
Actual,6000,2024-02-03,7875.14,North,Salaries & Wages,sample_gl
Actual,6000,2024-02-09,4602.45,North,Salaries & Wages,sample_gl
Actual,6000,2024-02-14,66.95,North,Salaries & Wages,sample_gl
Actual,6000,2024-02-16,4259.68,North,Salaries & Wages,sample_gl
Actual,6000,2024-02-24,1122.29,North,Salaries & Wages,sample_gl
Actual,6000,2024-02-27,9089.55,North,Salaries & Wages,sample_gl
Actual,6000,2024-02-27,3.83,North,Salaries & Wages,sample_gl
Actual,6000,2024-02-01,4406.54,South,Salaries & Wages,sample_gl
Actual,6000,2024-02-05,5464.55,South,Salaries & Wages,sample_gl
Actual,6000,2024-02-05,4339.59,South,Salaries & Wages,sample_gl
Actual,6000,2024-02-07,3703.48,South,Salaries & Wages,sample_gl
Actual,6000,2024-02-08,328.48,South,Salaries & Wages,sample_gl
Actual,6000,2024-02-08,5097.71,South,Salaries & Wages,sample_gl
Actual,6000,2024-02-20,13169.39,South,Salaries & Wages,sample_gl
Actual,6000,2024-02-27,2012.52,South,Salaries & Wages,sample_gl
Actual,6000,2024-02-01,8753.37,West,Salaries & Wages,sample_gl
Actual,6000,2024-02-04,7810.96,West,Salaries & Wages,sample_gl
Actual,6000,2024-02-06,8848.7,West,Salaries & Wages,sample_gl
Actual,6000,2024-02-10,719.46,West,Salaries & Wages,sample_gl
Actual,6000,2024-02-10,10525.14,West,Salaries & Wages,sample_gl
Actual,6000,2024-02-19,3418.49,West,Salaries & Wages,sample_gl
Actual,6000,2024-02-25,1476.08,West,Salaries & Wages,sample_gl
Actual,6000,2024-02-27,2583.22,West,Salaries & Wages,sample_gl
Actual,6010,2024-02-04,405.77,North,Rent & Facilities,sample_gl
Actual,6010,2024-02-08,275.53,North,Rent & Facilities,sample_gl
Actual,6010,2024-02-10,4582.29,North,Rent & Facilities,sample_gl
Actual,6010,2024-02-20,327.89,North,Rent & Facilities,sample_gl
Actual,6010,2024-02-22,944.43,North,Rent & Facilities,sample_gl
Actual,6010,2024-02-23,1330.91,North,Rent & Facilities,sample_gl
Actual,6010,2024-02-25,91.89,North,Rent & Facilities,sample_gl
Actual,6010,2024-02-28,1921.41,North,Rent & Facilities,sample_gl
Actual,6010,2024-02-04,2692.2,South,Rent & Facilities,sample_gl
Actual,6010,2024-02-12,1648.77,South,Rent & Facilities,sample_gl
Actual,6010,2024-02-14,2709.54,South,Rent & Facilities,sample_gl
Actual,6010,2024-02-14,264.02,South,Rent & Facilities,sample_gl
Actual,6010,2024-02-16,741.66,South,Rent & Facilities,sample_gl
Actual,6010,2024-02-21,204.43,South,Rent & Facilities,sample_gl
Actual,6010,2024-02-27,1363.3,South,Rent & Facilities,sample_gl
Actual,6010,2024-02-29,344.16,South,Rent & Facilities,sample_gl
Actual,6010,2024-02-14,862.94,West,Rent & Facilities,sample_gl
Actual,6010,2024-02-15,1565.32,West,Rent & Facilities,sample_gl
Actual,6010,2024-02-16,244.28,West,Rent & Facilities,sample_gl
Actual,6010,2024-02-18,1954.78,West,Rent & Facilities,sample_gl
Actual,6010,2024-02-19,3644.65,West,Rent & Facilities,sample_gl
Actual,6010,2024-02-24,208.93,West,Rent & Facilities,sample_gl
Actual,6010,2024-02-25,297.91,West,Rent & Facilities,sample_gl
Actual,6010,2024-02-27,1178.65,West,Rent & Facilities,sample_gl
Actual,6020,2024-02-01,97.24,North,Marketing,sample_gl
Actual,6020,2024-02-06,2549.21,North,Marketing,sample_gl
Actual,6020,2024-02-07,613.75,North,Marketing,sample_gl
Actual,6020,2024-02-11,3456.62,North,Marketing,sample_gl
Actual,6020,2024-02-12,925.82,North,Marketing,sample_gl
Actual,6020,2024-02-16,790.17,North,Marketing,sample_gl
Actual,6020,2024-02-16,648.92,North,Marketing,sample_gl
Actual,6020,2024-02-28,497.52,North,Marketing,sample_gl
Actual,6020,2024-02-03,950.49,South,Marketing,sample_gl
Actual,6020,2024-02-08,1313.0,South,Marketing,sample_gl
Actual,6020,2024-02-08,2749.99,South,Marketing,sample_gl
Actual,6020,2024-02-14,1584.08,South,Marketing,sample_gl
Actual,6020,2024-02-16,456.65,South,Marketing,sample_gl
Actual,6020,2024-02-18,12.03,South,Marketing,sample_gl
Actual,6020,2024-02-24,1033.15,South,Marketing,sample_gl
Actual,6020,2024-02-25,2115.08,South,Marketing,sample_gl
Actual,6020,2024-02-11,2547.6,West,Marketing,sample_gl
Actual,6020,2024-02-12,840.79,West,Marketing,sample_gl
Actual,6020,2024-02-14,98.63,West,Marketing,sample_gl
Actual,6020,2024-02-16,400.73,West,Marketing,sample_gl
Actual,6020,2024-02-17,1126.45,West,Marketing,sample_gl
Actual,6020,2024-02-18,2956.48,West,Marketing,sample_gl
Actual,6020,2024-02-18,238.66,West,Marketing,sample_gl
Actual,6020,2024-02-24,2841.33,West,Marketing,sample_gl
Actual,6030,2024-02-06,585.63,North,Software & Subscriptions,sample_gl
Actual,6030,2024-02-07,545.24,North,Software & Subscriptions,sample_gl
Actual,6030,2024-02-07,194.38,North,Software & Subscriptions,sample_gl
Actual,6030,2024-02-09,323.42,North,Software & Subscriptions,sample_gl
Actual,6030,2024-02-16,1407.71,North,Software & Subscriptions,sample_gl
Actual,6030,2024-02-23,1164.84,North,Software & Subscriptions,sample_gl
Actual,6030,2024-02-24,1468.2,North,Software & Subscriptions,sample_gl
Actual,6030,2024-02-25,136.28,North,Software & Subscriptions,sample_gl
Actual,6030,2024-02-02,61.92,South,Software & Subscriptions,sample_gl
Actual,6030,2024-02-02,455.97,South,Software & Subscriptions,sample_gl
Actual,6030,2024-02-05,917.53,South,Software & Subscriptions,sample_gl
Actual,6030,2024-02-09,981.26,South,Software & Subscriptions,sample_gl
Actual,6030,2024-02-10,803.46,South,Software & Subscriptions,sample_gl
Actual,6030,2024-02-18,580.16,South,Software & Subscriptions,sample_gl
Actual,6030,2024-02-18,965.72,South,Software & Subscriptions,sample_gl
Actual,6030,2024-02-23,282.25,South,Software & Subscriptions,sample_gl
Actual,6030,2024-02-02,333.36,West,Software & Subscriptions,sample_gl
Actual,6030,2024-02-04,440.7,West,Software & Subscriptions,sample_gl
Actual,6030,2024-02-06,1734.67,West,Software & Subscriptions,sample_gl
Actual,6030,2024-02-09,435.04,West,Software & Subscriptions,sample_gl
Actual,6030,2024-02-11,558.27,West,Software & Subscriptions,sample_gl
Actual,6030,2024-02-16,636.13,West,Software & Subscriptions,sample_gl
Actual,6030,2024-02-27,703.95,West,Software & Subscriptions,sample_gl
Actual,6030,2024-02-28,259.54,West,Software & Subscriptions,sample_gl
Actual,6040,2024-02-08,1313.17,North,Travel & Entertainment,sample_gl
Actual,6040,2024-02-14,366.65,North,Travel & Entertainment,sample_gl
Actual,6040,2024-02-18,213.97,North,Travel & Entertainment,sample_gl
Actual,6040,2024-02-20,617.38,North,Travel & Entertainment,sample_gl
Actual,6040,2024-02-20,87.86,North,Travel & Entertainment,sample_gl
Actual,6040,2024-02-20,826.57,North,Travel & Entertainment,sample_gl
Actual,6040,2024-02-25,586.52,North,Travel & Entertainment,sample_gl
Actual,6040,2024-02-26,404.06,North,Travel & Entertainment,sample_gl
Actual,6040,2024-02-02,322.75,South,Travel & Entertainment,sample_gl
Actual,6040,2024-02-04,299.53,South,Travel & Entertainment,sample_gl
Actual,6040,2024-02-07,331.28,South,Travel & Entertainment,sample_gl
Actual,6040,2024-02-07,98.51,South,Travel & Entertainment,sample_gl
Actual,6040,2024-02-20,571.95,South,Travel & Entertainment,sample_gl
Actual,6040,2024-02-21,570.37,South,Travel & Entertainment,sample_gl
Actual,6040,2024-02-24,546.14,South,Travel & Entertainment,sample_gl
Actual,6040,2024-02-25,1234.87,South,Travel & Entertainment,sample_gl
Actual,6040,2024-02-03,334.18,West,Travel & Entertainment,sample_gl
Actual,6040,2024-02-10,241.79,West,Travel & Entertainment,sample_gl
Actual,6040,2024-02-10,103.67,West,Travel & Entertainment,sample_gl
Actual,6040,2024-02-15,90.64,West,Travel & Entertainment,sample_gl
Actual,6040,2024-02-22,946.96,West,Travel & Entertainment,sample_gl
Actual,6040,2024-02-23,586.57,West,Travel & Entertainment,sample_gl
Actual,6040,2024-02-23,36.86,West,Travel & Entertainment,sample_gl
Actual,6040,2024-02-28,570.95,West,Travel & Entertainment,sample_gl
Actual,7000,2024-02-02,498.42,North,Interest Expense,sample_gl
Actual,7000,2024-02-03,166.61,North,Interest Expense,sample_gl
Actual,7000,2024-02-05,491.74,North,Interest Expense,sample_gl
Actual,7000,2024-02-05,76.16,North,Interest Expense,sample_gl
Actual,7000,2024-02-08,1048.49,North,Interest Expense,sample_gl
Actual,7000,2024-02-09,478.85,North,Interest Expense,sample_gl
Actual,7000,2024-02-21,241.61,North,Interest Expense,sample_gl
Actual,7000,2024-02-27,1006.19,North,Interest Expense,sample_gl
Actual,7000,2024-02-02,354.0,South,Interest Expense,sample_gl
Actual,7000,2024-02-03,616.48,South,Interest Expense,sample_gl
Actual,7000,2024-02-15,278.91,South,Interest Expense,sample_gl
Actual,7000,2024-02-16,425.25,South,Interest Expense,sample_gl
Actual,7000,2024-02-17,554.96,South,Interest Expense,sample_gl
Actual,7000,2024-02-18,1010.76,South,Interest Expense,sample_gl
Actual,7000,2024-02-20,488.22,South,Interest Expense,sample_gl
Actual,7000,2024-02-29,147.64,South,Interest Expense,sample_gl
Actual,7000,2024-02-01,657.2,West,Interest Expense,sample_gl
Actual,7000,2024-02-02,1046.56,West,Interest Expense,sample_gl
Actual,7000,2024-02-09,415.81,West,Interest Expense,sample_gl
Actual,7000,2024-02-19,179.09,West,Interest Expense,sample_gl
Actual,7000,2024-02-22,60.56,West,Interest Expense,sample_gl
Actual,7000,2024-02-25,379.35,West,Interest Expense,sample_gl
Actual,7000,2024-02-25,578.68,West,Interest Expense,sample_gl
Actual,7000,2024-02-27,303.91,West,Interest Expense,sample_gl
Actual,4000,2024-03-04,-45937.84,North,Product Revenue,sample_gl
Actual,4000,2024-03-06,-6628.2,North,Product Revenue,sample_gl
Actual,4000,2024-03-11,-19926.78,North,Product Revenue,sample_gl
Actual,4000,2024-03-11,-15184.8,North,Product Revenue,sample_gl
Actual,4000,2024-03-12,-22884.15,North,Product Revenue,sample_gl
Actual,4000,2024-03-14,-19109.15,North,Product Revenue,sample_gl
Actual,4000,2024-03-22,-20979.56,North,Product Revenue,sample_gl
Actual,4000,2024-03-28,-8735.37,North,Product Revenue,sample_gl
Actual,4000,2024-03-04,-192.28,South,Product Revenue,sample_gl
Actual,4000,2024-03-09,-8862.27,South,Product Revenue,sample_gl
Actual,4000,2024-03-11,-68116.53,South,Product Revenue,sample_gl
Actual,4000,2024-03-11,-9431.9,South,Product Revenue,sample_gl
Actual,4000,2024-03-13,-17405.22,South,Product Revenue,sample_gl
Actual,4000,2024-03-17,-33792.2,South,Product Revenue,sample_gl
Actual,4000,2024-03-25,-7423.55,South,Product Revenue,sample_gl
Actual,4000,2024-03-28,-21821.58,South,Product Revenue,sample_gl
Actual,4000,2024-03-02,-4291.83,West,Product Revenue,sample_gl
Actual,4000,2024-03-05,-41905.32,West,Product Revenue,sample_gl
Actual,4000,2024-03-07,-25861.72,West,Product Revenue,sample_gl
Actual,4000,2024-03-09,-21602.34,West,Product Revenue,sample_gl
Actual,4000,2024-03-10,-11857.47,West,Product Revenue,sample_gl
Actual,4000,2024-03-15,-13309.96,West,Product Revenue,sample_gl
Actual,4000,2024-03-18,-12120.95,West,Product Revenue,sample_gl
Actual,4000,2024-03-30,-17713.74,West,Product Revenue,sample_gl
Actual,4010,2024-03-01,-5881.32,North,Service Revenue,sample_gl
Actual,4010,2024-03-03,-7808.57,North,Service Revenue,sample_gl
Actual,4010,2024-03-04,-9413.97,North,Service Revenue,sample_gl
Actual,4010,2024-03-08,-1848.9,North,Service Revenue,sample_gl
Actual,4010,2024-03-14,-525.54,North,Service Revenue,sample_gl
Actual,4010,2024-03-18,-10400.73,North,Service Revenue,sample_gl
Actual,4010,2024-03-27,-5784.87,North,Service Revenue,sample_gl
Actual,4010,2024-03-30,-8404.29,North,Service Revenue,sample_gl
Actual,4010,2024-03-05,-16431.04,South,Service Revenue,sample_gl
Actual,4010,2024-03-07,-8249.5,South,Service Revenue,sample_gl
Actual,4010,2024-03-08,-5549.34,South,Service Revenue,sample_gl
Actual,4010,2024-03-13,-16759.25,South,Service Revenue,sample_gl
Actual,4010,2024-03-15,-4402.71,South,Service Revenue,sample_gl
Actual,4010,2024-03-18,-910.0,South,Service Revenue,sample_gl
Actual,4010,2024-03-20,-3266.74,South,Service Revenue,sample_gl
Actual,4010,2024-03-30,-3910.87,South,Service Revenue,sample_gl
Actual,4010,2024-03-01,-5038.5,West,Service Revenue,sample_gl
Actual,4010,2024-03-09,-6663.79,West,Service Revenue,sample_gl
Actual,4010,2024-03-10,-4900.19,West,Service Revenue,sample_gl
Actual,4010,2024-03-10,-1659.44,West,Service Revenue,sample_gl
Actual,4010,2024-03-17,-452.22,West,Service Revenue,sample_gl
Actual,4010,2024-03-24,-1187.45,West,Service Revenue,sample_gl
Actual,4010,2024-03-27,-13968.68,West,Service Revenue,sample_gl
Actual,4010,2024-03-27,-37.22,West,Service Revenue,sample_gl
Actual,5000,2024-03-07,18397.02,North,Cost of Goods Sold,sample_gl
Actual,5000,2024-03-08,3645.84,North,Cost of Goods Sold,sample_gl
Actual,5000,2024-03-08,1708.24,North,Cost of Goods Sold,sample_gl
Actual,5000,2024-03-11,3596.48,North,Cost of Goods Sold,sample_gl
Actual,5000,2024-03-13,22147.27,North,Cost of Goods Sold,sample_gl
Actual,5000,2024-03-19,3319.87,North,Cost of Goods Sold,sample_gl
Actual,5000,2024-03-23,4335.58,North,Cost of Goods Sold,sample_gl
Actual,5000,2024-03-28,669.9,North,Cost of Goods Sold,sample_gl
Actual,5000,2024-03-02,28263.65,South,Cost of Goods Sold,sample_gl
Actual,5000,2024-03-05,1066.97,South,Cost of Goods Sold,sample_gl
Actual,5000,2024-03-05,2911.9,South,Cost of Goods Sold,sample_gl
Actual,5000,2024-03-16,1518.75,South,Cost of Goods Sold,sample_gl
Actual,5000,2024-03-21,4122.94,South,Cost of Goods Sold,sample_gl
Actual,5000,2024-03-26,17942.63,South,Cost of Goods Sold,sample_gl
Actual,5000,2024-03-27,288.22,South,Cost of Goods Sold,sample_gl
Actual,5000,2024-03-31,8075.83,South,Cost of Goods Sold,sample_gl
Actual,5000,2024-03-03,20643.76,West,Cost of Goods Sold,sample_gl
Actual,5000,2024-03-05,4129.79,West,Cost of Goods Sold,sample_gl
Actual,5000,2024-03-09,17590.56,West,Cost of Goods Sold,sample_gl
Actual,5000,2024-03-11,2794.64,West,Cost of Goods Sold,sample_gl
Actual,5000,2024-03-16,10369.48,West,Cost of Goods Sold,sample_gl
Actual,5000,2024-03-20,37.55,West,Cost of Goods Sold,sample_gl
Actual,5000,2024-03-21,456.4,West,Cost of Goods Sold,sample_gl
Actual,5000,2024-03-26,9169.76,West,Cost of Goods Sold,sample_gl
Actual,5010,2024-03-02,1593.78,North,Direct Labor,sample_gl
Actual,5010,2024-03-16,699.33,North,Direct Labor,sample_gl
Actual,5010,2024-03-18,7815.72,North,Direct Labor,sample_gl
Actual,5010,2024-03-20,4593.29,North,Direct Labor,sample_gl
Actual,5010,2024-03-23,2692.89,North,Direct Labor,sample_gl
Actual,5010,2024-03-25,4056.91,North,Direct Labor,sample_gl
Actual,5010,2024-03-28,1781.9,North,Direct Labor,sample_gl
Actual,5010,2024-03-29,59.96,North,Direct Labor,sample_gl
Actual,5010,2024-03-01,3224.69,South,Direct Labor,sample_gl
Actual,5010,2024-03-02,3274.05,South,Direct Labor,sample_gl
Actual,5010,2024-03-06,1804.81,South,Direct Labor,sample_gl
Actual,5010,2024-03-10,3462.95,South,Direct Labor,sample_gl
Actual,5010,2024-03-11,770.05,South,Direct Labor,sample_gl
Actual,5010,2024-03-15,5019.5,South,Direct Labor,sample_gl
Actual,5010,2024-03-23,80.28,South,Direct Labor,sample_gl
Actual,5010,2024-03-29,4515.87,South,Direct Labor,sample_gl
Actual,5010,2024-03-03,203.23,West,Direct Labor,sample_gl
Actual,5010,2024-03-06,2891.9,West,Direct Labor,sample_gl
Actual,5010,2024-03-06,2113.17,West,Direct Labor,sample_gl
Actual,5010,2024-03-13,284.34,West,Direct Labor,sample_gl
Actual,5010,2024-03-20,29.18,West,Direct Labor,sample_gl
Actual,5010,2024-03-20,4451.24,West,Direct Labor,sample_gl
Actual,5010,2024-03-22,9768.24,West,Direct Labor,sample_gl
Actual,5010,2024-03-28,1885.2,West,Direct Labor,sample_gl
Actual,6000,2024-03-03,12543.87,North,Salaries & Wages,sample_gl
Actual,6000,2024-03-06,124.43,North,Salaries & Wages,sample_gl
Actual,6000,2024-03-12,6487.34,North,Salaries & Wages,sample_gl
Actual,6000,2024-03-15,9789.98,North,Salaries & Wages,sample_gl
Actual,6000,2024-03-18,6835.69,North,Salaries & Wages,sample_gl
Actual,6000,2024-03-19,4557.64,North,Salaries & Wages,sample_gl
Actual,6000,2024-03-22,1565.9,North,Salaries & Wages,sample_gl
Actual,6000,2024-03-31,26.27,North,Salaries & Wages,sample_gl
Actual,6000,2024-03-04,9496.22,South,Salaries & Wages,sample_gl
Actual,6000,2024-03-08,717.9,South,Salaries & Wages,sample_gl
Actual,6000,2024-03-10,9365.37,South,Salaries & Wages,sample_gl
Actual,6000,2024-03-12,3193.34,South,Salaries & Wages,sample_gl
Actual,6000,2024-03-13,953.83,South,Salaries & Wages,sample_gl
Actual,6000,2024-03-19,2036.71,South,Salaries & Wages,sample_gl
Actual,6000,2024-03-19,8070.65,South,Salaries & Wages,sample_gl
Actual,6000,2024-03-23,763.06,South,Salaries & Wages,sample_gl
Actual,6000,2024-03-08,15315.42,West,Salaries & Wages,sample_gl
Actual,6000,2024-03-10,11073.74,West,Salaries & Wages,sample_gl
Actual,6000,2024-03-16,601.02,West,Salaries & Wages,sample_gl
Actual,6000,2024-03-25,683.64,West,Salaries & Wages,sample_gl
Actual,6000,2024-03-26,980.84,West,Salaries & Wages,sample_gl
Actual,6000,2024-03-27,807.8,West,Salaries & Wages,sample_gl
Actual,6000,2024-03-29,1876.34,West,Salaries & Wages,sample_gl
Actual,6000,2024-03-29,12131.26,West,Salaries & Wages,sample_gl
Actual,6010,2024-03-02,913.78,North,Rent & Facilities,sample_gl
Actual,6010,2024-03-04,2078.07,North,Rent & Facilities,sample_gl
Actual,6010,2024-03-05,140.13,North,Rent & Facilities,sample_gl
Actual,6010,2024-03-21,1337.11,North,Rent & Facilities,sample_gl
Actual,6010,2024-03-21,1406.66,North,Rent & Facilities,sample_gl
Actual,6010,2024-03-21,1548.95,North,Rent & Facilities,sample_gl
Actual,6010,2024-03-27,153.3,North,Rent & Facilities,sample_gl
Actual,6010,2024-03-29,2560.05,North,Rent & Facilities,sample_gl
Actual,6010,2024-03-09,1658.6,South,Rent & Facilities,sample_gl
Actual,6010,2024-03-12,1316.41,South,Rent & Facilities,sample_gl
Actual,6010,2024-03-17,5131.61,South,Rent & Facilities,sample_gl
Actual,6010,2024-03-17,666.93,South,Rent & Facilities,sample_gl
Actual,6010,2024-03-18,440.01,South,Rent & Facilities,sample_gl
Actual,6010,2024-03-27,303.8,South,Rent & Facilities,sample_gl
Actual,6010,2024-03-29,233.82,South,Rent & Facilities,sample_gl
Actual,6010,2024-03-30,328.77,South,Rent & Facilities,sample_gl
Actual,6010,2024-03-03,917.34,West,Rent & Facilities,sample_gl
Actual,6010,2024-03-05,3090.93,West,Rent & Facilities,sample_gl
Actual,6010,2024-03-08,28.82,West,Rent & Facilities,sample_gl
Actual,6010,2024-03-15,1624.35,West,Rent & Facilities,sample_gl
Actual,6010,2024-03-25,1189.49,West,Rent & Facilities,sample_gl
Actual,6010,2024-03-28,19.48,West,Rent & Facilities,sample_gl
Actual,6010,2024-03-31,1721.05,West,Rent & Facilities,sample_gl
Actual,6010,2024-03-31,1567.0,West,Rent & Facilities,sample_gl
Actual,6020,2024-03-09,4296.99,North,Marketing,sample_gl
Actual,6020,2024-03-12,569.44,North,Marketing,sample_gl
Actual,6020,2024-03-13,1310.08,North,Marketing,sample_gl
Actual,6020,2024-03-19,1939.77,North,Marketing,sample_gl
Actual,6020,2024-03-22,248.94,North,Marketing,sample_gl
Actual,6020,2024-03-22,475.38,North,Marketing,sample_gl
Actual,6020,2024-03-24,3515.25,North,Marketing,sample_gl
Actual,6020,2024-03-27,744.5,North,Marketing,sample_gl
Actual,6020,2024-03-03,591.34,South,Marketing,sample_gl
Actual,6020,2024-03-08,129.27,South,Marketing,sample_gl
Actual,6020,2024-03-15,1124.67,South,Marketing,sample_gl
Actual,6020,2024-03-20,8.83,South,Marketing,sample_gl
Actual,6020,2024-03-21,8462.97,South,Marketing,sample_gl
Actual,6020,2024-03-21,823.75,South,Marketing,sample_gl
Actual,6020,2024-03-27,4685.47,South,Marketing,sample_gl
Actual,6020,2024-03-30,64.72,South,Marketing,sample_gl
Actual,6020,2024-03-12,7522.44,West,Marketing,sample_gl
Actual,6020,2024-03-13,656.56,West,Marketing,sample_gl
Actual,6020,2024-03-15,394.26,West,Marketing,sample_gl
Actual,6020,2024-03-22,546.85,West,Marketing,sample_gl
Actual,6020,2024-03-23,998.14,West,Marketing,sample_gl
Actual,6020,2024-03-24,1491.34,West,Marketing,sample_gl
Actual,6020,2024-03-31,720.24,West,Marketing,sample_gl
Actual,6020,2024-03-31,1595.67,West,Marketing,sample_gl
Actual,6030,2024-03-02,1375.16,North,Software & Subscriptions,sample_gl
Actual,6030,2024-03-07,737.19,North,Software & Subscriptions,sample_gl
Actual,6030,2024-03-09,27.08,North,Software & Subscriptions,sample_gl
Actual,6030,2024-03-12,450.56,North,Software & Subscriptions,sample_gl
Actual,6030,2024-03-15,1165.6,North,Software & Subscriptions,sample_gl
Actual,6030,2024-03-23,1496.06,North,Software & Subscriptions,sample_gl
Actual,6030,2024-03-31,461.46,North,Software & Subscriptions,sample_gl
Actual,6030,2024-03-31,111.08,North,Software & Subscriptions,sample_gl
Actual,6030,2024-03-03,278.05,South,Software & Subscriptions,sample_gl
Actual,6030,2024-03-04,887.97,South,Software & Subscriptions,sample_gl
Actual,6030,2024-03-15,667.4,South,Software & Subscriptions,sample_gl
Actual,6030,2024-03-22,1682.1,South,Software & Subscriptions,sample_gl
Actual,6030,2024-03-27,810.78,South,Software & Subscriptions,sample_gl
Actual,6030,2024-03-28,1012.15,South,Software & Subscriptions,sample_gl
Actual,6030,2024-03-31,97.45,South,Software & Subscriptions,sample_gl
Actual,6030,2024-03-31,61.46,South,Software & Subscriptions,sample_gl
Actual,6030,2024-03-03,1211.34,West,Software & Subscriptions,sample_gl
Actual,6030,2024-03-07,230.19,West,Software & Subscriptions,sample_gl
Actual,6030,2024-03-07,1656.93,West,Software & Subscriptions,sample_gl
Actual,6030,2024-03-07,927.42,West,Software & Subscriptions,sample_gl
Actual,6030,2024-03-18,74.22,West,Software & Subscriptions,sample_gl
Actual,6030,2024-03-19,126.9,West,Software & Subscriptions,sample_gl
Actual,6030,2024-03-25,888.88,West,Software & Subscriptions,sample_gl
Actual,6030,2024-03-27,83.04,West,Software & Subscriptions,sample_gl
Actual,6040,2024-03-01,85.29,North,Travel & Entertainment,sample_gl
Actual,6040,2024-03-01,599.79,North,Travel & Entertainment,sample_gl
Actual,6040,2024-03-04,749.13,North,Travel & Entertainment,sample_gl
Actual,6040,2024-03-05,501.95,North,Travel & Entertainment,sample_gl
Actual,6040,2024-03-06,338.97,North,Travel & Entertainment,sample_gl
Actual,6040,2024-03-22,907.39,North,Travel & Entertainment,sample_gl
Actual,6040,2024-03-26,1078.64,North,Travel & Entertainment,sample_gl
Actual,6040,2024-03-28,1143.45,North,Travel & Entertainment,sample_gl
Actual,6040,2024-03-03,702.46,South,Travel & Entertainment,sample_gl
Actual,6040,2024-03-04,730.7,South,Travel & Entertainment,sample_gl
Actual,6040,2024-03-12,449.16,South,Travel & Entertainment,sample_gl
Actual,6040,2024-03-15,67.98,South,Travel & Entertainment,sample_gl
Actual,6040,2024-03-16,138.86,South,Travel & Entertainment,sample_gl
Actual,6040,2024-03-17,216.68,South,Travel & Entertainment,sample_gl
Actual,6040,2024-03-24,575.51,South,Travel & Entertainment,sample_gl
Actual,6040,2024-03-25,289.32,South,Travel & Entertainment,sample_gl
Actual,6040,2024-03-01,168.84,West,Travel & Entertainment,sample_gl
Actual,6040,2024-03-02,20.07,West,Travel & Entertainment,sample_gl
Actual,6040,2024-03-04,18.76,West,Travel & Entertainment,sample_gl
Actual,6040,2024-03-13,499.26,West,Travel & Entertainment,sample_gl
Actual,6040,2024-03-14,553.31,West,Travel & Entertainment,sample_gl
Actual,6040,2024-03-16,303.39,West,Travel & Entertainment,sample_gl
Actual,6040,2024-03-22,774.76,West,Travel & Entertainment,sample_gl
Actual,6040,2024-03-28,232.11,West,Travel & Entertainment,sample_gl
Actual,7000,2024-03-11,483.61,North,Interest Expense,sample_gl
Actual,7000,2024-03-13,762.88,North,Interest Expense,sample_gl
Actual,7000,2024-03-17,571.9,North,Interest Expense,sample_gl
Actual,7000,2024-03-18,318.5,North,Interest Expense,sample_gl
Actual,7000,2024-03-19,630.48,North,Interest Expense,sample_gl
Actual,7000,2024-03-20,584.92,North,Interest Expense,sample_gl
Actual,7000,2024-03-21,357.63,North,Interest Expense,sample_gl
Actual,7000,2024-03-23,516.92,North,Interest Expense,sample_gl
Actual,7000,2024-03-08,938.85,South,Interest Expense,sample_gl
Actual,7000,2024-03-11,212.29,South,Interest Expense,sample_gl
Actual,7000,2024-03-14,0.09,South,Interest Expense,sample_gl
Actual,7000,2024-03-14,317.44,South,Interest Expense,sample_gl
Actual,7000,2024-03-15,1061.15,South,Interest Expense,sample_gl
Actual,7000,2024-03-15,157.62,South,Interest Expense,sample_gl
Actual,7000,2024-03-27,825.0,South,Interest Expense,sample_gl
Actual,7000,2024-03-29,170.94,South,Interest Expense,sample_gl
Actual,7000,2024-03-03,233.58,West,Interest Expense,sample_gl
Actual,7000,2024-03-03,273.12,West,Interest Expense,sample_gl
Actual,7000,2024-03-03,944.46,West,Interest Expense,sample_gl
Actual,7000,2024-03-03,736.14,West,Interest Expense,sample_gl
Actual,7000,2024-03-04,421.86,West,Interest Expense,sample_gl
Actual,7000,2024-03-14,290.41,West,Interest Expense,sample_gl
Actual,7000,2024-03-16,825.7,West,Interest Expense,sample_gl
Actual,7000,2024-03-27,168.91,West,Interest Expense,sample_gl
Actual,4000,2024-04-02,-14292.06,North,Product Revenue,sample_gl
Actual,4000,2024-04-10,-7053.51,North,Product Revenue,sample_gl
Actual,4000,2024-04-14,-21757.85,North,Product Revenue,sample_gl
Actual,4000,2024-04-20,-5196.03,North,Product Revenue,sample_gl
Actual,4000,2024-04-24,-18220.27,North,Product Revenue,sample_gl
Actual,4000,2024-04-25,-3479.62,North,Product Revenue,sample_gl
Actual,4000,2024-04-28,-46885.2,North,Product Revenue,sample_gl
Actual,4000,2024-04-30,-21068.97,North,Product Revenue,sample_gl
Actual,4000,2024-04-04,-79250.45,South,Product Revenue,sample_gl
Actual,4000,2024-04-08,-23570.8,South,Product Revenue,sample_gl
Actual,4000,2024-04-09,-780.47,South,Product Revenue,sample_gl
Actual,4000,2024-04-12,-8870.26,South,Product Revenue,sample_gl
Actual,4000,2024-04-18,-2350.83,South,Product Revenue,sample_gl
Actual,4000,2024-04-19,-9834.99,South,Product Revenue,sample_gl
Actual,4000,2024-04-25,-17075.17,South,Product Revenue,sample_gl
Actual,4000,2024-04-26,-42951.63,South,Product Revenue,sample_gl
Actual,4000,2024-04-01,-10621.49,West,Product Revenue,sample_gl
Actual,4000,2024-04-06,-11244.36,West,Product Revenue,sample_gl
Actual,4000,2024-04-09,-5823.82,West,Product Revenue,sample_gl
Actual,4000,2024-04-10,-25890.41,West,Product Revenue,sample_gl
Actual,4000,2024-04-11,-46756.76,West,Product Revenue,sample_gl
Actual,4000,2024-04-23,-12764.4,West,Product Revenue,sample_gl
Actual,4000,2024-04-25,-35235.53,West,Product Revenue,sample_gl
Actual,4000,2024-04-30,-4302.86,West,Product Revenue,sample_gl
Actual,4010,2024-04-03,-6444.04,North,Service Revenue,sample_gl
Actual,4010,2024-04-07,-75.77,North,Service Revenue,sample_gl
Actual,4010,2024-04-11,-6388.05,North,Service Revenue,sample_gl
Actual,4010,2024-04-13,-527.91,North,Service Revenue,sample_gl
Actual,4010,2024-04-14,-11259.51,North,Service Revenue,sample_gl
Actual,4010,2024-04-15,-11892.3,North,Service Revenue,sample_gl
Actual,4010,2024-04-17,-2405.03,North,Service Revenue,sample_gl
Actual,4010,2024-04-24,-2426.88,North,Service Revenue,sample_gl
Actual,4010,2024-04-03,-5551.07,South,Service Revenue,sample_gl
Actual,4010,2024-04-09,-5240.17,South,Service Revenue,sample_gl
Actual,4010,2024-04-14,-6487.89,South,Service Revenue,sample_gl
Actual,4010,2024-04-15,-3454.64,South,Service Revenue,sample_gl
Actual,4010,2024-04-15,-4913.96,South,Service Revenue,sample_gl
Actual,4010,2024-04-16,-4044.19,South,Service Revenue,sample_gl
Actual,4010,2024-04-20,-4259.23,South,Service Revenue,sample_gl
Actual,4010,2024-04-22,-16108.21,South,Service Revenue,sample_gl
Actual,4010,2024-04-02,-367.99,West,Service Revenue,sample_gl
Actual,4010,2024-04-02,-2.05,West,Service Revenue,sample_gl
Actual,4010,2024-04-08,-6199.5,West,Service Revenue,sample_gl
Actual,4010,2024-04-10,-3542.4,West,Service Revenue,sample_gl
Actual,4010,2024-04-13,-2119.98,West,Service Revenue,sample_gl
Actual,4010,2024-04-17,-2197.26,West,Service Revenue,sample_gl
Actual,4010,2024-04-20,-1278.29,West,Service Revenue,sample_gl
Actual,4010,2024-04-22,-32163.29,West,Service Revenue,sample_gl
Actual,5000,2024-04-08,1247.61,North,Cost of Goods Sold,sample_gl
Actual,5000,2024-04-13,1568.43,North,Cost of Goods Sold,sample_gl
Actual,5000,2024-04-17,1981.99,North,Cost of Goods Sold,sample_gl
Actual,5000,2024-04-18,48870.3,North,Cost of Goods Sold,sample_gl
Actual,5000,2024-04-18,3698.88,North,Cost of Goods Sold,sample_gl
Actual,5000,2024-04-22,23.01,North,Cost of Goods Sold,sample_gl
Actual,5000,2024-04-23,3931.09,North,Cost of Goods Sold,sample_gl
Actual,5000,2024-04-27,5248.18,North,Cost of Goods Sold,sample_gl
Actual,5000,2024-04-10,1282.41,South,Cost of Goods Sold,sample_gl
Actual,5000,2024-04-13,5799.29,South,Cost of Goods Sold,sample_gl
Actual,5000,2024-04-14,12887.42,South,Cost of Goods Sold,sample_gl
Actual,5000,2024-04-14,18037.73,South,Cost of Goods Sold,sample_gl
Actual,5000,2024-04-19,11264.28,South,Cost of Goods Sold,sample_gl
Actual,5000,2024-04-19,1887.89,South,Cost of Goods Sold,sample_gl
Actual,5000,2024-04-21,5395.13,South,Cost of Goods Sold,sample_gl
Actual,5000,2024-04-23,4933.14,South,Cost of Goods Sold,sample_gl
Actual,5000,2024-04-03,9161.05,West,Cost of Goods Sold,sample_gl
Actual,5000,2024-04-08,4346.95,West,Cost of Goods Sold,sample_gl
Actual,5000,2024-04-13,11419.86,West,Cost of Goods Sold,sample_gl
Actual,5000,2024-04-13,1831.3,West,Cost of Goods Sold,sample_gl
Actual,5000,2024-04-14,517.77,West,Cost of Goods Sold,sample_gl
Actual,5000,2024-04-17,13693.27,West,Cost of Goods Sold,sample_gl
Actual,5000,2024-04-19,42.68,West,Cost of Goods Sold,sample_gl
Actual,5000,2024-04-28,39328.41,West,Cost of Goods Sold,sample_gl
Actual,5010,2024-04-12,2264.25,North,Direct Labor,sample_gl
Actual,5010,2024-04-12,824.87,North,Direct Labor,sample_gl
Actual,5010,2024-04-21,1348.73,North,Direct Labor,sample_gl
Actual,5010,2024-04-24,155.65,North,Direct Labor,sample_gl
Actual,5010,2024-04-25,619.88,North,Direct Labor,sample_gl
Actual,5010,2024-04-27,2478.07,North,Direct Labor,sample_gl
Actual,5010,2024-04-27,15119.9,North,Direct Labor,sample_gl
Actual,5010,2024-04-29,7237.1,North,Direct Labor,sample_gl
Actual,5010,2024-04-15,9843.38,South,Direct Labor,sample_gl
Actual,5010,2024-04-15,220.11,South,Direct Labor,sample_gl
Actual,5010,2024-04-19,3629.07,South,Direct Labor,sample_gl
Actual,5010,2024-04-19,6327.79,South,Direct Labor,sample_gl
Actual,5010,2024-04-22,7443.32,South,Direct Labor,sample_gl
Actual,5010,2024-04-25,2768.79,South,Direct Labor,sample_gl
Actual,5010,2024-04-25,484.45,South,Direct Labor,sample_gl
Actual,5010,2024-04-30,419.34,South,Direct Labor,sample_gl
Actual,5010,2024-04-02,949.75,West,Direct Labor,sample_gl
Actual,5010,2024-04-09,923.89,West,Direct Labor,sample_gl
Actual,5010,2024-04-10,5376.32,West,Direct Labor,sample_gl
Actual,5010,2024-04-15,1638.13,West,Direct Labor,sample_gl
Actual,5010,2024-04-16,424.16,West,Direct Labor,sample_gl
Actual,5010,2024-04-19,2348.78,West,Direct Labor,sample_gl
Actual,5010,2024-04-21,4619.64,West,Direct Labor,sample_gl
Actual,5010,2024-04-26,8973.74,West,Direct Labor,sample_gl
Actual,6000,2024-04-13,6207.7,North,Salaries & Wages,sample_gl
Actual,6000,2024-04-15,7022.63,North,Salaries & Wages,sample_gl
Actual,6000,2024-04-17,5275.52,North,Salaries & Wages,sample_gl
Actual,6000,2024-04-18,1065.55,North,Salaries & Wages,sample_gl
Actual,6000,2024-04-19,7250.7,North,Salaries & Wages,sample_gl
Actual,6000,2024-04-20,6500.57,North,Salaries & Wages,sample_gl
Actual,6000,2024-04-24,3541.27,North,Salaries & Wages,sample_gl
Actual,6000,2024-04-26,4284.51,North,Salaries & Wages,sample_gl
Actual,6000,2024-04-02,1559.25,South,Salaries & Wages,sample_gl
Actual,6000,2024-04-04,1800.05,South,Salaries & Wages,sample_gl
Actual,6000,2024-04-11,17517.28,South,Salaries & Wages,sample_gl
Actual,6000,2024-04-15,3415.38,South,Salaries & Wages,sample_gl
Actual,6000,2024-04-23,1446.9,South,Salaries & Wages,sample_gl
Actual,6000,2024-04-26,2449.67,South,Salaries & Wages,sample_gl
Actual,6000,2024-04-27,11287.98,South,Salaries & Wages,sample_gl
Actual,6000,2024-04-29,359.08,South,Salaries & Wages,sample_gl
Actual,6000,2024-04-02,9093.91,West,Salaries & Wages,sample_gl
Actual,6000,2024-04-11,2803.82,West,Salaries & Wages,sample_gl
Actual,6000,2024-04-13,178.94,West,Salaries & Wages,sample_gl
Actual,6000,2024-04-14,1873.48,West,Salaries & Wages,sample_gl
Actual,6000,2024-04-20,6185.37,West,Salaries & Wages,sample_gl
Actual,6000,2024-04-22,2631.63,West,Salaries & Wages,sample_gl
Actual,6000,2024-04-25,7963.79,West,Salaries & Wages,sample_gl
Actual,6000,2024-04-26,5356.61,West,Salaries & Wages,sample_gl
Actual,6010,2024-04-03,1493.84,North,Rent & Facilities,sample_gl
Actual,6010,2024-04-05,2201.15,North,Rent & Facilities,sample_gl
Actual,6010,2024-04-11,445.08,North,Rent & Facilities,sample_gl
Actual,6010,2024-04-19,2145.07,North,Rent & Facilities,sample_gl
Actual,6010,2024-04-20,1092.57,North,Rent & Facilities,sample_gl
Actual,6010,2024-04-22,2529.96,North,Rent & Facilities,sample_gl
Actual,6010,2024-04-28,313.65,North,Rent & Facilities,sample_gl
Actual,6010,2024-04-30,341.21,North,Rent & Facilities,sample_gl
Actual,6010,2024-04-05,180.14,South,Rent & Facilities,sample_gl
Actual,6010,2024-04-11,743.31,South,Rent & Facilities,sample_gl
Actual,6010,2024-04-22,2128.6,South,Rent & Facilities,sample_gl
Actual,6010,2024-04-23,1972.57,South,Rent & Facilities,sample_gl
Actual,6010,2024-04-24,1600.48,South,Rent & Facilities,sample_gl
Actual,6010,2024-04-26,2391.24,South,Rent & Facilities,sample_gl
Actual,6010,2024-04-27,837.12,South,Rent & Facilities,sample_gl
Actual,6010,2024-04-27,28.02,South,Rent & Facilities,sample_gl
Actual,6010,2024-04-05,388.86,West,Rent & Facilities,sample_gl
Actual,6010,2024-04-05,406.07,West,Rent & Facilities,sample_gl
Actual,6010,2024-04-07,246.99,West,Rent & Facilities,sample_gl
Actual,6010,2024-04-07,6899.37,West,Rent & Facilities,sample_gl
Actual,6010,2024-04-08,661.83,West,Rent & Facilities,sample_gl
Actual,6010,2024-04-11,95.89,West,Rent & Facilities,sample_gl
Actual,6010,2024-04-16,404.38,West,Rent & Facilities,sample_gl
Actual,6010,2024-04-25,1198.27,West,Rent & Facilities,sample_gl
Actual,6020,2024-04-05,1475.34,North,Marketing,sample_gl
Actual,6020,2024-04-05,641.61,North,Marketing,sample_gl
Actual,6020,2024-04-06,1544.76,North,Marketing,sample_gl
Actual,6020,2024-04-06,238.98,North,Marketing,sample_gl
Actual,6020,2024-04-13,2127.28,North,Marketing,sample_gl
Actual,6020,2024-04-20,844.31,North,Marketing,sample_gl
Actual,6020,2024-04-23,338.19,North,Marketing,sample_gl
Actual,6020,2024-04-27,1701.86,North,Marketing,sample_gl
Actual,6020,2024-04-08,6382.22,South,Marketing,sample_gl
Actual,6020,2024-04-10,1203.84,South,Marketing,sample_gl
Actual,6020,2024-04-15,2086.54,South,Marketing,sample_gl
Actual,6020,2024-04-15,1340.42,South,Marketing,sample_gl
Actual,6020,2024-04-20,5663.39,South,Marketing,sample_gl
Actual,6020,2024-04-24,546.3,South,Marketing,sample_gl
Actual,6020,2024-04-25,2310.14,South,Marketing,sample_gl
Actual,6020,2024-04-26,1090.34,South,Marketing,sample_gl
Actual,6020,2024-04-06,984.71,West,Marketing,sample_gl
Actual,6020,2024-04-10,2783.87,West,Marketing,sample_gl
Actual,6020,2024-04-13,3236.71,West,Marketing,sample_gl
Actual,6020,2024-04-14,2064.13,West,Marketing,sample_gl
Actual,6020,2024-04-17,2341.43,West,Marketing,sample_gl
Actual,6020,2024-04-17,5063.92,West,Marketing,sample_gl
Actual,6020,2024-04-25,1156.66,West,Marketing,sample_gl
Actual,6020,2024-04-27,1239.97,West,Marketing,sample_gl
Actual,6030,2024-04-03,451.93,North,Software & Subscriptions,sample_gl
Actual,6030,2024-04-04,338.03,North,Software & Subscriptions,sample_gl
Actual,6030,2024-04-10,1424.1,North,Software & Subscriptions,sample_gl
Actual,6030,2024-04-17,315.53,North,Software & Subscriptions,sample_gl
Actual,6030,2024-04-23,1494.78,North,Software & Subscriptions,sample_gl
Actual,6030,2024-04-25,70.68,North,Software & Subscriptions,sample_gl
Actual,6030,2024-04-28,391.54,North,Software & Subscriptions,sample_gl
Actual,6030,2024-04-28,440.99,North,Software & Subscriptions,sample_gl
Actual,6030,2024-04-02,173.42,South,Software & Subscriptions,sample_gl
Actual,6030,2024-04-03,673.14,South,Software & Subscriptions,sample_gl
Actual,6030,2024-04-08,1460.04,South,Software & Subscriptions,sample_gl
Actual,6030,2024-04-12,1692.19,South,Software & Subscriptions,sample_gl
Actual,6030,2024-04-13,870.07,South,Software & Subscriptions,sample_gl
Actual,6030,2024-04-13,294.06,South,Software & Subscriptions,sample_gl
Actual,6030,2024-04-14,563.86,South,Software & Subscriptions,sample_gl
Actual,6030,2024-04-17,425.58,South,Software & Subscriptions,sample_gl
Actual,6030,2024-04-05,20.9,West,Software & Subscriptions,sample_gl
Actual,6030,2024-04-10,294.37,West,Software & Subscriptions,sample_gl
Actual,6030,2024-04-16,703.13,West,Software & Subscriptions,sample_gl
Actual,6030,2024-04-23,766.72,West,Software & Subscriptions,sample_gl
Actual,6030,2024-04-25,398.74,West,Software & Subscriptions,sample_gl
Actual,6030,2024-04-27,623.68,West,Software & Subscriptions,sample_gl
Actual,6030,2024-04-27,515.03,West,Software & Subscriptions,sample_gl
Actual,6030,2024-04-30,656.73,West,Software & Subscriptions,sample_gl
Actual,6040,2024-04-02,50.0,North,Travel & Entertainment,sample_gl
Actual,6040,2024-04-04,287.26,North,Travel & Entertainment,sample_gl
Actual,6040,2024-04-04,939.97,North,Travel & Entertainment,sample_gl
Actual,6040,2024-04-08,113.44,North,Travel & Entertainment,sample_gl
Actual,6040,2024-04-08,424.78,North,Travel & Entertainment,sample_gl
Actual,6040,2024-04-10,599.82,North,Travel & Entertainment,sample_gl
Actual,6040,2024-04-10,338.45,North,Travel & Entertainment,sample_gl
Actual,6040,2024-04-25,288.57,North,Travel & Entertainment,sample_gl
Actual,6040,2024-04-01,88.83,South,Travel & Entertainment,sample_gl
Actual,6040,2024-04-05,23.54,South,Travel & Entertainment,sample_gl
Actual,6040,2024-04-08,203.38,South,Travel & Entertainment,sample_gl
Actual,6040,2024-04-10,231.01,South,Travel & Entertainment,sample_gl
Actual,6040,2024-04-14,260.2,South,Travel & Entertainment,sample_gl
Actual,6040,2024-04-17,65.05,South,Travel & Entertainment,sample_gl
Actual,6040,2024-04-19,407.26,South,Travel & Entertainment,sample_gl
Actual,6040,2024-04-23,33.27,South,Travel & Entertainment,sample_gl
Actual,6040,2024-04-01,93.01,West,Travel & Entertainment,sample_gl
Actual,6040,2024-04-02,238.95,West,Travel & Entertainment,sample_gl
Actual,6040,2024-04-13,159.66,West,Travel & Entertainment,sample_gl
Actual,6040,2024-04-16,22.31,West,Travel & Entertainment,sample_gl
Actual,6040,2024-04-17,18.69,West,Travel & Entertainment,sample_gl
Actual,6040,2024-04-18,372.02,West,Travel & Entertainment,sample_gl
Actual,6040,2024-04-21,124.2,West,Travel & Entertainment,sample_gl
Actual,6040,2024-04-28,347.87,West,Travel & Entertainment,sample_gl
Actual,7000,2024-04-02,1343.25,North,Interest Expense,sample_gl
Actual,7000,2024-04-04,54.56,North,Interest Expense,sample_gl
Actual,7000,2024-04-05,500.85,North,Interest Expense,sample_gl
Actual,7000,2024-04-11,651.75,North,Interest Expense,sample_gl
Actual,7000,2024-04-19,166.19,North,Interest Expense,sample_gl
Actual,7000,2024-04-24,578.09,North,Interest Expense,sample_gl
Actual,7000,2024-04-25,596.88,North,Interest Expense,sample_gl
Actual,7000,2024-04-25,76.1,North,Interest Expense,sample_gl
Actual,7000,2024-04-02,169.18,South,Interest Expense,sample_gl
Actual,7000,2024-04-02,636.09,South,Interest Expense,sample_gl
Actual,7000,2024-04-07,217.37,South,Interest Expense,sample_gl
Actual,7000,2024-04-10,1057.98,South,Interest Expense,sample_gl
Actual,7000,2024-04-15,111.61,South,Interest Expense,sample_gl
Actual,7000,2024-04-23,1575.82,South,Interest Expense,sample_gl
Actual,7000,2024-04-25,225.07,South,Interest Expense,sample_gl
Actual,7000,2024-04-26,43.91,South,Interest Expense,sample_gl
Actual,7000,2024-04-02,508.07,West,Interest Expense,sample_gl
Actual,7000,2024-04-07,846.75,West,Interest Expense,sample_gl
Actual,7000,2024-04-10,147.33,West,Interest Expense,sample_gl
Actual,7000,2024-04-12,1531.82,West,Interest Expense,sample_gl
Actual,7000,2024-04-21,499.97,West,Interest Expense,sample_gl
Actual,7000,2024-04-25,96.69,West,Interest Expense,sample_gl
Actual,7000,2024-04-25,21.02,West,Interest Expense,sample_gl
Actual,7000,2024-04-28,430.06,West,Interest Expense,sample_gl
Actual,4000,2024-05-09,-10468.37,North,Product Revenue,sample_gl
Actual,4000,2024-05-12,-32135.05,North,Product Revenue,sample_gl
Actual,4000,2024-05-16,-29744.8,North,Product Revenue,sample_gl
Actual,4000,2024-05-16,-7557.32,North,Product Revenue,sample_gl
Actual,4000,2024-05-17,-16529.86,North,Product Revenue,sample_gl
Actual,4000,2024-05-23,-9823.74,North,Product Revenue,sample_gl
Actual,4000,2024-05-26,-2810.93,North,Product Revenue,sample_gl
Actual,4000,2024-05-30,-23563.51,North,Product Revenue,sample_gl
Actual,4000,2024-05-03,-8303.79,South,Product Revenue,sample_gl
Actual,4000,2024-05-10,-60617.49,South,Product Revenue,sample_gl
Actual,4000,2024-05-10,-198.47,South,Product Revenue,sample_gl
Actual,4000,2024-05-11,-14420.91,South,Product Revenue,sample_gl
Actual,4000,2024-05-15,-51688.7,South,Product Revenue,sample_gl
Actual,4000,2024-05-20,-35342.65,South,Product Revenue,sample_gl
Actual,4000,2024-05-22,-25116.82,South,Product Revenue,sample_gl
Actual,4000,2024-05-23,-362.58,South,Product Revenue,sample_gl
Actual,4000,2024-05-02,-5550.48,West,Product Revenue,sample_gl
Actual,4000,2024-05-03,-17223.02,West,Product Revenue,sample_gl
Actual,4000,2024-05-12,-74135.13,West,Product Revenue,sample_gl
Actual,4000,2024-05-13,-11458.2,West,Product Revenue,sample_gl
Actual,4000,2024-05-17,-16253.39,West,Product Revenue,sample_gl
Actual,4000,2024-05-21,-3155.57,West,Product Revenue,sample_gl
Actual,4000,2024-05-22,-24195.29,West,Product Revenue,sample_gl
Actual,4000,2024-05-31,-7530.15,West,Product Revenue,sample_gl
Actual,4010,2024-05-03,-25456.64,North,Service Revenue,sample_gl
Actual,4010,2024-05-08,-13359.55,North,Service Revenue,sample_gl
Actual,4010,2024-05-12,-456.91,North,Service Revenue,sample_gl
Actual,4010,2024-05-12,-2133.15,North,Service Revenue,sample_gl
Actual,4010,2024-05-13,-5061.53,North,Service Revenue,sample_gl
Actual,4010,2024-05-21,-5749.6,North,Service Revenue,sample_gl
Actual,4010,2024-05-25,-12710.01,North,Service Revenue,sample_gl
Actual,4010,2024-05-31,-3501.97,North,Service Revenue,sample_gl
Actual,4010,2024-05-01,-11296.03,South,Service Revenue,sample_gl
Actual,4010,2024-05-04,-64.53,South,Service Revenue,sample_gl
Actual,4010,2024-05-06,-5433.88,South,Service Revenue,sample_gl
Actual,4010,2024-05-08,-2572.88,South,Service Revenue,sample_gl
Actual,4010,2024-05-09,-2290.14,South,Service Revenue,sample_gl
Actual,4010,2024-05-21,-2717.96,South,Service Revenue,sample_gl
Actual,4010,2024-05-24,-18864.74,South,Service Revenue,sample_gl
Actual,4010,2024-05-31,-157.75,South,Service Revenue,sample_gl
Actual,4010,2024-05-04,-3611.06,West,Service Revenue,sample_gl
Actual,4010,2024-05-05,-4808.32,West,Service Revenue,sample_gl
Actual,4010,2024-05-07,-26367.24,West,Service Revenue,sample_gl
Actual,4010,2024-05-10,-4737.08,West,Service Revenue,sample_gl
Actual,4010,2024-05-16,-7658.26,West,Service Revenue,sample_gl
Actual,4010,2024-05-23,-927.17,West,Service Revenue,sample_gl
Actual,4010,2024-05-28,-521.17,West,Service Revenue,sample_gl
Actual,4010,2024-05-30,-133.5,West,Service Revenue,sample_gl
Actual,5000,2024-05-06,10480.04,North,Cost of Goods Sold,sample_gl
Actual,5000,2024-05-10,3019.0,North,Cost of Goods Sold,sample_gl
Actual,5000,2024-05-10,8262.3,North,Cost of Goods Sold,sample_gl
Actual,5000,2024-05-18,20390.91,North,Cost of Goods Sold,sample_gl
Actual,5000,2024-05-18,562.53,North,Cost of Goods Sold,sample_gl
Actual,5000,2024-05-23,4966.5,North,Cost of Goods Sold,sample_gl
Actual,5000,2024-05-28,11622.36,North,Cost of Goods Sold,sample_gl
Actual,5000,2024-05-29,895.0,North,Cost of Goods Sold,sample_gl
Actual,5000,2024-05-01,3633.93,South,Cost of Goods Sold,sample_gl
Actual,5000,2024-05-08,3538.59,South,Cost of Goods Sold,sample_gl
Actual,5000,2024-05-12,14833.99,South,Cost of Goods Sold,sample_gl
Actual,5000,2024-05-12,3827.26,South,Cost of Goods Sold,sample_gl
Actual,5000,2024-05-16,13791.53,South,Cost of Goods Sold,sample_gl
Actual,5000,2024-05-18,9247.47,South,Cost of Goods Sold,sample_gl
Actual,5000,2024-05-19,5458.82,South,Cost of Goods Sold,sample_gl
Actual,5000,2024-05-26,938.94,South,Cost of Goods Sold,sample_gl
Actual,5000,2024-05-03,10585.18,West,Cost of Goods Sold,sample_gl
Actual,5000,2024-05-03,9455.97,West,Cost of Goods Sold,sample_gl
Actual,5000,2024-05-05,6134.82,West,Cost of Goods Sold,sample_gl
Actual,5000,2024-05-11,11042.2,West,Cost of Goods Sold,sample_gl
Actual,5000,2024-05-14,2345.21,West,Cost of Goods Sold,sample_gl
Actual,5000,2024-05-19,5826.17,West,Cost of Goods Sold,sample_gl
Actual,5000,2024-05-21,5683.25,West,Cost of Goods Sold,sample_gl
Actual,5000,2024-05-27,7099.32,West,Cost of Goods Sold,sample_gl
Actual,5010,2024-05-02,3367.86,North,Direct Labor,sample_gl
Actual,5010,2024-05-05,782.67,North,Direct Labor,sample_gl
Actual,5010,2024-05-14,315.78,North,Direct Labor,sample_gl
Actual,5010,2024-05-17,4285.83,North,Direct Labor,sample_gl
Actual,5010,2024-05-27,633.7,North,Direct Labor,sample_gl
Actual,5010,2024-05-28,9854.72,North,Direct Labor,sample_gl
Actual,5010,2024-05-30,6281.36,North,Direct Labor,sample_gl
Actual,5010,2024-05-31,1602.97,North,Direct Labor,sample_gl
Actual,5010,2024-05-05,4897.05,South,Direct Labor,sample_gl
Actual,5010,2024-05-07,458.65,South,Direct Labor,sample_gl
Actual,5010,2024-05-09,4261.69,South,Direct Labor,sample_gl
Actual,5010,2024-05-09,6343.81,South,Direct Labor,sample_gl
Actual,5010,2024-05-18,981.51,South,Direct Labor,sample_gl
Actual,5010,2024-05-21,3977.96,South,Direct Labor,sample_gl
Actual,5010,2024-05-21,8983.79,South,Direct Labor,sample_gl
Actual,5010,2024-05-31,1854.5,South,Direct Labor,sample_gl
Actual,5010,2024-05-02,644.44,West,Direct Labor,sample_gl
Actual,5010,2024-05-11,388.12,West,Direct Labor,sample_gl
Actual,5010,2024-05-19,12067.57,West,Direct Labor,sample_gl
Actual,5010,2024-05-20,1469.13,West,Direct Labor,sample_gl
Actual,5010,2024-05-24,219.78,West,Direct Labor,sample_gl
Actual,5010,2024-05-27,2630.81,West,Direct Labor,sample_gl
Actual,5010,2024-05-29,1323.64,West,Direct Labor,sample_gl
Actual,5010,2024-05-30,3969.39,West,Direct Labor,sample_gl
Actual,6000,2024-05-10,2199.07,North,Salaries & Wages,sample_gl
Actual,6000,2024-05-10,479.36,North,Salaries & Wages,sample_gl
Actual,6000,2024-05-16,8238.68,North,Salaries & Wages,sample_gl
Actual,6000,2024-05-18,5218.31,North,Salaries & Wages,sample_gl
Actual,6000,2024-05-21,1590.74,North,Salaries & Wages,sample_gl
Actual,6000,2024-05-21,7415.96,North,Salaries & Wages,sample_gl
Actual,6000,2024-05-29,4393.41,North,Salaries & Wages,sample_gl
Actual,6000,2024-05-31,7168.79,North,Salaries & Wages,sample_gl
Actual,6000,2024-05-05,5479.75,South,Salaries & Wages,sample_gl
Actual,6000,2024-05-07,10047.72,South,Salaries & Wages,sample_gl
Actual,6000,2024-05-11,8008.5,South,Salaries & Wages,sample_gl
Actual,6000,2024-05-11,6567.0,South,Salaries & Wages,sample_gl
Actual,6000,2024-05-15,663.64,South,Salaries & Wages,sample_gl
Actual,6000,2024-05-16,5304.23,South,Salaries & Wages,sample_gl
Actual,6000,2024-05-20,4802.17,South,Salaries & Wages,sample_gl
Actual,6000,2024-05-28,1031.95,South,Salaries & Wages,sample_gl
Actual,6000,2024-05-02,6187.14,West,Salaries & Wages,sample_gl
Actual,6000,2024-05-04,3431.43,West,Salaries & Wages,sample_gl
Actual,6000,2024-05-05,3067.06,West,Salaries & Wages,sample_gl
Actual,6000,2024-05-08,2197.23,West,Salaries & Wages,sample_gl
Actual,6000,2024-05-09,7498.08,West,Salaries & Wages,sample_gl
Actual,6000,2024-05-10,1460.21,West,Salaries & Wages,sample_gl
Actual,6000,2024-05-15,9682.87,West,Salaries & Wages,sample_gl
Actual,6000,2024-05-31,5218.3,West,Salaries & Wages,sample_gl
Actual,6010,2024-05-06,931.01,North,Rent & Facilities,sample_gl
Actual,6010,2024-05-07,1557.87,North,Rent & Facilities,sample_gl
Actual,6010,2024-05-11,1576.83,North,Rent & Facilities,sample_gl
Actual,6010,2024-05-15,661.57,North,Rent & Facilities,sample_gl
Actual,6010,2024-05-16,415.0,North,Rent & Facilities,sample_gl
Actual,6010,2024-05-16,888.88,North,Rent & Facilities,sample_gl
Actual,6010,2024-05-17,3057.56,North,Rent & Facilities,sample_gl
Actual,6010,2024-05-25,1250.23,North,Rent & Facilities,sample_gl
Actual,6010,2024-05-10,83.89,South,Rent & Facilities,sample_gl
Actual,6010,2024-05-16,380.23,South,Rent & Facilities,sample_gl
Actual,6010,2024-05-18,638.63,South,Rent & Facilities,sample_gl
Actual,6010,2024-05-20,271.21,South,Rent & Facilities,sample_gl
Actual,6010,2024-05-21,1339.11,South,Rent & Facilities,sample_gl
Actual,6010,2024-05-22,1039.22,South,Rent & Facilities,sample_gl
Actual,6010,2024-05-27,384.45,South,Rent & Facilities,sample_gl
Actual,6010,2024-05-29,6121.66,South,Rent & Facilities,sample_gl
Actual,6010,2024-05-02,1297.13,West,Rent & Facilities,sample_gl
Actual,6010,2024-05-03,2597.87,West,Rent & Facilities,sample_gl
Actual,6010,2024-05-07,645.28,West,Rent & Facilities,sample_gl
Actual,6010,2024-05-10,1003.14,West,Rent & Facilities,sample_gl
Actual,6010,2024-05-12,616.85,West,Rent & Facilities,sample_gl
Actual,6010,2024-05-18,122.98,West,Rent & Facilities,sample_gl
Actual,6010,2024-05-18,2037.18,West,Rent & Facilities,sample_gl
Actual,6010,2024-05-19,1761.13,West,Rent & Facilities,sample_gl
Actual,6020,2024-05-05,783.82,North,Marketing,sample_gl
Actual,6020,2024-05-07,1587.12,North,Marketing,sample_gl
Actual,6020,2024-05-11,3391.18,North,Marketing,sample_gl
Actual,6020,2024-05-12,2144.49,North,Marketing,sample_gl
Actual,6020,2024-05-18,289.9,North,Marketing,sample_gl
Actual,6020,2024-05-20,455.61,North,Marketing,sample_gl
Actual,6020,2024-05-25,156.49,North,Marketing,sample_gl
Actual,6020,2024-05-31,8492.94,North,Marketing,sample_gl
Actual,6020,2024-05-05,2614.96,South,Marketing,sample_gl
Actual,6020,2024-05-11,2200.28,South,Marketing,sample_gl
Actual,6020,2024-05-11,597.64,South,Marketing,sample_gl
Actual,6020,2024-05-17,3153.46,South,Marketing,sample_gl
Actual,6020,2024-05-20,3330.69,South,Marketing,sample_gl
Actual,6020,2024-05-20,1431.69,South,Marketing,sample_gl
Actual,6020,2024-05-29,2612.13,South,Marketing,sample_gl
Actual,6020,2024-05-30,151.01,South,Marketing,sample_gl
Actual,6020,2024-05-01,3253.07,West,Marketing,sample_gl
Actual,6020,2024-05-04,516.36,West,Marketing,sample_gl
Actual,6020,2024-05-11,3543.44,West,Marketing,sample_gl
Actual,6020,2024-05-12,396.34,West,Marketing,sample_gl
Actual,6020,2024-05-14,322.58,West,Marketing,sample_gl
Actual,6020,2024-05-19,2652.49,West,Marketing,sample_gl
Actual,6020,2024-05-22,326.72,West,Marketing,sample_gl
Actual,6020,2024-05-27,1240.23,West,Marketing,sample_gl
Actual,6030,2024-05-02,140.68,North,Software & Subscriptions,sample_gl
Actual,6030,2024-05-08,517.81,North,Software & Subscriptions,sample_gl
Actual,6030,2024-05-16,101.31,North,Software & Subscriptions,sample_gl
Actual,6030,2024-05-19,2001.73,North,Software & Subscriptions,sample_gl
Actual,6030,2024-05-19,41.39,North,Software & Subscriptions,sample_gl
Actual,6030,2024-05-19,230.38,North,Software & Subscriptions,sample_gl
Actual,6030,2024-05-24,714.92,North,Software & Subscriptions,sample_gl
Actual,6030,2024-05-25,707.76,North,Software & Subscriptions,sample_gl
Actual,6030,2024-05-01,330.39,South,Software & Subscriptions,sample_gl
Actual,6030,2024-05-05,402.11,South,Software & Subscriptions,sample_gl
Actual,6030,2024-05-07,1444.47,South,Software & Subscriptions,sample_gl
Actual,6030,2024-05-11,1726.5,South,Software & Subscriptions,sample_gl
Actual,6030,2024-05-14,207.6,South,Software & Subscriptions,sample_gl
Actual,6030,2024-05-14,519.05,South,Software & Subscriptions,sample_gl
Actual,6030,2024-05-15,253.06,South,Software & Subscriptions,sample_gl
Actual,6030,2024-05-23,421.62,South,Software & Subscriptions,sample_gl
Actual,6030,2024-05-07,2251.04,West,Software & Subscriptions,sample_gl
Actual,6030,2024-05-11,359.76,West,Software & Subscriptions,sample_gl
Actual,6030,2024-05-11,64.38,West,Software & Subscriptions,sample_gl
Actual,6030,2024-05-13,634.65,West,Software & Subscriptions,sample_gl
Actual,6030,2024-05-16,23.88,West,Software & Subscriptions,sample_gl
Actual,6030,2024-05-17,915.32,West,Software & Subscriptions,sample_gl
Actual,6030,2024-05-18,436.0,West,Software & Subscriptions,sample_gl
Actual,6030,2024-05-22,212.12,West,Software & Subscriptions,sample_gl
Actual,6040,2024-05-07,1806.61,North,Travel & Entertainment,sample_gl
Actual,6040,2024-05-08,34.64,North,Travel & Entertainment,sample_gl
Actual,6040,2024-05-08,757.72,North,Travel & Entertainment,sample_gl
Actual,6040,2024-05-09,55.2,North,Travel & Entertainment,sample_gl
Actual,6040,2024-05-10,249.54,North,Travel & Entertainment,sample_gl
Actual,6040,2024-05-16,641.27,North,Travel & Entertainment,sample_gl
Actual,6040,2024-05-18,153.53,North,Travel & Entertainment,sample_gl
Actual,6040,2024-05-31,66.8,North,Travel & Entertainment,sample_gl
Actual,6040,2024-05-04,307.72,South,Travel & Entertainment,sample_gl
Actual,6040,2024-05-09,417.35,South,Travel & Entertainment,sample_gl
Actual,6040,2024-05-10,103.78,South,Travel & Entertainment,sample_gl
Actual,6040,2024-05-18,312.31,South,Travel & Entertainment,sample_gl
Actual,6040,2024-05-24,63.63,South,Travel & Entertainment,sample_gl
Actual,6040,2024-05-26,419.3,South,Travel & Entertainment,sample_gl
Actual,6040,2024-05-30,257.76,South,Travel & Entertainment,sample_gl
Actual,6040,2024-05-30,218.99,South,Travel & Entertainment,sample_gl
Actual,6040,2024-05-03,802.2,West,Travel & Entertainment,sample_gl
Actual,6040,2024-05-09,769.4,West,Travel & Entertainment,sample_gl
Actual,6040,2024-05-12,419.7,West,Travel & Entertainment,sample_gl
Actual,6040,2024-05-15,3.59,West,Travel & Entertainment,sample_gl
Actual,6040,2024-05-16,2132.79,West,Travel & Entertainment,sample_gl
Actual,6040,2024-05-21,1313.72,West,Travel & Entertainment,sample_gl
Actual,6040,2024-05-24,639.41,West,Travel & Entertainment,sample_gl
Actual,6040,2024-05-30,1263.59,West,Travel & Entertainment,sample_gl
Actual,7000,2024-05-02,411.67,North,Interest Expense,sample_gl
Actual,7000,2024-05-08,153.12,North,Interest Expense,sample_gl
Actual,7000,2024-05-08,391.83,North,Interest Expense,sample_gl
Actual,7000,2024-05-08,400.41,North,Interest Expense,sample_gl
Actual,7000,2024-05-17,583.87,North,Interest Expense,sample_gl
Actual,7000,2024-05-21,857.82,North,Interest Expense,sample_gl
Actual,7000,2024-05-22,1164.06,North,Interest Expense,sample_gl
Actual,7000,2024-05-29,145.78,North,Interest Expense,sample_gl
Actual,7000,2024-05-07,242.38,South,Interest Expense,sample_gl
Actual,7000,2024-05-16,708.98,South,Interest Expense,sample_gl
Actual,7000,2024-05-16,217.93,South,Interest Expense,sample_gl
Actual,7000,2024-05-21,7.5,South,Interest Expense,sample_gl
Actual,7000,2024-05-21,1495.55,South,Interest Expense,sample_gl
Actual,7000,2024-05-29,424.48,South,Interest Expense,sample_gl
Actual,7000,2024-05-29,52.5,South,Interest Expense,sample_gl
Actual,7000,2024-05-30,947.48,South,Interest Expense,sample_gl
Actual,7000,2024-05-02,144.87,West,Interest Expense,sample_gl
Actual,7000,2024-05-06,597.86,West,Interest Expense,sample_gl
Actual,7000,2024-05-24,923.16,West,Interest Expense,sample_gl
Actual,7000,2024-05-24,1475.3,West,Interest Expense,sample_gl
Actual,7000,2024-05-28,192.32,West,Interest Expense,sample_gl
Actual,7000,2024-05-30,5.59,West,Interest Expense,sample_gl
Actual,7000,2024-05-30,383.97,West,Interest Expense,sample_gl
Actual,7000,2024-05-30,263.42,West,Interest Expense,sample_gl
Actual,4000,2024-06-01,-22338.24,North,Product Revenue,sample_gl
Actual,4000,2024-06-02,-33431.16,North,Product Revenue,sample_gl
Actual,4000,2024-06-04,-19859.23,North,Product Revenue,sample_gl
Actual,4000,2024-06-10,-11646.76,North,Product Revenue,sample_gl
Actual,4000,2024-06-10,-19474.2,North,Product Revenue,sample_gl
Actual,4000,2024-06-19,-41272.08,North,Product Revenue,sample_gl
Actual,4000,2024-06-20,-6524.18,North,Product Revenue,sample_gl
Actual,4000,2024-06-29,-11909.04,North,Product Revenue,sample_gl
Actual,4000,2024-06-04,-1871.14,South,Product Revenue,sample_gl
Actual,4000,2024-06-06,-37324.05,South,Product Revenue,sample_gl
Actual,4000,2024-06-07,-5591.55,South,Product Revenue,sample_gl
Actual,4000,2024-06-09,-41340.64,South,Product Revenue,sample_gl
Actual,4000,2024-06-11,-3469.59,South,Product Revenue,sample_gl
Actual,4000,2024-06-15,-5871.76,South,Product Revenue,sample_gl
Actual,4000,2024-06-17,-1663.47,South,Product Revenue,sample_gl
Actual,4000,2024-06-26,-35721.92,South,Product Revenue,sample_gl
Actual,4000,2024-06-03,-1193.04,West,Product Revenue,sample_gl
Actual,4000,2024-06-11,-15468.14,West,Product Revenue,sample_gl
Actual,4000,2024-06-13,-50338.79,West,Product Revenue,sample_gl
Actual,4000,2024-06-14,-3014.65,West,Product Revenue,sample_gl
Actual,4000,2024-06-17,-13383.57,West,Product Revenue,sample_gl
Actual,4000,2024-06-21,-80064.94,West,Product Revenue,sample_gl
Actual,4000,2024-06-27,-8010.45,West,Product Revenue,sample_gl
Actual,4000,2024-06-29,-3199.1,West,Product Revenue,sample_gl
Actual,4010,2024-06-09,-669.94,North,Service Revenue,sample_gl
Actual,4010,2024-06-10,-2969.47,North,Service Revenue,sample_gl
Actual,4010,2024-06-11,-3286.51,North,Service Revenue,sample_gl
Actual,4010,2024-06-15,-11047.59,North,Service Revenue,sample_gl
Actual,4010,2024-06-19,-5776.85,North,Service Revenue,sample_gl
Actual,4010,2024-06-19,-14544.11,North,Service Revenue,sample_gl
Actual,4010,2024-06-24,-2289.71,North,Service Revenue,sample_gl
Actual,4010,2024-06-25,-17998.41,North,Service Revenue,sample_gl
Actual,4010,2024-06-04,-7916.16,South,Service Revenue,sample_gl
Actual,4010,2024-06-10,-5258.15,South,Service Revenue,sample_gl
Actual,4010,2024-06-10,-217.97,South,Service Revenue,sample_gl
Actual,4010,2024-06-21,-2916.06,South,Service Revenue,sample_gl
Actual,4010,2024-06-23,-831.7,South,Service Revenue,sample_gl
Actual,4010,2024-06-23,-17175.76,South,Service Revenue,sample_gl
Actual,4010,2024-06-25,-1128.28,South,Service Revenue,sample_gl
Actual,4010,2024-06-30,-400.09,South,Service Revenue,sample_gl
Actual,4010,2024-06-16,-26157.51,West,Service Revenue,sample_gl
Actual,4010,2024-06-18,-132.73,West,Service Revenue,sample_gl
Actual,4010,2024-06-18,-3366.9,West,Service Revenue,sample_gl
Actual,4010,2024-06-22,-4207.42,West,Service Revenue,sample_gl
Actual,4010,2024-06-23,-4057.61,West,Service Revenue,sample_gl
Actual,4010,2024-06-25,-1269.83,West,Service Revenue,sample_gl
Actual,4010,2024-06-26,-1903.07,West,Service Revenue,sample_gl
Actual,4010,2024-06-30,-8680.73,West,Service Revenue,sample_gl
Actual,5000,2024-06-02,8991.68,North,Cost of Goods Sold,sample_gl
Actual,5000,2024-06-04,15154.16,North,Cost of Goods Sold,sample_gl
Actual,5000,2024-06-07,2567.78,North,Cost of Goods Sold,sample_gl
Actual,5000,2024-06-17,2613.95,North,Cost of Goods Sold,sample_gl
Actual,5000,2024-06-18,7849.41,North,Cost of Goods Sold,sample_gl
Actual,5000,2024-06-19,2001.37,North,Cost of Goods Sold,sample_gl
Actual,5000,2024-06-27,7517.86,North,Cost of Goods Sold,sample_gl
Actual,5000,2024-06-29,7952.09,North,Cost of Goods Sold,sample_gl
Actual,5000,2024-06-02,1760.51,South,Cost of Goods Sold,sample_gl
Actual,5000,2024-06-05,18816.7,South,Cost of Goods Sold,sample_gl
Actual,5000,2024-06-15,4343.56,South,Cost of Goods Sold,sample_gl
Actual,5000,2024-06-15,8673.4,South,Cost of Goods Sold,sample_gl
Actual,5000,2024-06-17,11594.12,South,Cost of Goods Sold,sample_gl
Actual,5000,2024-06-17,413.55,South,Cost of Goods Sold,sample_gl
Actual,5000,2024-06-26,8802.91,South,Cost of Goods Sold,sample_gl
Actual,5000,2024-06-29,26462.32,South,Cost of Goods Sold,sample_gl
Actual,5000,2024-06-02,2301.04,West,Cost of Goods Sold,sample_gl
Actual,5000,2024-06-02,2703.41,West,Cost of Goods Sold,sample_gl
Actual,5000,2024-06-03,24641.74,West,Cost of Goods Sold,sample_gl
Actual,5000,2024-06-03,25882.57,West,Cost of Goods Sold,sample_gl
Actual,5000,2024-06-12,227.99,West,Cost of Goods Sold,sample_gl
Actual,5000,2024-06-14,11949.6,West,Cost of Goods Sold,sample_gl
Actual,5000,2024-06-18,58.53,West,Cost of Goods Sold,sample_gl
Actual,5000,2024-06-23,4743.28,West,Cost of Goods Sold,sample_gl
Actual,5010,2024-06-12,2143.55,North,Direct Labor,sample_gl
Actual,5010,2024-06-13,1408.73,North,Direct Labor,sample_gl
Actual,5010,2024-06-14,6531.0,North,Direct Labor,sample_gl
Actual,5010,2024-06-15,12895.78,North,Direct Labor,sample_gl
Actual,5010,2024-06-21,381.09,North,Direct Labor,sample_gl
Actual,5010,2024-06-24,1136.85,North,Direct Labor,sample_gl
Actual,5010,2024-06-28,1256.2,North,Direct Labor,sample_gl
Actual,5010,2024-06-29,957.74,North,Direct Labor,sample_gl
Actual,5010,2024-06-01,781.32,South,Direct Labor,sample_gl
Actual,5010,2024-06-05,7724.65,South,Direct Labor,sample_gl
Actual,5010,2024-06-08,1747.54,South,Direct Labor,sample_gl
Actual,5010,2024-06-13,8026.86,South,Direct Labor,sample_gl
Actual,5010,2024-06-17,429.98,South,Direct Labor,sample_gl
Actual,5010,2024-06-24,4435.07,South,Direct Labor,sample_gl
Actual,5010,2024-06-25,5150.09,South,Direct Labor,sample_gl
Actual,5010,2024-06-27,6070.38,South,Direct Labor,sample_gl
Actual,5010,2024-06-05,528.41,West,Direct Labor,sample_gl
Actual,5010,2024-06-07,3282.72,West,Direct Labor,sample_gl
Actual,5010,2024-06-09,3148.92,West,Direct Labor,sample_gl
Actual,5010,2024-06-12,7199.08,West,Direct Labor,sample_gl
Actual,5010,2024-06-24,11713.01,West,Direct Labor,sample_gl
Actual,5010,2024-06-25,1466.6,West,Direct Labor,sample_gl
Actual,5010,2024-06-29,2508.63,West,Direct Labor,sample_gl
Actual,5010,2024-06-30,3925.92,West,Direct Labor,sample_gl
Actual,6000,2024-06-02,2289.46,North,Salaries & Wages,sample_gl
Actual,6000,2024-06-02,6523.31,North,Salaries & Wages,sample_gl
Actual,6000,2024-06-08,692.39,North,Salaries & Wages,sample_gl
Actual,6000,2024-06-20,2227.81,North,Salaries & Wages,sample_gl
Actual,6000,2024-06-22,4583.53,North,Salaries & Wages,sample_gl
Actual,6000,2024-06-23,4122.29,North,Salaries & Wages,sample_gl
Actual,6000,2024-06-24,14595.43,North,Salaries & Wages,sample_gl
Actual,6000,2024-06-28,5527.31,North,Salaries & Wages,sample_gl
Actual,6000,2024-06-11,5789.56,South,Salaries & Wages,sample_gl
Actual,6000,2024-06-19,3143.4,South,Salaries & Wages,sample_gl
Actual,6000,2024-06-19,3211.13,South,Salaries & Wages,sample_gl
Actual,6000,2024-06-20,51.06,South,Salaries & Wages,sample_gl
Actual,6000,2024-06-24,763.83,South,Salaries & Wages,sample_gl
Actual,6000,2024-06-25,13722.07,South,Salaries & Wages,sample_gl
Actual,6000,2024-06-27,497.86,South,Salaries & Wages,sample_gl
Actual,6000,2024-06-30,13233.91,South,Salaries & Wages,sample_gl
Actual,6000,2024-06-06,14669.7,West,Salaries & Wages,sample_gl
Actual,6000,2024-06-14,4491.57,West,Salaries & Wages,sample_gl
Actual,6000,2024-06-18,3649.59,West,Salaries & Wages,sample_gl
Actual,6000,2024-06-21,8087.57,West,Salaries & Wages,sample_gl
Actual,6000,2024-06-22,5268.1,West,Salaries & Wages,sample_gl
Actual,6000,2024-06-24,7169.83,West,Salaries & Wages,sample_gl
Actual,6000,2024-06-29,1413.14,West,Salaries & Wages,sample_gl
Actual,6000,2024-06-30,1275.34,West,Salaries & Wages,sample_gl
Actual,6010,2024-06-05,3098.62,North,Rent & Facilities,sample_gl
Actual,6010,2024-06-06,2695.89,North,Rent & Facilities,sample_gl
Actual,6010,2024-06-08,1495.96,North,Rent & Facilities,sample_gl
Actual,6010,2024-06-10,1011.79,North,Rent & Facilities,sample_gl
Actual,6010,2024-06-13,448.87,North,Rent & Facilities,sample_gl
Actual,6010,2024-06-16,673.85,North,Rent & Facilities,sample_gl
Actual,6010,2024-06-18,546.55,North,Rent & Facilities,sample_gl
Actual,6010,2024-06-25,331.91,North,Rent & Facilities,sample_gl
Actual,6010,2024-06-03,909.16,South,Rent & Facilities,sample_gl
Actual,6010,2024-06-07,963.77,South,Rent & Facilities,sample_gl
Actual,6010,2024-06-08,766.75,South,Rent & Facilities,sample_gl
Actual,6010,2024-06-09,3288.61,South,Rent & Facilities,sample_gl
Actual,6010,2024-06-11,695.65,South,Rent & Facilities,sample_gl
Actual,6010,2024-06-15,500.6,South,Rent & Facilities,sample_gl
Actual,6010,2024-06-21,1204.97,South,Rent & Facilities,sample_gl
Actual,6010,2024-06-30,1503.07,South,Rent & Facilities,sample_gl
Actual,6010,2024-06-03,152.37,West,Rent & Facilities,sample_gl
Actual,6010,2024-06-07,3156.29,West,Rent & Facilities,sample_gl
Actual,6010,2024-06-19,1455.07,West,Rent & Facilities,sample_gl
Actual,6010,2024-06-22,789.56,West,Rent & Facilities,sample_gl
Actual,6010,2024-06-24,3086.66,West,Rent & Facilities,sample_gl
Actual,6010,2024-06-25,672.59,West,Rent & Facilities,sample_gl
Actual,6010,2024-06-26,197.35,West,Rent & Facilities,sample_gl
Actual,6010,2024-06-28,427.09,West,Rent & Facilities,sample_gl
Actual,6020,2024-06-07,3772.01,North,Marketing,sample_gl
Actual,6020,2024-06-08,689.19,North,Marketing,sample_gl
Actual,6020,2024-06-16,399.74,North,Marketing,sample_gl
Actual,6020,2024-06-20,207.93,North,Marketing,sample_gl
Actual,6020,2024-06-23,1182.32,North,Marketing,sample_gl
Actual,6020,2024-06-23,1097.23,North,Marketing,sample_gl
Actual,6020,2024-06-25,2875.86,North,Marketing,sample_gl
Actual,6020,2024-06-30,5536.38,North,Marketing,sample_gl
Actual,6020,2024-06-04,2819.87,South,Marketing,sample_gl
Actual,6020,2024-06-12,1904.31,South,Marketing,sample_gl
Actual,6020,2024-06-15,550.85,South,Marketing,sample_gl
Actual,6020,2024-06-16,708.05,South,Marketing,sample_gl
Actual,6020,2024-06-17,1185.61,South,Marketing,sample_gl
Actual,6020,2024-06-24,3532.66,South,Marketing,sample_gl
Actual,6020,2024-06-26,950.68,South,Marketing,sample_gl
Actual,6020,2024-06-29,1091.75,South,Marketing,sample_gl
Actual,6020,2024-06-05,4039.45,West,Marketing,sample_gl
Actual,6020,2024-06-07,1138.69,West,Marketing,sample_gl
Actual,6020,2024-06-10,784.49,West,Marketing,sample_gl
Actual,6020,2024-06-14,1875.28,West,Marketing,sample_gl
Actual,6020,2024-06-19,2437.96,West,Marketing,sample_gl
Actual,6020,2024-06-19,474.68,West,Marketing,sample_gl
Actual,6020,2024-06-24,2331.37,West,Marketing,sample_gl
Actual,6020,2024-06-30,2615.83,West,Marketing,sample_gl
Actual,6030,2024-06-06,757.36,North,Software & Subscriptions,sample_gl
Actual,6030,2024-06-15,238.58,North,Software & Subscriptions,sample_gl
Actual,6030,2024-06-16,909.8,North,Software & Subscriptions,sample_gl
Actual,6030,2024-06-16,1051.8,North,Software & Subscriptions,sample_gl
Actual,6030,2024-06-21,1007.73,North,Software & Subscriptions,sample_gl
Actual,6030,2024-06-24,847.37,North,Software & Subscriptions,sample_gl
Actual,6030,2024-06-24,546.32,North,Software & Subscriptions,sample_gl
Actual,6030,2024-06-27,52.36,North,Software & Subscriptions,sample_gl
Actual,6030,2024-06-01,52.87,South,Software & Subscriptions,sample_gl
Actual,6030,2024-06-02,1285.54,South,Software & Subscriptions,sample_gl
Actual,6030,2024-06-03,819.86,South,Software & Subscriptions,sample_gl
Actual,6030,2024-06-22,226.65,South,Software & Subscriptions,sample_gl
Actual,6030,2024-06-25,539.8,South,Software & Subscriptions,sample_gl
Actual,6030,2024-06-27,1164.93,South,Software & Subscriptions,sample_gl
Actual,6030,2024-06-27,782.89,South,Software & Subscriptions,sample_gl
Actual,6030,2024-06-28,910.58,South,Software & Subscriptions,sample_gl
Actual,6030,2024-06-16,31.64,West,Software & Subscriptions,sample_gl
Actual,6030,2024-06-20,25.06,West,Software & Subscriptions,sample_gl
Actual,6030,2024-06-20,1257.76,West,Software & Subscriptions,sample_gl
Actual,6030,2024-06-21,1019.62,West,Software & Subscriptions,sample_gl
Actual,6030,2024-06-22,198.85,West,Software & Subscriptions,sample_gl
Actual,6030,2024-06-22,106.34,West,Software & Subscriptions,sample_gl
Actual,6030,2024-06-30,2037.36,West,Software & Subscriptions,sample_gl
Actual,6030,2024-06-30,107.75,West,Software & Subscriptions,sample_gl
Actual,6040,2024-06-04,503.23,North,Travel & Entertainment,sample_gl
Actual,6040,2024-06-04,1031.36,North,Travel & Entertainment,sample_gl
Actual,6040,2024-06-06,72.91,North,Travel & Entertainment,sample_gl
Actual,6040,2024-06-14,649.72,North,Travel & Entertainment,sample_gl
Actual,6040,2024-06-22,1082.27,North,Travel & Entertainment,sample_gl
Actual,6040,2024-06-26,607.52,North,Travel & Entertainment,sample_gl
Actual,6040,2024-06-30,1115.46,North,Travel & Entertainment,sample_gl
Actual,6040,2024-06-30,1305.93,North,Travel & Entertainment,sample_gl
Actual,6040,2024-06-08,116.01,South,Travel & Entertainment,sample_gl
Actual,6040,2024-06-08,179.17,South,Travel & Entertainment,sample_gl
Actual,6040,2024-06-10,1085.83,South,Travel & Entertainment,sample_gl
Actual,6040,2024-06-13,102.92,South,Travel & Entertainment,sample_gl
Actual,6040,2024-06-15,895.66,South,Travel & Entertainment,sample_gl
Actual,6040,2024-06-19,652.36,South,Travel & Entertainment,sample_gl
Actual,6040,2024-06-22,599.07,South,Travel & Entertainment,sample_gl
Actual,6040,2024-06-23,30.48,South,Travel & Entertainment,sample_gl
Actual,6040,2024-06-03,227.09,West,Travel & Entertainment,sample_gl
Actual,6040,2024-06-06,100.32,West,Travel & Entertainment,sample_gl
Actual,6040,2024-06-14,556.95,West,Travel & Entertainment,sample_gl
Actual,6040,2024-06-16,6.41,West,Travel & Entertainment,sample_gl
Actual,6040,2024-06-21,17.67,West,Travel & Entertainment,sample_gl
Actual,6040,2024-06-23,54.05,West,Travel & Entertainment,sample_gl
Actual,6040,2024-06-26,3.45,West,Travel & Entertainment,sample_gl
Actual,6040,2024-06-28,22.41,West,Travel & Entertainment,sample_gl
Actual,7000,2024-06-02,63.19,North,Interest Expense,sample_gl
Actual,7000,2024-06-03,660.62,North,Interest Expense,sample_gl
Actual,7000,2024-06-09,407.67,North,Interest Expense,sample_gl
Actual,7000,2024-06-16,1059.99,North,Interest Expense,sample_gl
Actual,7000,2024-06-19,464.41,North,Interest Expense,sample_gl
Actual,7000,2024-06-23,106.22,North,Interest Expense,sample_gl
Actual,7000,2024-06-29,669.91,North,Interest Expense,sample_gl
Actual,7000,2024-06-30,603.62,North,Interest Expense,sample_gl
Actual,7000,2024-06-03,1544.88,South,Interest Expense,sample_gl
Actual,7000,2024-06-06,630.74,South,Interest Expense,sample_gl
Actual,7000,2024-06-10,94.16,South,Interest Expense,sample_gl
Actual,7000,2024-06-13,11.02,South,Interest Expense,sample_gl
Actual,7000,2024-06-23,444.09,South,Interest Expense,sample_gl
Actual,7000,2024-06-27,252.39,South,Interest Expense,sample_gl
Actual,7000,2024-06-27,441.5,South,Interest Expense,sample_gl
Actual,7000,2024-06-30,605.95,South,Interest Expense,sample_gl
Actual,7000,2024-06-02,310.89,West,Interest Expense,sample_gl
Actual,7000,2024-06-03,88.61,West,Interest Expense,sample_gl
Actual,7000,2024-06-12,549.89,West,Interest Expense,sample_gl
Actual,7000,2024-06-17,1486.45,West,Interest Expense,sample_gl
Actual,7000,2024-06-23,39.1,West,Interest Expense,sample_gl
Actual,7000,2024-06-24,35.57,West,Interest Expense,sample_gl
Actual,7000,2024-06-24,1452.05,West,Interest Expense,sample_gl
Actual,7000,2024-06-26,127.1,West,Interest Expense,sample_gl
Actual,4000,2024-07-08,-13347.3,North,Product Revenue,sample_gl
Actual,4000,2024-07-12,-53915.22,North,Product Revenue,sample_gl
Actual,4000,2024-07-13,-29090.06,North,Product Revenue,sample_gl
Actual,4000,2024-07-15,-6550.44,North,Product Revenue,sample_gl
Actual,4000,2024-07-16,-2962.92,North,Product Revenue,sample_gl
Actual,4000,2024-07-18,-5204.35,North,Product Revenue,sample_gl
Actual,4000,2024-07-26,-13230.87,North,Product Revenue,sample_gl
Actual,4000,2024-07-31,-31453.94,North,Product Revenue,sample_gl
Actual,4000,2024-07-03,-974.79,South,Product Revenue,sample_gl
Actual,4000,2024-07-05,-19017.52,South,Product Revenue,sample_gl
Actual,4000,2024-07-05,-30624.38,South,Product Revenue,sample_gl
Actual,4000,2024-07-09,-7224.0,South,Product Revenue,sample_gl
Actual,4000,2024-07-13,-1578.13,South,Product Revenue,sample_gl
Actual,4000,2024-07-21,-8113.05,South,Product Revenue,sample_gl
Actual,4000,2024-07-23,-71250.78,South,Product Revenue,sample_gl
Actual,4000,2024-07-26,-48848.88,South,Product Revenue,sample_gl
Actual,4000,2024-07-01,-16183.17,West,Product Revenue,sample_gl
Actual,4000,2024-07-03,-34566.87,West,Product Revenue,sample_gl
Actual,4000,2024-07-04,-5665.93,West,Product Revenue,sample_gl
Actual,4000,2024-07-14,-5127.04,West,Product Revenue,sample_gl
Actual,4000,2024-07-15,-5446.94,West,Product Revenue,sample_gl
Actual,4000,2024-07-17,-445.45,West,Product Revenue,sample_gl
Actual,4000,2024-07-18,-36559.87,West,Product Revenue,sample_gl
Actual,4000,2024-07-18,-69897.13,West,Product Revenue,sample_gl
Actual,4010,2024-07-03,-3364.34,North,Service Revenue,sample_gl
Actual,4010,2024-07-08,-4018.72,North,Service Revenue,sample_gl
Actual,4010,2024-07-17,-1634.8,North,Service Revenue,sample_gl
Actual,4010,2024-07-18,-6995.3,North,Service Revenue,sample_gl
Actual,4010,2024-07-19,-4232.9,North,Service Revenue,sample_gl
Actual,4010,2024-07-24,-2868.58,North,Service Revenue,sample_gl
Actual,4010,2024-07-29,-3108.05,North,Service Revenue,sample_gl
Actual,4010,2024-07-29,-26953.98,North,Service Revenue,sample_gl
Actual,4010,2024-07-03,-4626.76,South,Service Revenue,sample_gl
Actual,4010,2024-07-08,-3831.08,South,Service Revenue,sample_gl
Actual,4010,2024-07-09,-4719.21,South,Service Revenue,sample_gl
Actual,4010,2024-07-12,-1191.99,South,Service Revenue,sample_gl
Actual,4010,2024-07-16,-11314.23,South,Service Revenue,sample_gl
Actual,4010,2024-07-21,-1141.24,South,Service Revenue,sample_gl
Actual,4010,2024-07-24,-14213.93,South,Service Revenue,sample_gl
Actual,4010,2024-07-31,-2213.48,South,Service Revenue,sample_gl
Actual,4010,2024-07-11,-7302.96,West,Service Revenue,sample_gl
Actual,4010,2024-07-11,-3472.55,West,Service Revenue,sample_gl
Actual,4010,2024-07-14,-6080.16,West,Service Revenue,sample_gl
Actual,4010,2024-07-15,-347.75,West,Service Revenue,sample_gl
Actual,4010,2024-07-26,-28908.49,West,Service Revenue,sample_gl
Actual,4010,2024-07-27,-4708.81,West,Service Revenue,sample_gl
Actual,4010,2024-07-27,-1445.65,West,Service Revenue,sample_gl
Actual,4010,2024-07-28,-1382.79,West,Service Revenue,sample_gl
Actual,5000,2024-07-10,10029.27,North,Cost of Goods Sold,sample_gl
Actual,5000,2024-07-16,11319.27,North,Cost of Goods Sold,sample_gl
Actual,5000,2024-07-19,11767.91,North,Cost of Goods Sold,sample_gl
Actual,5000,2024-07-21,1486.48,North,Cost of Goods Sold,sample_gl
Actual,5000,2024-07-23,15051.27,North,Cost of Goods Sold,sample_gl
Actual,5000,2024-07-24,2498.91,North,Cost of Goods Sold,sample_gl
Actual,5000,2024-07-26,19749.6,North,Cost of Goods Sold,sample_gl
Actual,5000,2024-07-31,16159.99,North,Cost of Goods Sold,sample_gl
Actual,5000,2024-07-01,18011.26,South,Cost of Goods Sold,sample_gl
Actual,5000,2024-07-06,9095.78,South,Cost of Goods Sold,sample_gl
Actual,5000,2024-07-18,1432.29,South,Cost of Goods Sold,sample_gl
Actual,5000,2024-07-18,14294.52,South,Cost of Goods Sold,sample_gl
Actual,5000,2024-07-22,960.24,South,Cost of Goods Sold,sample_gl
Actual,5000,2024-07-24,5396.6,South,Cost of Goods Sold,sample_gl
Actual,5000,2024-07-25,1441.04,South,Cost of Goods Sold,sample_gl
Actual,5000,2024-07-31,11192.27,South,Cost of Goods Sold,sample_gl
Actual,5000,2024-07-05,4320.98,West,Cost of Goods Sold,sample_gl
Actual,5000,2024-07-08,19093.7,West,Cost of Goods Sold,sample_gl
Actual,5000,2024-07-09,4581.79,West,Cost of Goods Sold,sample_gl
Actual,5000,2024-07-10,1599.39,West,Cost of Goods Sold,sample_gl
Actual,5000,2024-07-14,16501.3,West,Cost of Goods Sold,sample_gl
Actual,5000,2024-07-21,7671.33,West,Cost of Goods Sold,sample_gl
Actual,5000,2024-07-22,4107.36,West,Cost of Goods Sold,sample_gl
Actual,5000,2024-07-23,543.26,West,Cost of Goods Sold,sample_gl
Actual,5010,2024-07-02,2446.23,North,Direct Labor,sample_gl
Actual,5010,2024-07-12,7772.81,North,Direct Labor,sample_gl
Actual,5010,2024-07-14,5235.97,North,Direct Labor,sample_gl
Actual,5010,2024-07-18,2915.22,North,Direct Labor,sample_gl
Actual,5010,2024-07-23,559.05,North,Direct Labor,sample_gl
Actual,5010,2024-07-23,3205.32,North,Direct Labor,sample_gl
Actual,5010,2024-07-26,3642.71,North,Direct Labor,sample_gl
Actual,5010,2024-07-31,3008.02,North,Direct Labor,sample_gl
Actual,5010,2024-07-11,2569.85,South,Direct Labor,sample_gl
Actual,5010,2024-07-13,191.24,South,Direct Labor,sample_gl
Actual,5010,2024-07-21,3024.63,South,Direct Labor,sample_gl
Actual,5010,2024-07-21,8756.52,South,Direct Labor,sample_gl
Actual,5010,2024-07-22,3379.44,South,Direct Labor,sample_gl
Actual,5010,2024-07-25,1542.55,South,Direct Labor,sample_gl
Actual,5010,2024-07-31,1286.87,South,Direct Labor,sample_gl
Actual,5010,2024-07-31,5310.56,South,Direct Labor,sample_gl
Actual,5010,2024-07-08,2220.73,West,Direct Labor,sample_gl
Actual,5010,2024-07-12,1678.46,West,Direct Labor,sample_gl
Actual,5010,2024-07-13,3742.5,West,Direct Labor,sample_gl
Actual,5010,2024-07-15,4845.74,West,Direct Labor,sample_gl
Actual,5010,2024-07-15,5371.53,West,Direct Labor,sample_gl
Actual,5010,2024-07-19,5952.07,West,Direct Labor,sample_gl
Actual,5010,2024-07-22,1995.71,West,Direct Labor,sample_gl
Actual,5010,2024-07-25,59.42,West,Direct Labor,sample_gl
Actual,6000,2024-07-07,1881.63,North,Salaries & Wages,sample_gl
Actual,6000,2024-07-10,947.12,North,Salaries & Wages,sample_gl
Actual,6000,2024-07-11,1282.21,North,Salaries & Wages,sample_gl
Actual,6000,2024-07-12,10556.17,North,Salaries & Wages,sample_gl
Actual,6000,2024-07-15,4385.69,North,Salaries & Wages,sample_gl
Actual,6000,2024-07-16,10878.5,North,Salaries & Wages,sample_gl
Actual,6000,2024-07-17,472.27,North,Salaries & Wages,sample_gl
Actual,6000,2024-07-26,11707.0,North,Salaries & Wages,sample_gl
Actual,6000,2024-07-01,11993.42,South,Salaries & Wages,sample_gl
Actual,6000,2024-07-04,3456.09,South,Salaries & Wages,sample_gl
Actual,6000,2024-07-06,1293.04,South,Salaries & Wages,sample_gl
Actual,6000,2024-07-11,1954.51,South,Salaries & Wages,sample_gl
Actual,6000,2024-07-21,1301.43,South,Salaries & Wages,sample_gl
Actual,6000,2024-07-22,6833.17,South,Salaries & Wages,sample_gl
Actual,6000,2024-07-26,6864.11,South,Salaries & Wages,sample_gl
Actual,6000,2024-07-28,2539.26,South,Salaries & Wages,sample_gl
Actual,6000,2024-07-01,182.95,West,Salaries & Wages,sample_gl
Actual,6000,2024-07-06,8647.56,West,Salaries & Wages,sample_gl
Actual,6000,2024-07-13,2612.56,West,Salaries & Wages,sample_gl
Actual,6000,2024-07-14,6216.33,West,Salaries & Wages,sample_gl
Actual,6000,2024-07-20,823.13,West,Salaries & Wages,sample_gl
Actual,6000,2024-07-21,10449.82,West,Salaries & Wages,sample_gl
Actual,6000,2024-07-22,7372.77,West,Salaries & Wages,sample_gl
Actual,6000,2024-07-24,4806.0,West,Salaries & Wages,sample_gl
Actual,6010,2024-07-03,1088.4,North,Rent & Facilities,sample_gl
Actual,6010,2024-07-04,793.88,North,Rent & Facilities,sample_gl
Actual,6010,2024-07-06,1111.08,North,Rent & Facilities,sample_gl
Actual,6010,2024-07-18,500.37,North,Rent & Facilities,sample_gl
Actual,6010,2024-07-19,1181.38,North,Rent & Facilities,sample_gl
Actual,6010,2024-07-26,1730.83,North,Rent & Facilities,sample_gl
Actual,6010,2024-07-26,2819.63,North,Rent & Facilities,sample_gl
Actual,6010,2024-07-28,325.54,North,Rent & Facilities,sample_gl
Actual,6010,2024-07-04,2324.98,South,Rent & Facilities,sample_gl
Actual,6010,2024-07-06,727.13,South,Rent & Facilities,sample_gl
Actual,6010,2024-07-12,2699.3,South,Rent & Facilities,sample_gl
Actual,6010,2024-07-12,798.55,South,Rent & Facilities,sample_gl
Actual,6010,2024-07-15,14.41,South,Rent & Facilities,sample_gl
Actual,6010,2024-07-20,1237.9,South,Rent & Facilities,sample_gl
Actual,6010,2024-07-27,1150.63,South,Rent & Facilities,sample_gl
Actual,6010,2024-07-28,792.47,South,Rent & Facilities,sample_gl
Actual,6010,2024-07-04,4321.06,West,Rent & Facilities,sample_gl
Actual,6010,2024-07-05,649.95,West,Rent & Facilities,sample_gl
Actual,6010,2024-07-06,517.96,West,Rent & Facilities,sample_gl
Actual,6010,2024-07-12,382.29,West,Rent & Facilities,sample_gl
Actual,6010,2024-07-13,220.83,West,Rent & Facilities,sample_gl
Actual,6010,2024-07-14,3296.53,West,Rent & Facilities,sample_gl
Actual,6010,2024-07-17,117.81,West,Rent & Facilities,sample_gl
Actual,6010,2024-07-23,707.91,West,Rent & Facilities,sample_gl
Actual,6020,2024-07-02,2875.17,North,Marketing,sample_gl
Actual,6020,2024-07-05,2782.15,North,Marketing,sample_gl
Actual,6020,2024-07-06,1483.27,North,Marketing,sample_gl
Actual,6020,2024-07-10,1134.18,North,Marketing,sample_gl
Actual,6020,2024-07-11,1348.05,North,Marketing,sample_gl
Actual,6020,2024-07-15,3130.43,North,Marketing,sample_gl
Actual,6020,2024-07-20,1271.9,North,Marketing,sample_gl
Actual,6020,2024-07-27,709.6,North,Marketing,sample_gl
Actual,6020,2024-07-14,523.45,South,Marketing,sample_gl
Actual,6020,2024-07-14,2154.27,South,Marketing,sample_gl
Actual,6020,2024-07-15,852.94,South,Marketing,sample_gl
Actual,6020,2024-07-16,69.07,South,Marketing,sample_gl
Actual,6020,2024-07-16,1021.86,South,Marketing,sample_gl
Actual,6020,2024-07-22,4430.38,South,Marketing,sample_gl
Actual,6020,2024-07-23,3690.02,South,Marketing,sample_gl
Actual,6020,2024-07-27,3267.93,South,Marketing,sample_gl
Actual,6020,2024-07-04,3903.89,West,Marketing,sample_gl
Actual,6020,2024-07-04,2528.05,West,Marketing,sample_gl
Actual,6020,2024-07-16,1467.14,West,Marketing,sample_gl
Actual,6020,2024-07-17,15.49,West,Marketing,sample_gl
Actual,6020,2024-07-18,3113.91,West,Marketing,sample_gl
Actual,6020,2024-07-19,46.89,West,Marketing,sample_gl
Actual,6020,2024-07-25,3364.7,West,Marketing,sample_gl
Actual,6020,2024-07-25,132.71,West,Marketing,sample_gl
Actual,6030,2024-07-04,1237.0,North,Software & Subscriptions,sample_gl
Actual,6030,2024-07-07,211.36,North,Software & Subscriptions,sample_gl
Actual,6030,2024-07-08,376.0,North,Software & Subscriptions,sample_gl
Actual,6030,2024-07-14,44.3,North,Software & Subscriptions,sample_gl
Actual,6030,2024-07-21,1524.89,North,Software & Subscriptions,sample_gl
Actual,6030,2024-07-24,736.4,North,Software & Subscriptions,sample_gl
Actual,6030,2024-07-25,22.25,North,Software & Subscriptions,sample_gl
Actual,6030,2024-07-27,2.86,North,Software & Subscriptions,sample_gl
Actual,6030,2024-07-12,301.46,South,Software & Subscriptions,sample_gl
Actual,6030,2024-07-19,405.67,South,Software & Subscriptions,sample_gl
Actual,6030,2024-07-20,135.84,South,Software & Subscriptions,sample_gl
Actual,6030,2024-07-23,206.39,South,Software & Subscriptions,sample_gl
Actual,6030,2024-07-23,1.64,South,Software & Subscriptions,sample_gl
Actual,6030,2024-07-24,730.67,South,Software & Subscriptions,sample_gl
Actual,6030,2024-07-26,1431.94,South,Software & Subscriptions,sample_gl
Actual,6030,2024-07-28,1865.02,South,Software & Subscriptions,sample_gl
Actual,6030,2024-07-06,612.33,West,Software & Subscriptions,sample_gl
Actual,6030,2024-07-09,1710.8,West,Software & Subscriptions,sample_gl
Actual,6030,2024-07-10,263.38,West,Software & Subscriptions,sample_gl
Actual,6030,2024-07-10,800.96,West,Software & Subscriptions,sample_gl
Actual,6030,2024-07-11,293.94,West,Software & Subscriptions,sample_gl
Actual,6030,2024-07-18,383.75,West,Software & Subscriptions,sample_gl
Actual,6030,2024-07-20,235.93,West,Software & Subscriptions,sample_gl
Actual,6030,2024-07-23,214.98,West,Software & Subscriptions,sample_gl
Actual,6040,2024-07-05,403.52,North,Travel & Entertainment,sample_gl
Actual,6040,2024-07-05,11.56,North,Travel & Entertainment,sample_gl
Actual,6040,2024-07-08,287.55,North,Travel & Entertainment,sample_gl
Actual,6040,2024-07-09,211.57,North,Travel & Entertainment,sample_gl
Actual,6040,2024-07-21,200.39,North,Travel & Entertainment,sample_gl
Actual,6040,2024-07-23,680.33,North,Travel & Entertainment,sample_gl
Actual,6040,2024-07-28,599.31,North,Travel & Entertainment,sample_gl
Actual,6040,2024-07-28,444.03,North,Travel & Entertainment,sample_gl
Actual,6040,2024-07-03,1466.62,South,Travel & Entertainment,sample_gl
Actual,6040,2024-07-13,188.75,South,Travel & Entertainment,sample_gl
Actual,6040,2024-07-14,121.41,South,Travel & Entertainment,sample_gl
Actual,6040,2024-07-15,752.36,South,Travel & Entertainment,sample_gl
Actual,6040,2024-07-21,200.59,South,Travel & Entertainment,sample_gl
Actual,6040,2024-07-21,69.47,South,Travel & Entertainment,sample_gl
Actual,6040,2024-07-26,394.76,South,Travel & Entertainment,sample_gl
Actual,6040,2024-07-29,446.64,South,Travel & Entertainment,sample_gl
Actual,6040,2024-07-03,25.92,West,Travel & Entertainment,sample_gl
Actual,6040,2024-07-15,60.78,West,Travel & Entertainment,sample_gl
Actual,6040,2024-07-21,2.45,West,Travel & Entertainment,sample_gl
Actual,6040,2024-07-22,20.75,West,Travel & Entertainment,sample_gl
Actual,6040,2024-07-23,36.7,West,Travel & Entertainment,sample_gl
Actual,6040,2024-07-24,29.23,West,Travel & Entertainment,sample_gl
Actual,6040,2024-07-24,42.88,West,Travel & Entertainment,sample_gl
Actual,6040,2024-07-28,190.54,West,Travel & Entertainment,sample_gl
Actual,7000,2024-07-05,185.63,North,Interest Expense,sample_gl
Actual,7000,2024-07-10,196.2,North,Interest Expense,sample_gl
Actual,7000,2024-07-11,936.26,North,Interest Expense,sample_gl
Actual,7000,2024-07-18,444.2,North,Interest Expense,sample_gl
Actual,7000,2024-07-19,98.76,North,Interest Expense,sample_gl
Actual,7000,2024-07-19,756.22,North,Interest Expense,sample_gl
Actual,7000,2024-07-27,388.58,North,Interest Expense,sample_gl
Actual,7000,2024-07-28,828.68,North,Interest Expense,sample_gl
Actual,7000,2024-07-01,558.5,South,Interest Expense,sample_gl
Actual,7000,2024-07-07,114.59,South,Interest Expense,sample_gl
Actual,7000,2024-07-14,387.02,South,Interest Expense,sample_gl
Actual,7000,2024-07-15,100.05,South,Interest Expense,sample_gl
Actual,7000,2024-07-15,1591.82,South,Interest Expense,sample_gl
Actual,7000,2024-07-23,19.44,South,Interest Expense,sample_gl
Actual,7000,2024-07-30,1177.58,South,Interest Expense,sample_gl
Actual,7000,2024-07-31,284.83,South,Interest Expense,sample_gl
Actual,7000,2024-07-02,4.6,West,Interest Expense,sample_gl
Actual,7000,2024-07-06,986.2,West,Interest Expense,sample_gl
Actual,7000,2024-07-12,301.99,West,Interest Expense,sample_gl
Actual,7000,2024-07-13,724.86,West,Interest Expense,sample_gl
Actual,7000,2024-07-21,756.09,West,Interest Expense,sample_gl
Actual,7000,2024-07-21,186.0,West,Interest Expense,sample_gl
Actual,7000,2024-07-22,18.01,West,Interest Expense,sample_gl
Actual,7000,2024-07-29,1253.83,West,Interest Expense,sample_gl
Actual,4000,2024-08-01,-12372.89,North,Product Revenue,sample_gl
Actual,4000,2024-08-01,-5519.96,North,Product Revenue,sample_gl
Actual,4000,2024-08-04,-5196.63,North,Product Revenue,sample_gl
Actual,4000,2024-08-11,-43828.42,North,Product Revenue,sample_gl
Actual,4000,2024-08-15,-6855.48,North,Product Revenue,sample_gl
Actual,4000,2024-08-22,-53882.56,North,Product Revenue,sample_gl
Actual,4000,2024-08-23,-44963.33,North,Product Revenue,sample_gl
Actual,4000,2024-08-27,-2069.2,North,Product Revenue,sample_gl
Actual,4000,2024-08-05,-1487.36,South,Product Revenue,sample_gl
Actual,4000,2024-08-10,-21880.44,South,Product Revenue,sample_gl
Actual,4000,2024-08-11,-1703.6,South,Product Revenue,sample_gl
Actual,4000,2024-08-12,-68035.34,South,Product Revenue,sample_gl
Actual,4000,2024-08-13,-20974.91,South,Product Revenue,sample_gl
Actual,4000,2024-08-25,-18101.14,South,Product Revenue,sample_gl
Actual,4000,2024-08-27,-42082.95,South,Product Revenue,sample_gl
Actual,4000,2024-08-29,-1239.04,South,Product Revenue,sample_gl
Actual,4000,2024-08-05,-12296.71,West,Product Revenue,sample_gl
Actual,4000,2024-08-14,-1954.28,West,Product Revenue,sample_gl
Actual,4000,2024-08-15,-40223.99,West,Product Revenue,sample_gl
Actual,4000,2024-08-20,-29156.16,West,Product Revenue,sample_gl
Actual,4000,2024-08-21,-23103.38,West,Product Revenue,sample_gl
Actual,4000,2024-08-22,-15251.28,West,Product Revenue,sample_gl
Actual,4000,2024-08-24,-14651.16,West,Product Revenue,sample_gl
Actual,4000,2024-08-30,-5213.18,West,Product Revenue,sample_gl
Actual,4010,2024-08-03,-29840.84,North,Service Revenue,sample_gl
Actual,4010,2024-08-05,-2513.42,North,Service Revenue,sample_gl
Actual,4010,2024-08-08,-409.02,North,Service Revenue,sample_gl
Actual,4010,2024-08-08,-2739.95,North,Service Revenue,sample_gl
Actual,4010,2024-08-09,-1729.35,North,Service Revenue,sample_gl
Actual,4010,2024-08-11,-4771.84,North,Service Revenue,sample_gl
Actual,4010,2024-08-21,-3716.51,North,Service Revenue,sample_gl
Actual,4010,2024-08-26,-8202.12,North,Service Revenue,sample_gl
Actual,4010,2024-08-02,-5347.74,South,Service Revenue,sample_gl
Actual,4010,2024-08-07,-18126.14,South,Service Revenue,sample_gl
Actual,4010,2024-08-10,-222.69,South,Service Revenue,sample_gl
Actual,4010,2024-08-13,-1361.51,South,Service Revenue,sample_gl
Actual,4010,2024-08-17,-3113.64,South,Service Revenue,sample_gl
Actual,4010,2024-08-21,-14418.74,South,Service Revenue,sample_gl
Actual,4010,2024-08-24,-2692.23,South,Service Revenue,sample_gl
Actual,4010,2024-08-26,-2150.05,South,Service Revenue,sample_gl
Actual,4010,2024-08-01,-961.83,West,Service Revenue,sample_gl
Actual,4010,2024-08-05,-20097.32,West,Service Revenue,sample_gl
Actual,4010,2024-08-11,-11697.28,West,Service Revenue,sample_gl
Actual,4010,2024-08-12,-6602.32,West,Service Revenue,sample_gl
Actual,4010,2024-08-13,-4598.04,West,Service Revenue,sample_gl
Actual,4010,2024-08-27,-440.37,West,Service Revenue,sample_gl
Actual,4010,2024-08-28,-10609.09,West,Service Revenue,sample_gl
Actual,4010,2024-08-30,-2624.93,West,Service Revenue,sample_gl
Actual,5000,2024-08-02,5983.34,North,Cost of Goods Sold,sample_gl
Actual,5000,2024-08-02,24172.41,North,Cost of Goods Sold,sample_gl
Actual,5000,2024-08-10,6214.84,North,Cost of Goods Sold,sample_gl
Actual,5000,2024-08-13,2578.06,North,Cost of Goods Sold,sample_gl
Actual,5000,2024-08-17,5769.53,North,Cost of Goods Sold,sample_gl
Actual,5000,2024-08-26,909.08,North,Cost of Goods Sold,sample_gl
Actual,5000,2024-08-30,5316.41,North,Cost of Goods Sold,sample_gl
Actual,5000,2024-08-31,21645.24,North,Cost of Goods Sold,sample_gl
Actual,5000,2024-08-03,10774.18,South,Cost of Goods Sold,sample_gl
Actual,5000,2024-08-03,10733.63,South,Cost of Goods Sold,sample_gl
Actual,5000,2024-08-07,1149.75,South,Cost of Goods Sold,sample_gl
Actual,5000,2024-08-09,18007.24,South,Cost of Goods Sold,sample_gl
Actual,5000,2024-08-10,3932.91,South,Cost of Goods Sold,sample_gl
Actual,5000,2024-08-17,463.55,South,Cost of Goods Sold,sample_gl
Actual,5000,2024-08-26,7862.33,South,Cost of Goods Sold,sample_gl
Actual,5000,2024-08-30,16418.54,South,Cost of Goods Sold,sample_gl
Actual,5000,2024-08-02,602.85,West,Cost of Goods Sold,sample_gl
Actual,5000,2024-08-03,2016.51,West,Cost of Goods Sold,sample_gl
Actual,5000,2024-08-04,3911.93,West,Cost of Goods Sold,sample_gl
Actual,5000,2024-08-08,1829.47,West,Cost of Goods Sold,sample_gl
Actual,5000,2024-08-08,20784.62,West,Cost of Goods Sold,sample_gl
Actual,5000,2024-08-14,2177.97,West,Cost of Goods Sold,sample_gl
Actual,5000,2024-08-15,382.1,West,Cost of Goods Sold,sample_gl
Actual,5000,2024-08-30,15894.64,West,Cost of Goods Sold,sample_gl
Actual,5010,2024-08-01,3521.22,North,Direct Labor,sample_gl
Actual,5010,2024-08-06,4211.21,North,Direct Labor,sample_gl
Actual,5010,2024-08-12,3359.13,North,Direct Labor,sample_gl
Actual,5010,2024-08-16,10769.35,North,Direct Labor,sample_gl
Actual,5010,2024-08-17,502.29,North,Direct Labor,sample_gl
Actual,5010,2024-08-17,2169.3,North,Direct Labor,sample_gl
Actual,5010,2024-08-26,1519.76,North,Direct Labor,sample_gl
Actual,5010,2024-08-31,3774.24,North,Direct Labor,sample_gl
Actual,5010,2024-08-03,2242.85,South,Direct Labor,sample_gl
Actual,5010,2024-08-09,5181.41,South,Direct Labor,sample_gl
Actual,5010,2024-08-09,3055.89,South,Direct Labor,sample_gl
Actual,5010,2024-08-14,220.12,South,Direct Labor,sample_gl
Actual,5010,2024-08-17,2546.67,South,Direct Labor,sample_gl
Actual,5010,2024-08-19,1292.46,South,Direct Labor,sample_gl
Actual,5010,2024-08-21,1957.84,South,Direct Labor,sample_gl
Actual,5010,2024-08-23,12604.26,South,Direct Labor,sample_gl
Actual,5010,2024-08-04,1096.33,West,Direct Labor,sample_gl
Actual,5010,2024-08-04,2640.06,West,Direct Labor,sample_gl
Actual,5010,2024-08-08,2351.77,West,Direct Labor,sample_gl
Actual,5010,2024-08-19,3446.2,West,Direct Labor,sample_gl
Actual,5010,2024-08-22,2210.33,West,Direct Labor,sample_gl
Actual,5010,2024-08-24,922.63,West,Direct Labor,sample_gl
Actual,5010,2024-08-24,8815.5,West,Direct Labor,sample_gl
Actual,5010,2024-08-29,3412.43,West,Direct Labor,sample_gl
Actual,6000,2024-08-08,3487.72,North,Salaries & Wages,sample_gl
Actual,6000,2024-08-14,8658.99,North,Salaries & Wages,sample_gl
Actual,6000,2024-08-18,2263.32,North,Salaries & Wages,sample_gl
Actual,6000,2024-08-21,2284.01,North,Salaries & Wages,sample_gl
Actual,6000,2024-08-23,1945.59,North,Salaries & Wages,sample_gl
Actual,6000,2024-08-24,3841.35,North,Salaries & Wages,sample_gl
Actual,6000,2024-08-26,9772.92,North,Salaries & Wages,sample_gl
Actual,6000,2024-08-30,12525.28,North,Salaries & Wages,sample_gl
Actual,6000,2024-08-02,3264.81,South,Salaries & Wages,sample_gl
Actual,6000,2024-08-02,8477.54,South,Salaries & Wages,sample_gl
Actual,6000,2024-08-06,3410.0,South,Salaries & Wages,sample_gl
Actual,6000,2024-08-08,2109.68,South,Salaries & Wages,sample_gl
Actual,6000,2024-08-17,11972.27,South,Salaries & Wages,sample_gl
Actual,6000,2024-08-26,3496.08,South,Salaries & Wages,sample_gl
Actual,6000,2024-08-29,414.18,South,Salaries & Wages,sample_gl
Actual,6000,2024-08-31,4648.93,South,Salaries & Wages,sample_gl
Actual,6000,2024-08-08,5796.09,West,Salaries & Wages,sample_gl
Actual,6000,2024-08-10,15243.84,West,Salaries & Wages,sample_gl
Actual,6000,2024-08-12,7156.42,West,Salaries & Wages,sample_gl
Actual,6000,2024-08-15,1671.56,West,Salaries & Wages,sample_gl
Actual,6000,2024-08-19,773.28,West,Salaries & Wages,sample_gl
Actual,6000,2024-08-20,6770.7,West,Salaries & Wages,sample_gl
Actual,6000,2024-08-24,998.16,West,Salaries & Wages,sample_gl
Actual,6000,2024-08-26,85.19,West,Salaries & Wages,sample_gl
Actual,6010,2024-08-01,97.9,North,Rent & Facilities,sample_gl
Actual,6010,2024-08-08,3039.65,North,Rent & Facilities,sample_gl
Actual,6010,2024-08-12,280.65,North,Rent & Facilities,sample_gl
Actual,6010,2024-08-14,420.95,North,Rent & Facilities,sample_gl
Actual,6010,2024-08-18,3236.26,North,Rent & Facilities,sample_gl
Actual,6010,2024-08-21,455.28,North,Rent & Facilities,sample_gl
Actual,6010,2024-08-27,212.7,North,Rent & Facilities,sample_gl
Actual,6010,2024-08-30,2459.66,North,Rent & Facilities,sample_gl
Actual,6010,2024-08-02,450.62,South,Rent & Facilities,sample_gl
Actual,6010,2024-08-03,1925.35,South,Rent & Facilities,sample_gl
Actual,6010,2024-08-05,1863.89,South,Rent & Facilities,sample_gl
Actual,6010,2024-08-09,466.02,South,Rent & Facilities,sample_gl
Actual,6010,2024-08-14,2970.99,South,Rent & Facilities,sample_gl
Actual,6010,2024-08-16,1001.87,South,Rent & Facilities,sample_gl
Actual,6010,2024-08-23,513.99,South,Rent & Facilities,sample_gl
Actual,6010,2024-08-31,1071.85,South,Rent & Facilities,sample_gl
Actual,6010,2024-08-03,679.81,West,Rent & Facilities,sample_gl
Actual,6010,2024-08-04,746.85,West,Rent & Facilities,sample_gl
Actual,6010,2024-08-05,1756.94,West,Rent & Facilities,sample_gl
Actual,6010,2024-08-13,3276.86,West,Rent & Facilities,sample_gl
Actual,6010,2024-08-17,770.02,West,Rent & Facilities,sample_gl
Actual,6010,2024-08-19,2057.12,West,Rent & Facilities,sample_gl
Actual,6010,2024-08-21,820.01,West,Rent & Facilities,sample_gl
Actual,6010,2024-08-27,807.24,West,Rent & Facilities,sample_gl
Actual,6020,2024-08-03,628.39,North,Marketing,sample_gl
Actual,6020,2024-08-07,19.72,North,Marketing,sample_gl
Actual,6020,2024-08-08,69.96,North,Marketing,sample_gl
Actual,6020,2024-08-09,91.44,North,Marketing,sample_gl
Actual,6020,2024-08-11,1058.17,North,Marketing,sample_gl
Actual,6020,2024-08-11,806.07,North,Marketing,sample_gl
Actual,6020,2024-08-15,1906.62,North,Marketing,sample_gl
Actual,6020,2024-08-31,1367.03,North,Marketing,sample_gl
Actual,6020,2024-08-07,1737.54,South,Marketing,sample_gl
Actual,6020,2024-08-09,2394.33,South,Marketing,sample_gl
Actual,6020,2024-08-10,1713.97,South,Marketing,sample_gl
Actual,6020,2024-08-12,5747.32,South,Marketing,sample_gl
Actual,6020,2024-08-15,1948.56,South,Marketing,sample_gl
Actual,6020,2024-08-15,1977.19,South,Marketing,sample_gl
Actual,6020,2024-08-25,862.52,South,Marketing,sample_gl
Actual,6020,2024-08-31,2834.73,South,Marketing,sample_gl
Actual,6020,2024-08-02,2624.0,West,Marketing,sample_gl
Actual,6020,2024-08-08,1886.08,West,Marketing,sample_gl
Actual,6020,2024-08-12,3792.3,West,Marketing,sample_gl
Actual,6020,2024-08-13,88.03,West,Marketing,sample_gl
Actual,6020,2024-08-17,3986.32,West,Marketing,sample_gl
Actual,6020,2024-08-22,520.85,West,Marketing,sample_gl
Actual,6020,2024-08-23,1471.39,West,Marketing,sample_gl
Actual,6020,2024-08-31,722.95,West,Marketing,sample_gl
Actual,6030,2024-08-01,290.08,North,Software & Subscriptions,sample_gl
Actual,6030,2024-08-04,641.9,North,Software & Subscriptions,sample_gl
Actual,6030,2024-08-04,113.62,North,Software & Subscriptions,sample_gl
Actual,6030,2024-08-04,838.66,North,Software & Subscriptions,sample_gl
Actual,6030,2024-08-05,1343.89,North,Software & Subscriptions,sample_gl
Actual,6030,2024-08-15,445.33,North,Software & Subscriptions,sample_gl
Actual,6030,2024-08-26,736.69,North,Software & Subscriptions,sample_gl
Actual,6030,2024-08-26,293.64,North,Software & Subscriptions,sample_gl
Actual,6030,2024-08-01,246.14,South,Software & Subscriptions,sample_gl
Actual,6030,2024-08-03,496.33,South,Software & Subscriptions,sample_gl
Actual,6030,2024-08-03,1168.88,South,Software & Subscriptions,sample_gl
Actual,6030,2024-08-07,644.99,South,Software & Subscriptions,sample_gl
Actual,6030,2024-08-21,101.25,South,Software & Subscriptions,sample_gl
Actual,6030,2024-08-27,2123.57,South,Software & Subscriptions,sample_gl
Actual,6030,2024-08-29,436.53,South,Software & Subscriptions,sample_gl
Actual,6030,2024-08-30,547.22,South,Software & Subscriptions,sample_gl
Actual,6030,2024-08-06,160.57,West,Software & Subscriptions,sample_gl
Actual,6030,2024-08-13,780.57,West,Software & Subscriptions,sample_gl
Actual,6030,2024-08-14,78.12,West,Software & Subscriptions,sample_gl
Actual,6030,2024-08-16,150.12,West,Software & Subscriptions,sample_gl
Actual,6030,2024-08-19,354.75,West,Software & Subscriptions,sample_gl
Actual,6030,2024-08-24,2196.75,West,Software & Subscriptions,sample_gl
Actual,6030,2024-08-27,1090.38,West,Software & Subscriptions,sample_gl
Actual,6030,2024-08-30,634.89,West,Software & Subscriptions,sample_gl
Actual,6040,2024-08-08,341.15,North,Travel & Entertainment,sample_gl
Actual,6040,2024-08-10,426.63,North,Travel & Entertainment,sample_gl
Actual,6040,2024-08-14,348.1,North,Travel & Entertainment,sample_gl
Actual,6040,2024-08-16,449.35,North,Travel & Entertainment,sample_gl
Actual,6040,2024-08-16,1376.48,North,Travel & Entertainment,sample_gl
Actual,6040,2024-08-18,587.1,North,Travel & Entertainment,sample_gl
Actual,6040,2024-08-21,1420.45,North,Travel & Entertainment,sample_gl
Actual,6040,2024-08-29,645.32,North,Travel & Entertainment,sample_gl
Actual,6040,2024-08-01,99.91,South,Travel & Entertainment,sample_gl
Actual,6040,2024-08-12,936.82,South,Travel & Entertainment,sample_gl
Actual,6040,2024-08-13,196.16,South,Travel & Entertainment,sample_gl
Actual,6040,2024-08-18,85.99,South,Travel & Entertainment,sample_gl
Actual,6040,2024-08-23,520.02,South,Travel & Entertainment,sample_gl
Actual,6040,2024-08-26,329.56,South,Travel & Entertainment,sample_gl
Actual,6040,2024-08-26,827.22,South,Travel & Entertainment,sample_gl
Actual,6040,2024-08-26,837.88,South,Travel & Entertainment,sample_gl
Actual,6040,2024-08-02,300.42,West,Travel & Entertainment,sample_gl
Actual,6040,2024-08-09,499.21,West,Travel & Entertainment,sample_gl
Actual,6040,2024-08-12,1171.09,West,Travel & Entertainment,sample_gl
Actual,6040,2024-08-16,329.96,West,Travel & Entertainment,sample_gl
Actual,6040,2024-08-17,148.34,West,Travel & Entertainment,sample_gl
Actual,6040,2024-08-25,473.12,West,Travel & Entertainment,sample_gl
Actual,6040,2024-08-26,76.88,West,Travel & Entertainment,sample_gl
Actual,6040,2024-08-26,1.18,West,Travel & Entertainment,sample_gl
Actual,7000,2024-08-02,690.8,North,Interest Expense,sample_gl
Actual,7000,2024-08-08,249.89,North,Interest Expense,sample_gl
Actual,7000,2024-08-19,323.92,North,Interest Expense,sample_gl
Actual,7000,2024-08-24,280.03,North,Interest Expense,sample_gl
Actual,7000,2024-08-25,2174.4,North,Interest Expense,sample_gl
Actual,7000,2024-08-28,188.73,North,Interest Expense,sample_gl
Actual,7000,2024-08-30,35.3,North,Interest Expense,sample_gl
Actual,7000,2024-08-31,33.64,North,Interest Expense,sample_gl
Actual,7000,2024-08-01,566.74,South,Interest Expense,sample_gl
Actual,7000,2024-08-12,133.43,South,Interest Expense,sample_gl
Actual,7000,2024-08-19,1461.97,South,Interest Expense,sample_gl
Actual,7000,2024-08-19,1069.96,South,Interest Expense,sample_gl
Actual,7000,2024-08-19,104.87,South,Interest Expense,sample_gl
Actual,7000,2024-08-23,445.38,South,Interest Expense,sample_gl
Actual,7000,2024-08-23,87.82,South,Interest Expense,sample_gl
Actual,7000,2024-08-31,118.1,South,Interest Expense,sample_gl
Actual,7000,2024-08-01,682.03,West,Interest Expense,sample_gl
Actual,7000,2024-08-02,592.92,West,Interest Expense,sample_gl
Actual,7000,2024-08-02,34.69,West,Interest Expense,sample_gl
Actual,7000,2024-08-03,527.42,West,Interest Expense,sample_gl
Actual,7000,2024-08-08,523.25,West,Interest Expense,sample_gl
Actual,7000,2024-08-08,723.66,West,Interest Expense,sample_gl
Actual,7000,2024-08-17,15.45,West,Interest Expense,sample_gl
Actual,7000,2024-08-20,743.89,West,Interest Expense,sample_gl
Actual,4000,2024-09-04,-12375.12,North,Product Revenue,sample_gl
Actual,4000,2024-09-05,-45047.89,North,Product Revenue,sample_gl
Actual,4000,2024-09-05,-4833.37,North,Product Revenue,sample_gl
Actual,4000,2024-09-19,-27538.43,North,Product Revenue,sample_gl
Actual,4000,2024-09-23,-10189.55,North,Product Revenue,sample_gl
Actual,4000,2024-09-25,-12987.85,North,Product Revenue,sample_gl
Actual,4000,2024-09-28,-7233.89,North,Product Revenue,sample_gl
Actual,4000,2024-09-30,-50410.81,North,Product Revenue,sample_gl
Actual,4000,2024-09-05,-28284.33,South,Product Revenue,sample_gl
Actual,4000,2024-09-06,-7961.47,South,Product Revenue,sample_gl
Actual,4000,2024-09-11,-69158.04,South,Product Revenue,sample_gl
Actual,4000,2024-09-14,-7205.76,South,Product Revenue,sample_gl
Actual,4000,2024-09-16,-15169.94,South,Product Revenue,sample_gl
Actual,4000,2024-09-21,-23031.96,South,Product Revenue,sample_gl
Actual,4000,2024-09-24,-6477.97,South,Product Revenue,sample_gl
Actual,4000,2024-09-26,-5075.04,South,Product Revenue,sample_gl
Actual,4000,2024-09-01,-5112.98,West,Product Revenue,sample_gl
Actual,4000,2024-09-05,-56717.75,West,Product Revenue,sample_gl
Actual,4000,2024-09-06,-33281.62,West,Product Revenue,sample_gl
Actual,4000,2024-09-10,-54679.49,West,Product Revenue,sample_gl
Actual,4000,2024-09-10,-14.2,West,Product Revenue,sample_gl
Actual,4000,2024-09-23,-2588.77,West,Product Revenue,sample_gl
Actual,4000,2024-09-24,-4594.53,West,Product Revenue,sample_gl
Actual,4000,2024-09-24,-902.65,West,Product Revenue,sample_gl
Actual,4010,2024-09-04,-3719.54,North,Service Revenue,sample_gl
Actual,4010,2024-09-08,-11555.02,North,Service Revenue,sample_gl
Actual,4010,2024-09-19,-556.92,North,Service Revenue,sample_gl
Actual,4010,2024-09-20,-747.75,North,Service Revenue,sample_gl
Actual,4010,2024-09-21,-7140.86,North,Service Revenue,sample_gl
Actual,4010,2024-09-26,-6692.77,North,Service Revenue,sample_gl
Actual,4010,2024-09-30,-15627.08,North,Service Revenue,sample_gl
Actual,4010,2024-09-30,-1764.98,North,Service Revenue,sample_gl
Actual,4010,2024-09-01,-2615.39,South,Service Revenue,sample_gl
Actual,4010,2024-09-07,-16422.91,South,Service Revenue,sample_gl
Actual,4010,2024-09-08,-3757.46,South,Service Revenue,sample_gl
Actual,4010,2024-09-09,-1008.56,South,Service Revenue,sample_gl
Actual,4010,2024-09-11,-13849.32,South,Service Revenue,sample_gl
Actual,4010,2024-09-15,-1479.55,South,Service Revenue,sample_gl
Actual,4010,2024-09-24,-3618.09,South,Service Revenue,sample_gl
Actual,4010,2024-09-29,-11569.17,South,Service Revenue,sample_gl
Actual,4010,2024-09-06,-9262.88,West,Service Revenue,sample_gl
Actual,4010,2024-09-12,-6149.64,West,Service Revenue,sample_gl
Actual,4010,2024-09-13,-3118.24,West,Service Revenue,sample_gl
Actual,4010,2024-09-14,-5205.35,West,Service Revenue,sample_gl
Actual,4010,2024-09-16,-7398.88,West,Service Revenue,sample_gl
Actual,4010,2024-09-18,-1251.83,West,Service Revenue,sample_gl
Actual,4010,2024-09-29,-1645.64,West,Service Revenue,sample_gl
Actual,4010,2024-09-29,-7029.53,West,Service Revenue,sample_gl
Actual,5000,2024-09-01,6268.51,North,Cost of Goods Sold,sample_gl
Actual,5000,2024-09-03,19010.15,North,Cost of Goods Sold,sample_gl
Actual,5000,2024-09-04,11552.63,North,Cost of Goods Sold,sample_gl
Actual,5000,2024-09-06,3163.34,North,Cost of Goods Sold,sample_gl
Actual,5000,2024-09-09,1320.57,North,Cost of Goods Sold,sample_gl
Actual,5000,2024-09-11,7967.57,North,Cost of Goods Sold,sample_gl
Actual,5000,2024-09-11,11185.74,North,Cost of Goods Sold,sample_gl
Actual,5000,2024-09-29,6859.05,North,Cost of Goods Sold,sample_gl
Actual,5000,2024-09-01,3459.54,South,Cost of Goods Sold,sample_gl
Actual,5000,2024-09-06,17928.2,South,Cost of Goods Sold,sample_gl
Actual,5000,2024-09-14,5050.54,South,Cost of Goods Sold,sample_gl
Actual,5000,2024-09-16,1609.79,South,Cost of Goods Sold,sample_gl
Actual,5000,2024-09-20,7745.97,South,Cost of Goods Sold,sample_gl
Actual,5000,2024-09-21,23995.31,South,Cost of Goods Sold,sample_gl
Actual,5000,2024-09-23,3153.94,South,Cost of Goods Sold,sample_gl
Actual,5000,2024-09-29,1653.79,South,Cost of Goods Sold,sample_gl
Actual,5000,2024-09-02,209.11,West,Cost of Goods Sold,sample_gl
Actual,5000,2024-09-04,2777.94,West,Cost of Goods Sold,sample_gl
Actual,5000,2024-09-08,1815.28,West,Cost of Goods Sold,sample_gl
Actual,5000,2024-09-10,21521.25,West,Cost of Goods Sold,sample_gl
Actual,5000,2024-09-13,582.0,West,Cost of Goods Sold,sample_gl
Actual,5000,2024-09-18,7351.46,West,Cost of Goods Sold,sample_gl
Actual,5000,2024-09-19,10895.24,West,Cost of Goods Sold,sample_gl
Actual,5000,2024-09-27,9651.0,West,Cost of Goods Sold,sample_gl
Actual,5010,2024-09-01,2318.91,North,Direct Labor,sample_gl
Actual,5010,2024-09-03,5526.92,North,Direct Labor,sample_gl
Actual,5010,2024-09-04,2267.44,North,Direct Labor,sample_gl
Actual,5010,2024-09-06,2331.45,North,Direct Labor,sample_gl
Actual,5010,2024-09-07,1400.18,North,Direct Labor,sample_gl
Actual,5010,2024-09-10,2974.79,North,Direct Labor,sample_gl
Actual,5010,2024-09-16,4649.41,North,Direct Labor,sample_gl
Actual,5010,2024-09-21,3975.18,North,Direct Labor,sample_gl
Actual,5010,2024-09-02,1813.89,South,Direct Labor,sample_gl
Actual,5010,2024-09-06,708.26,South,Direct Labor,sample_gl
Actual,5010,2024-09-09,4135.59,South,Direct Labor,sample_gl
Actual,5010,2024-09-09,1245.36,South,Direct Labor,sample_gl
Actual,5010,2024-09-12,2213.81,South,Direct Labor,sample_gl
Actual,5010,2024-09-15,9525.0,South,Direct Labor,sample_gl
Actual,5010,2024-09-15,2494.47,South,Direct Labor,sample_gl
Actual,5010,2024-09-15,7291.09,South,Direct Labor,sample_gl
Actual,5010,2024-09-02,7784.07,West,Direct Labor,sample_gl
Actual,5010,2024-09-08,5003.38,West,Direct Labor,sample_gl
Actual,5010,2024-09-14,4475.25,West,Direct Labor,sample_gl
Actual,5010,2024-09-18,1656.03,West,Direct Labor,sample_gl
Actual,5010,2024-09-18,3777.5,West,Direct Labor,sample_gl
Actual,5010,2024-09-19,8235.03,West,Direct Labor,sample_gl
Actual,5010,2024-09-25,966.77,West,Direct Labor,sample_gl
Actual,5010,2024-09-27,1135.44,West,Direct Labor,sample_gl
Actual,6000,2024-09-02,5778.84,North,Salaries & Wages,sample_gl
Actual,6000,2024-09-17,772.76,North,Salaries & Wages,sample_gl
Actual,6000,2024-09-17,11047.38,North,Salaries & Wages,sample_gl
Actual,6000,2024-09-19,4798.95,North,Salaries & Wages,sample_gl
Actual,6000,2024-09-23,14798.15,North,Salaries & Wages,sample_gl
Actual,6000,2024-09-26,7.58,North,Salaries & Wages,sample_gl
Actual,6000,2024-09-28,1312.95,North,Salaries & Wages,sample_gl
Actual,6000,2024-09-29,675.88,North,Salaries & Wages,sample_gl
Actual,6000,2024-09-02,10972.45,South,Salaries & Wages,sample_gl
Actual,6000,2024-09-03,7552.5,South,Salaries & Wages,sample_gl
Actual,6000,2024-09-05,8162.04,South,Salaries & Wages,sample_gl
Actual,6000,2024-09-07,8802.33,South,Salaries & Wages,sample_gl
Actual,6000,2024-09-07,3263.25,South,Salaries & Wages,sample_gl
Actual,6000,2024-09-14,143.36,South,Salaries & Wages,sample_gl
Actual,6000,2024-09-22,3535.51,South,Salaries & Wages,sample_gl
Actual,6000,2024-09-26,116.19,South,Salaries & Wages,sample_gl
Actual,6000,2024-09-09,6285.48,West,Salaries & Wages,sample_gl
Actual,6000,2024-09-11,11291.94,West,Salaries & Wages,sample_gl
Actual,6000,2024-09-13,218.48,West,Salaries & Wages,sample_gl
Actual,6000,2024-09-15,4367.11,West,Salaries & Wages,sample_gl
Actual,6000,2024-09-17,4262.25,West,Salaries & Wages,sample_gl
Actual,6000,2024-09-18,6934.09,West,Salaries & Wages,sample_gl
Actual,6000,2024-09-28,3686.28,West,Salaries & Wages,sample_gl
Actual,6000,2024-09-30,5366.58,West,Salaries & Wages,sample_gl
Actual,6010,2024-09-04,1023.54,North,Rent & Facilities,sample_gl
Actual,6010,2024-09-04,1876.02,North,Rent & Facilities,sample_gl
Actual,6010,2024-09-19,585.56,North,Rent & Facilities,sample_gl
Actual,6010,2024-09-19,397.03,North,Rent & Facilities,sample_gl
Actual,6010,2024-09-19,282.23,North,Rent & Facilities,sample_gl
Actual,6010,2024-09-25,757.03,North,Rent & Facilities,sample_gl
Actual,6010,2024-09-25,507.25,North,Rent & Facilities,sample_gl
Actual,6010,2024-09-30,4706.37,North,Rent & Facilities,sample_gl
Actual,6010,2024-09-05,385.06,South,Rent & Facilities,sample_gl
Actual,6010,2024-09-09,1973.78,South,Rent & Facilities,sample_gl
Actual,6010,2024-09-13,932.45,South,Rent & Facilities,sample_gl
Actual,6010,2024-09-13,4113.0,South,Rent & Facilities,sample_gl
Actual,6010,2024-09-20,1427.98,South,Rent & Facilities,sample_gl
Actual,6010,2024-09-20,74.04,South,Rent & Facilities,sample_gl
Actual,6010,2024-09-22,236.34,South,Rent & Facilities,sample_gl
Actual,6010,2024-09-23,786.0,South,Rent & Facilities,sample_gl
Actual,6010,2024-09-01,976.45,West,Rent & Facilities,sample_gl
Actual,6010,2024-09-09,359.57,West,Rent & Facilities,sample_gl
Actual,6010,2024-09-10,3069.27,West,Rent & Facilities,sample_gl
Actual,6010,2024-09-10,482.26,West,Rent & Facilities,sample_gl
Actual,6010,2024-09-11,2033.72,West,Rent & Facilities,sample_gl
Actual,6010,2024-09-26,1717.11,West,Rent & Facilities,sample_gl
Actual,6010,2024-09-27,1047.06,West,Rent & Facilities,sample_gl
Actual,6010,2024-09-27,256.3,West,Rent & Facilities,sample_gl
Actual,6020,2024-09-03,2408.46,North,Marketing,sample_gl
Actual,6020,2024-09-07,5397.97,North,Marketing,sample_gl
Actual,6020,2024-09-07,3419.02,North,Marketing,sample_gl
Actual,6020,2024-09-14,281.01,North,Marketing,sample_gl
Actual,6020,2024-09-15,932.1,North,Marketing,sample_gl
Actual,6020,2024-09-20,44.72,North,Marketing,sample_gl
Actual,6020,2024-09-21,654.78,North,Marketing,sample_gl
Actual,6020,2024-09-30,2012.11,North,Marketing,sample_gl
Actual,6020,2024-09-05,284.06,South,Marketing,sample_gl
Actual,6020,2024-09-10,1607.47,South,Marketing,sample_gl
Actual,6020,2024-09-13,556.64,South,Marketing,sample_gl
Actual,6020,2024-09-17,2030.82,South,Marketing,sample_gl
Actual,6020,2024-09-17,3694.3,South,Marketing,sample_gl
Actual,6020,2024-09-23,39.71,South,Marketing,sample_gl
Actual,6020,2024-09-25,415.63,South,Marketing,sample_gl
Actual,6020,2024-09-28,1184.07,South,Marketing,sample_gl
Actual,6020,2024-09-09,615.21,West,Marketing,sample_gl
Actual,6020,2024-09-12,1878.24,West,Marketing,sample_gl
Actual,6020,2024-09-13,1081.15,West,Marketing,sample_gl
Actual,6020,2024-09-15,3922.83,West,Marketing,sample_gl
Actual,6020,2024-09-17,4315.96,West,Marketing,sample_gl
Actual,6020,2024-09-21,144.19,West,Marketing,sample_gl
Actual,6020,2024-09-27,5564.45,West,Marketing,sample_gl
Actual,6020,2024-09-30,2607.11,West,Marketing,sample_gl
Actual,6030,2024-09-06,730.99,North,Software & Subscriptions,sample_gl
Actual,6030,2024-09-09,548.16,North,Software & Subscriptions,sample_gl
Actual,6030,2024-09-12,455.43,North,Software & Subscriptions,sample_gl
Actual,6030,2024-09-12,833.23,North,Software & Subscriptions,sample_gl
Actual,6030,2024-09-24,523.17,North,Software & Subscriptions,sample_gl
Actual,6030,2024-09-27,755.01,North,Software & Subscriptions,sample_gl
Actual,6030,2024-09-27,483.75,North,Software & Subscriptions,sample_gl
Actual,6030,2024-09-29,157.42,North,Software & Subscriptions,sample_gl
Actual,6030,2024-09-01,581.79,South,Software & Subscriptions,sample_gl
Actual,6030,2024-09-09,179.78,South,Software & Subscriptions,sample_gl
Actual,6030,2024-09-14,222.36,South,Software & Subscriptions,sample_gl
Actual,6030,2024-09-17,1100.7,South,Software & Subscriptions,sample_gl
Actual,6030,2024-09-21,590.29,South,Software & Subscriptions,sample_gl
Actual,6030,2024-09-25,324.75,South,Software & Subscriptions,sample_gl
Actual,6030,2024-09-25,521.78,South,Software & Subscriptions,sample_gl
Actual,6030,2024-09-28,875.61,South,Software & Subscriptions,sample_gl
Actual,6030,2024-09-09,916.08,West,Software & Subscriptions,sample_gl
Actual,6030,2024-09-10,352.38,West,Software & Subscriptions,sample_gl
Actual,6030,2024-09-13,658.5,West,Software & Subscriptions,sample_gl
Actual,6030,2024-09-14,258.78,West,Software & Subscriptions,sample_gl
Actual,6030,2024-09-21,268.05,West,Software & Subscriptions,sample_gl
Actual,6030,2024-09-23,164.23,West,Software & Subscriptions,sample_gl
Actual,6030,2024-09-23,957.1,West,Software & Subscriptions,sample_gl
Actual,6030,2024-09-29,623.07,West,Software & Subscriptions,sample_gl
Actual,6040,2024-09-10,623.56,North,Travel & Entertainment,sample_gl
Actual,6040,2024-09-12,432.4,North,Travel & Entertainment,sample_gl
Actual,6040,2024-09-18,1494.92,North,Travel & Entertainment,sample_gl
Actual,6040,2024-09-20,364.63,North,Travel & Entertainment,sample_gl
Actual,6040,2024-09-20,3341.82,North,Travel & Entertainment,sample_gl
Actual,6040,2024-09-21,2157.72,North,Travel & Entertainment,sample_gl
Actual,6040,2024-09-27,1239.26,North,Travel & Entertainment,sample_gl
Actual,6040,2024-09-27,113.69,North,Travel & Entertainment,sample_gl
Actual,6040,2024-09-05,206.13,South,Travel & Entertainment,sample_gl
Actual,6040,2024-09-07,301.9,South,Travel & Entertainment,sample_gl
Actual,6040,2024-09-10,364.41,South,Travel & Entertainment,sample_gl
Actual,6040,2024-09-17,287.85,South,Travel & Entertainment,sample_gl
Actual,6040,2024-09-21,306.83,South,Travel & Entertainment,sample_gl
Actual,6040,2024-09-23,1473.77,South,Travel & Entertainment,sample_gl
Actual,6040,2024-09-25,171.68,South,Travel & Entertainment,sample_gl
Actual,6040,2024-09-29,518.03,South,Travel & Entertainment,sample_gl
Actual,6040,2024-09-02,1806.19,West,Travel & Entertainment,sample_gl
Actual,6040,2024-09-09,1262.44,West,Travel & Entertainment,sample_gl
Actual,6040,2024-09-10,291.01,West,Travel & Entertainment,sample_gl
Actual,6040,2024-09-13,252.66,West,Travel & Entertainment,sample_gl
Actual,6040,2024-09-13,142.38,West,Travel & Entertainment,sample_gl
Actual,6040,2024-09-14,540.25,West,Travel & Entertainment,sample_gl
Actual,6040,2024-09-24,940.76,West,Travel & Entertainment,sample_gl
Actual,6040,2024-09-30,27.61,West,Travel & Entertainment,sample_gl
Actual,7000,2024-09-06,393.45,North,Interest Expense,sample_gl
Actual,7000,2024-09-10,122.31,North,Interest Expense,sample_gl
Actual,7000,2024-09-12,214.42,North,Interest Expense,sample_gl
Actual,7000,2024-09-16,312.48,North,Interest Expense,sample_gl
Actual,7000,2024-09-17,2215.88,North,Interest Expense,sample_gl
Actual,7000,2024-09-22,130.18,North,Interest Expense,sample_gl
Actual,7000,2024-09-28,144.54,North,Interest Expense,sample_gl
Actual,7000,2024-09-30,497.87,North,Interest Expense,sample_gl
Actual,7000,2024-09-03,1044.48,South,Interest Expense,sample_gl
Actual,7000,2024-09-08,134.26,South,Interest Expense,sample_gl
Actual,7000,2024-09-08,52.25,South,Interest Expense,sample_gl
Actual,7000,2024-09-11,97.14,South,Interest Expense,sample_gl
Actual,7000,2024-09-12,1655.12,South,Interest Expense,sample_gl
Actual,7000,2024-09-21,175.9,South,Interest Expense,sample_gl
Actual,7000,2024-09-22,253.04,South,Interest Expense,sample_gl
Actual,7000,2024-09-29,596.42,South,Interest Expense,sample_gl
Actual,7000,2024-09-02,466.61,West,Interest Expense,sample_gl
Actual,7000,2024-09-03,291.02,West,Interest Expense,sample_gl
Actual,7000,2024-09-16,851.17,West,Interest Expense,sample_gl
Actual,7000,2024-09-19,230.21,West,Interest Expense,sample_gl
Actual,7000,2024-09-19,224.39,West,Interest Expense,sample_gl
Actual,7000,2024-09-20,587.5,West,Interest Expense,sample_gl
Actual,7000,2024-09-21,740.52,West,Interest Expense,sample_gl
Actual,7000,2024-09-28,502.96,West,Interest Expense,sample_gl
Actual,4000,2024-10-05,-11431.16,North,Product Revenue,sample_gl
Actual,4000,2024-10-11,-4492.16,North,Product Revenue,sample_gl
Actual,4000,2024-10-11,-19614.68,North,Product Revenue,sample_gl
Actual,4000,2024-10-14,-26217.97,North,Product Revenue,sample_gl
Actual,4000,2024-10-15,-3786.25,North,Product Revenue,sample_gl
Actual,4000,2024-10-19,-104386.24,North,Product Revenue,sample_gl
Actual,4000,2024-10-29,-24481.86,North,Product Revenue,sample_gl
Actual,4000,2024-10-30,-2632.42,North,Product Revenue,sample_gl
Actual,4000,2024-10-06,-27034.03,South,Product Revenue,sample_gl
Actual,4000,2024-10-07,-6064.44,South,Product Revenue,sample_gl
Actual,4000,2024-10-09,-56528.67,South,Product Revenue,sample_gl
Actual,4000,2024-10-15,-80.28,South,Product Revenue,sample_gl
Actual,4000,2024-10-19,-898.66,South,Product Revenue,sample_gl
Actual,4000,2024-10-25,-72290.98,South,Product Revenue,sample_gl
Actual,4000,2024-10-25,-1140.32,South,Product Revenue,sample_gl
Actual,4000,2024-10-25,-44871.31,South,Product Revenue,sample_gl
Actual,4000,2024-10-01,-680.72,West,Product Revenue,sample_gl
Actual,4000,2024-10-07,-2276.7,West,Product Revenue,sample_gl
Actual,4000,2024-10-11,-34392.36,West,Product Revenue,sample_gl
Actual,4000,2024-10-12,-50308.2,West,Product Revenue,sample_gl
Actual,4000,2024-10-18,-33438.23,West,Product Revenue,sample_gl
Actual,4000,2024-10-24,-3836.98,West,Product Revenue,sample_gl
Actual,4000,2024-10-29,-19831.13,West,Product Revenue,sample_gl
Actual,4000,2024-10-31,-20306.12,West,Product Revenue,sample_gl
Actual,4010,2024-10-04,-2290.09,North,Service Revenue,sample_gl
Actual,4010,2024-10-05,-980.22,North,Service Revenue,sample_gl
Actual,4010,2024-10-06,-18452.54,North,Service Revenue,sample_gl
Actual,4010,2024-10-10,-1115.09,North,Service Revenue,sample_gl
Actual,4010,2024-10-10,-3223.98,North,Service Revenue,sample_gl
Actual,4010,2024-10-13,-191.81,North,Service Revenue,sample_gl
Actual,4010,2024-10-17,-21256.02,North,Service Revenue,sample_gl
Actual,4010,2024-10-19,-2581.54,North,Service Revenue,sample_gl
Actual,4010,2024-10-06,-6378.93,South,Service Revenue,sample_gl
Actual,4010,2024-10-07,-4726.25,South,Service Revenue,sample_gl
Actual,4010,2024-10-12,-8506.81,South,Service Revenue,sample_gl
Actual,4010,2024-10-16,-9057.54,South,Service Revenue,sample_gl
Actual,4010,2024-10-25,-6683.77,South,Service Revenue,sample_gl
Actual,4010,2024-10-29,-335.84,South,Service Revenue,sample_gl
Actual,4010,2024-10-30,-8951.92,South,Service Revenue,sample_gl
Actual,4010,2024-10-31,-3976.67,South,Service Revenue,sample_gl
Actual,4010,2024-10-02,-2269.26,West,Service Revenue,sample_gl
Actual,4010,2024-10-04,-9677.41,West,Service Revenue,sample_gl
Actual,4010,2024-10-06,-13028.13,West,Service Revenue,sample_gl
Actual,4010,2024-10-12,-5550.17,West,Service Revenue,sample_gl
Actual,4010,2024-10-13,-392.43,West,Service Revenue,sample_gl
Actual,4010,2024-10-21,-10021.72,West,Service Revenue,sample_gl
Actual,4010,2024-10-23,-5517.56,West,Service Revenue,sample_gl
Actual,4010,2024-10-26,-248.46,West,Service Revenue,sample_gl
Actual,5000,2024-10-04,12145.78,North,Cost of Goods Sold,sample_gl
Actual,5000,2024-10-09,9268.35,North,Cost of Goods Sold,sample_gl
Actual,5000,2024-10-13,2469.92,North,Cost of Goods Sold,sample_gl
Actual,5000,2024-10-14,26111.18,North,Cost of Goods Sold,sample_gl
Actual,5000,2024-10-15,2486.89,North,Cost of Goods Sold,sample_gl
Actual,5000,2024-10-16,64.91,North,Cost of Goods Sold,sample_gl
Actual,5000,2024-10-18,2594.43,North,Cost of Goods Sold,sample_gl
Actual,5000,2024-10-23,24176.85,North,Cost of Goods Sold,sample_gl
Actual,5000,2024-10-04,7251.87,South,Cost of Goods Sold,sample_gl
Actual,5000,2024-10-05,528.81,South,Cost of Goods Sold,sample_gl
Actual,5000,2024-10-14,254.01,South,Cost of Goods Sold,sample_gl
Actual,5000,2024-10-17,5521.77,South,Cost of Goods Sold,sample_gl
Actual,5000,2024-10-20,75.25,South,Cost of Goods Sold,sample_gl
Actual,5000,2024-10-23,4316.07,South,Cost of Goods Sold,sample_gl
Actual,5000,2024-10-27,31103.77,South,Cost of Goods Sold,sample_gl
Actual,5000,2024-10-29,19192.54,South,Cost of Goods Sold,sample_gl
Actual,5000,2024-10-02,167.38,West,Cost of Goods Sold,sample_gl
Actual,5000,2024-10-06,12529.49,West,Cost of Goods Sold,sample_gl
Actual,5000,2024-10-10,7513.78,West,Cost of Goods Sold,sample_gl
Actual,5000,2024-10-14,20848.02,West,Cost of Goods Sold,sample_gl
Actual,5000,2024-10-16,10001.23,West,Cost of Goods Sold,sample_gl
Actual,5000,2024-10-18,4380.02,West,Cost of Goods Sold,sample_gl
Actual,5000,2024-10-23,1604.38,West,Cost of Goods Sold,sample_gl
Actual,5000,2024-10-30,4088.28,West,Cost of Goods Sold,sample_gl
Actual,5010,2024-10-03,2668.24,North,Direct Labor,sample_gl
Actual,5010,2024-10-03,3421.09,North,Direct Labor,sample_gl
Actual,5010,2024-10-05,651.5,North,Direct Labor,sample_gl
Actual,5010,2024-10-16,1057.12,North,Direct Labor,sample_gl
Actual,5010,2024-10-17,4432.25,North,Direct Labor,sample_gl
Actual,5010,2024-10-22,6830.23,North,Direct Labor,sample_gl
Actual,5010,2024-10-25,6983.44,North,Direct Labor,sample_gl
Actual,5010,2024-10-31,298.57,North,Direct Labor,sample_gl
Actual,5010,2024-10-02,1300.46,South,Direct Labor,sample_gl
Actual,5010,2024-10-10,1391.72,South,Direct Labor,sample_gl
Actual,5010,2024-10-11,2140.01,South,Direct Labor,sample_gl
Actual,5010,2024-10-12,13966.8,South,Direct Labor,sample_gl
Actual,5010,2024-10-14,2130.69,South,Direct Labor,sample_gl
Actual,5010,2024-10-22,557.26,South,Direct Labor,sample_gl
Actual,5010,2024-10-26,2658.07,South,Direct Labor,sample_gl
Actual,5010,2024-10-28,4194.25,South,Direct Labor,sample_gl
Actual,5010,2024-10-09,2591.37,West,Direct Labor,sample_gl
Actual,5010,2024-10-12,2506.81,West,Direct Labor,sample_gl
Actual,5010,2024-10-15,2480.2,West,Direct Labor,sample_gl
Actual,5010,2024-10-20,3174.91,West,Direct Labor,sample_gl
Actual,5010,2024-10-24,419.91,West,Direct Labor,sample_gl
Actual,5010,2024-10-29,11547.04,West,Direct Labor,sample_gl
Actual,5010,2024-10-29,4107.82,West,Direct Labor,sample_gl
Actual,5010,2024-10-31,1050.75,West,Direct Labor,sample_gl
Actual,6000,2024-10-04,2511.71,North,Salaries & Wages,sample_gl
Actual,6000,2024-10-05,4314.88,North,Salaries & Wages,sample_gl
Actual,6000,2024-10-06,10991.05,North,Salaries & Wages,sample_gl
Actual,6000,2024-10-21,7483.02,North,Salaries & Wages,sample_gl
Actual,6000,2024-10-23,3753.57,North,Salaries & Wages,sample_gl
Actual,6000,2024-10-24,5305.18,North,Salaries & Wages,sample_gl
Actual,6000,2024-10-26,6004.58,North,Salaries & Wages,sample_gl
Actual,6000,2024-10-29,2464.03,North,Salaries & Wages,sample_gl
Actual,6000,2024-10-01,4081.78,South,Salaries & Wages,sample_gl
Actual,6000,2024-10-06,640.36,South,Salaries & Wages,sample_gl
Actual,6000,2024-10-12,10142.46,South,Salaries & Wages,sample_gl
Actual,6000,2024-10-13,9873.24,South,Salaries & Wages,sample_gl
Actual,6000,2024-10-20,5568.47,South,Salaries & Wages,sample_gl
Actual,6000,2024-10-20,2958.63,South,Salaries & Wages,sample_gl
Actual,6000,2024-10-25,1917.2,South,Salaries & Wages,sample_gl
Actual,6000,2024-10-28,959.76,South,Salaries & Wages,sample_gl
Actual,6000,2024-10-01,14205.53,West,Salaries & Wages,sample_gl
Actual,6000,2024-10-11,7760.01,West,Salaries & Wages,sample_gl
Actual,6000,2024-10-17,1759.8,West,Salaries & Wages,sample_gl
Actual,6000,2024-10-22,488.64,West,Salaries & Wages,sample_gl
Actual,6000,2024-10-23,3913.35,West,Salaries & Wages,sample_gl
Actual,6000,2024-10-24,1290.62,West,Salaries & Wages,sample_gl
Actual,6000,2024-10-25,11644.7,West,Salaries & Wages,sample_gl
Actual,6000,2024-10-28,928.18,West,Salaries & Wages,sample_gl
Actual,6010,2024-10-04,549.7,North,Rent & Facilities,sample_gl
Actual,6010,2024-10-08,3327.53,North,Rent & Facilities,sample_gl
Actual,6010,2024-10-12,1747.5,North,Rent & Facilities,sample_gl
Actual,6010,2024-10-14,856.83,North,Rent & Facilities,sample_gl
Actual,6010,2024-10-16,331.4,North,Rent & Facilities,sample_gl
Actual,6010,2024-10-22,1639.41,North,Rent & Facilities,sample_gl
Actual,6010,2024-10-22,1498.59,North,Rent & Facilities,sample_gl
Actual,6010,2024-10-24,122.99,North,Rent & Facilities,sample_gl
Actual,6010,2024-10-03,521.52,South,Rent & Facilities,sample_gl
Actual,6010,2024-10-06,1785.21,South,Rent & Facilities,sample_gl
Actual,6010,2024-10-11,127.33,South,Rent & Facilities,sample_gl
Actual,6010,2024-10-16,61.03,South,Rent & Facilities,sample_gl
Actual,6010,2024-10-16,1681.94,South,Rent & Facilities,sample_gl
Actual,6010,2024-10-25,2486.27,South,Rent & Facilities,sample_gl
Actual,6010,2024-10-28,3385.18,South,Rent & Facilities,sample_gl
Actual,6010,2024-10-28,309.23,South,Rent & Facilities,sample_gl
Actual,6010,2024-10-03,1081.89,West,Rent & Facilities,sample_gl
Actual,6010,2024-10-15,169.31,West,Rent & Facilities,sample_gl
Actual,6010,2024-10-15,3094.97,West,Rent & Facilities,sample_gl
Actual,6010,2024-10-15,366.06,West,Rent & Facilities,sample_gl
Actual,6010,2024-10-16,530.23,West,Rent & Facilities,sample_gl
Actual,6010,2024-10-19,629.86,West,Rent & Facilities,sample_gl
Actual,6010,2024-10-26,1014.42,West,Rent & Facilities,sample_gl
Actual,6010,2024-10-28,3653.55,West,Rent & Facilities,sample_gl
Actual,6020,2024-10-10,842.14,North,Marketing,sample_gl
Actual,6020,2024-10-17,2367.4,North,Marketing,sample_gl
Actual,6020,2024-10-18,249.3,North,Marketing,sample_gl
Actual,6020,2024-10-20,2178.85,North,Marketing,sample_gl
Actual,6020,2024-10-20,1413.79,North,Marketing,sample_gl
Actual,6020,2024-10-21,3367.23,North,Marketing,sample_gl
Actual,6020,2024-10-29,4327.16,North,Marketing,sample_gl
Actual,6020,2024-10-31,770.3,North,Marketing,sample_gl
Actual,6020,2024-10-12,1520.58,South,Marketing,sample_gl
Actual,6020,2024-10-16,1436.57,South,Marketing,sample_gl
Actual,6020,2024-10-18,1595.08,South,Marketing,sample_gl
Actual,6020,2024-10-20,4994.96,South,Marketing,sample_gl
Actual,6020,2024-10-20,578.85,South,Marketing,sample_gl
Actual,6020,2024-10-22,941.02,South,Marketing,sample_gl
Actual,6020,2024-10-23,1794.31,South,Marketing,sample_gl
Actual,6020,2024-10-25,474.3,South,Marketing,sample_gl
Actual,6020,2024-10-02,1256.73,West,Marketing,sample_gl
Actual,6020,2024-10-04,946.78,West,Marketing,sample_gl
Actual,6020,2024-10-05,2412.76,West,Marketing,sample_gl
Actual,6020,2024-10-06,2560.83,West,Marketing,sample_gl
Actual,6020,2024-10-16,1245.48,West,Marketing,sample_gl
Actual,6020,2024-10-23,55.26,West,Marketing,sample_gl
Actual,6020,2024-10-27,2451.58,West,Marketing,sample_gl
Actual,6020,2024-10-29,819.91,West,Marketing,sample_gl
Actual,6030,2024-10-04,2396.46,North,Software & Subscriptions,sample_gl
Actual,6030,2024-10-07,208.35,North,Software & Subscriptions,sample_gl
Actual,6030,2024-10-11,799.69,North,Software & Subscriptions,sample_gl
Actual,6030,2024-10-15,402.69,North,Software & Subscriptions,sample_gl
Actual,6030,2024-10-23,657.34,North,Software & Subscriptions,sample_gl
Actual,6030,2024-10-25,377.69,North,Software & Subscriptions,sample_gl
Actual,6030,2024-10-26,515.52,North,Software & Subscriptions,sample_gl
Actual,6030,2024-10-27,424.24,North,Software & Subscriptions,sample_gl
Actual,6030,2024-10-01,947.15,South,Software & Subscriptions,sample_gl
Actual,6030,2024-10-02,1634.13,South,Software & Subscriptions,sample_gl
Actual,6030,2024-10-14,135.77,South,Software & Subscriptions,sample_gl
Actual,6030,2024-10-16,375.34,South,Software & Subscriptions,sample_gl
Actual,6030,2024-10-17,812.12,South,Software & Subscriptions,sample_gl
Actual,6030,2024-10-18,578.98,South,Software & Subscriptions,sample_gl
Actual,6030,2024-10-24,440.14,South,Software & Subscriptions,sample_gl
Actual,6030,2024-10-30,421.39,South,Software & Subscriptions,sample_gl
Actual,6030,2024-10-04,1341.32,West,Software & Subscriptions,sample_gl
Actual,6030,2024-10-05,544.51,West,Software & Subscriptions,sample_gl
Actual,6030,2024-10-11,585.6,West,Software & Subscriptions,sample_gl
Actual,6030,2024-10-13,1266.16,West,Software & Subscriptions,sample_gl
Actual,6030,2024-10-20,752.72,West,Software & Subscriptions,sample_gl
Actual,6030,2024-10-20,233.77,West,Software & Subscriptions,sample_gl
Actual,6030,2024-10-22,77.99,West,Software & Subscriptions,sample_gl
Actual,6030,2024-10-29,100.5,West,Software & Subscriptions,sample_gl
Actual,6040,2024-10-05,1031.02,North,Travel & Entertainment,sample_gl
Actual,6040,2024-10-05,503.09,North,Travel & Entertainment,sample_gl
Actual,6040,2024-10-14,1712.5,North,Travel & Entertainment,sample_gl
Actual,6040,2024-10-17,353.67,North,Travel & Entertainment,sample_gl
Actual,6040,2024-10-20,53.27,North,Travel & Entertainment,sample_gl
Actual,6040,2024-10-23,763.86,North,Travel & Entertainment,sample_gl
Actual,6040,2024-10-24,383.92,North,Travel & Entertainment,sample_gl
Actual,6040,2024-10-29,330.97,North,Travel & Entertainment,sample_gl
Actual,6040,2024-10-05,345.74,South,Travel & Entertainment,sample_gl
Actual,6040,2024-10-10,620.08,South,Travel & Entertainment,sample_gl
Actual,6040,2024-10-12,543.8,South,Travel & Entertainment,sample_gl
Actual,6040,2024-10-20,437.98,South,Travel & Entertainment,sample_gl
Actual,6040,2024-10-22,132.5,South,Travel & Entertainment,sample_gl
Actual,6040,2024-10-22,790.97,South,Travel & Entertainment,sample_gl
Actual,6040,2024-10-23,68.93,South,Travel & Entertainment,sample_gl
Actual,6040,2024-10-30,55.92,South,Travel & Entertainment,sample_gl
Actual,6040,2024-10-14,55.37,West,Travel & Entertainment,sample_gl
Actual,6040,2024-10-19,263.02,West,Travel & Entertainment,sample_gl
Actual,6040,2024-10-22,308.03,West,Travel & Entertainment,sample_gl
Actual,6040,2024-10-22,518.79,West,Travel & Entertainment,sample_gl
Actual,6040,2024-10-23,625.64,West,Travel & Entertainment,sample_gl
Actual,6040,2024-10-24,72.48,West,Travel & Entertainment,sample_gl
Actual,6040,2024-10-29,12.95,West,Travel & Entertainment,sample_gl
Actual,6040,2024-10-31,334.53,West,Travel & Entertainment,sample_gl
Actual,7000,2024-10-02,257.6,North,Interest Expense,sample_gl
Actual,7000,2024-10-06,350.47,North,Interest Expense,sample_gl
Actual,7000,2024-10-07,239.08,North,Interest Expense,sample_gl
Actual,7000,2024-10-09,642.34,North,Interest Expense,sample_gl
Actual,7000,2024-10-10,757.82,North,Interest Expense,sample_gl
Actual,7000,2024-10-22,590.59,North,Interest Expense,sample_gl
Actual,7000,2024-10-25,419.29,North,Interest Expense,sample_gl
Actual,7000,2024-10-26,895.5,North,Interest Expense,sample_gl
Actual,7000,2024-10-08,177.56,South,Interest Expense,sample_gl
Actual,7000,2024-10-18,1264.64,South,Interest Expense,sample_gl
Actual,7000,2024-10-18,27.61,South,Interest Expense,sample_gl
Actual,7000,2024-10-21,461.24,South,Interest Expense,sample_gl
Actual,7000,2024-10-22,687.93,South,Interest Expense,sample_gl
Actual,7000,2024-10-24,12.07,South,Interest Expense,sample_gl
Actual,7000,2024-10-24,380.62,South,Interest Expense,sample_gl
Actual,7000,2024-10-28,767.87,South,Interest Expense,sample_gl
Actual,7000,2024-10-02,52.74,West,Interest Expense,sample_gl
Actual,7000,2024-10-11,969.64,West,Interest Expense,sample_gl
Actual,7000,2024-10-14,1501.87,West,Interest Expense,sample_gl
Actual,7000,2024-10-18,652.31,West,Interest Expense,sample_gl
Actual,7000,2024-10-22,199.55,West,Interest Expense,sample_gl
Actual,7000,2024-10-26,163.25,West,Interest Expense,sample_gl
Actual,7000,2024-10-31,168.27,West,Interest Expense,sample_gl
Actual,7000,2024-10-31,360.05,West,Interest Expense,sample_gl
Actual,4000,2024-11-07,-27789.28,North,Product Revenue,sample_gl
Actual,4000,2024-11-18,-580.55,North,Product Revenue,sample_gl
Actual,4000,2024-11-19,-1527.12,North,Product Revenue,sample_gl
Actual,4000,2024-11-20,-17141.12,North,Product Revenue,sample_gl
Actual,4000,2024-11-24,-35124.39,North,Product Revenue,sample_gl
Actual,4000,2024-11-24,-26992.49,North,Product Revenue,sample_gl
Actual,4000,2024-11-25,-45031.88,North,Product Revenue,sample_gl
Actual,4000,2024-11-25,-5709.94,North,Product Revenue,sample_gl
Actual,4000,2024-11-02,-22066.52,South,Product Revenue,sample_gl
Actual,4000,2024-11-05,-158.25,South,Product Revenue,sample_gl
Actual,4000,2024-11-06,-14386.78,South,Product Revenue,sample_gl
Actual,4000,2024-11-09,-9707.03,South,Product Revenue,sample_gl
Actual,4000,2024-11-09,-1138.87,South,Product Revenue,sample_gl
Actual,4000,2024-11-13,-36382.87,South,Product Revenue,sample_gl
Actual,4000,2024-11-14,-18046.67,South,Product Revenue,sample_gl
Actual,4000,2024-11-18,-41678.64,South,Product Revenue,sample_gl
Actual,4000,2024-11-10,-13866.71,West,Product Revenue,sample_gl
Actual,4000,2024-11-16,-23531.23,West,Product Revenue,sample_gl
Actual,4000,2024-11-18,-7341.1,West,Product Revenue,sample_gl
Actual,4000,2024-11-19,-19911.7,West,Product Revenue,sample_gl
Actual,4000,2024-11-20,-8181.86,West,Product Revenue,sample_gl
Actual,4000,2024-11-22,-29910.11,West,Product Revenue,sample_gl
Actual,4000,2024-11-26,-56724.88,West,Product Revenue,sample_gl
Actual,4000,2024-11-27,-43926.79,West,Product Revenue,sample_gl
Actual,4010,2024-11-03,-11704.78,North,Service Revenue,sample_gl
Actual,4010,2024-11-08,-279.32,North,Service Revenue,sample_gl
Actual,4010,2024-11-12,-6223.32,North,Service Revenue,sample_gl
Actual,4010,2024-11-13,-1586.26,North,Service Revenue,sample_gl
Actual,4010,2024-11-14,-9309.95,North,Service Revenue,sample_gl
Actual,4010,2024-11-18,-12187.72,North,Service Revenue,sample_gl
Actual,4010,2024-11-18,-13384.7,North,Service Revenue,sample_gl
Actual,4010,2024-11-29,-184.82,North,Service Revenue,sample_gl
Actual,4010,2024-11-01,-18739.68,South,Service Revenue,sample_gl
Actual,4010,2024-11-04,-17094.64,South,Service Revenue,sample_gl
Actual,4010,2024-11-08,-433.88,South,Service Revenue,sample_gl
Actual,4010,2024-11-12,-3586.33,South,Service Revenue,sample_gl
Actual,4010,2024-11-15,-13627.24,South,Service Revenue,sample_gl
Actual,4010,2024-11-21,-1696.55,South,Service Revenue,sample_gl
Actual,4010,2024-11-22,-812.16,South,Service Revenue,sample_gl
Actual,4010,2024-11-29,-2400.04,South,Service Revenue,sample_gl
Actual,4010,2024-11-01,-1455.51,West,Service Revenue,sample_gl
Actual,4010,2024-11-09,-4934.3,West,Service Revenue,sample_gl
Actual,4010,2024-11-10,-6055.68,West,Service Revenue,sample_gl
Actual,4010,2024-11-13,-2343.29,West,Service Revenue,sample_gl
Actual,4010,2024-11-17,-11858.06,West,Service Revenue,sample_gl
Actual,4010,2024-11-18,-640.34,West,Service Revenue,sample_gl
Actual,4010,2024-11-24,-2528.3,West,Service Revenue,sample_gl
Actual,4010,2024-11-30,-3376.2,West,Service Revenue,sample_gl
Actual,5000,2024-11-01,4829.06,North,Cost of Goods Sold,sample_gl
Actual,5000,2024-11-03,14882.25,North,Cost of Goods Sold,sample_gl
Actual,5000,2024-11-06,5275.97,North,Cost of Goods Sold,sample_gl
Actual,5000,2024-11-07,6160.5,North,Cost of Goods Sold,sample_gl
Actual,5000,2024-11-18,1505.86,North,Cost of Goods Sold,sample_gl
Actual,5000,2024-11-18,3291.62,North,Cost of Goods Sold,sample_gl
Actual,5000,2024-11-21,4245.53,North,Cost of Goods Sold,sample_gl
Actual,5000,2024-11-25,6275.19,North,Cost of Goods Sold,sample_gl
Actual,5000,2024-11-03,3521.92,South,Cost of Goods Sold,sample_gl
Actual,5000,2024-11-14,2158.06,South,Cost of Goods Sold,sample_gl
Actual,5000,2024-11-21,4298.47,South,Cost of Goods Sold,sample_gl
Actual,5000,2024-11-22,11549.41,South,Cost of Goods Sold,sample_gl
Actual,5000,2024-11-24,8275.21,South,Cost of Goods Sold,sample_gl
Actual,5000,2024-11-24,6415.81,South,Cost of Goods Sold,sample_gl
Actual,5000,2024-11-25,15324.54,South,Cost of Goods Sold,sample_gl
Actual,5000,2024-11-27,13355.17,South,Cost of Goods Sold,sample_gl
Actual,5000,2024-11-09,1035.91,West,Cost of Goods Sold,sample_gl
Actual,5000,2024-11-11,31765.03,West,Cost of Goods Sold,sample_gl
Actual,5000,2024-11-13,3113.9,West,Cost of Goods Sold,sample_gl
Actual,5000,2024-11-13,2008.0,West,Cost of Goods Sold,sample_gl
Actual,5000,2024-11-14,1415.07,West,Cost of Goods Sold,sample_gl
Actual,5000,2024-11-14,1954.93,West,Cost of Goods Sold,sample_gl
Actual,5000,2024-11-15,5069.58,West,Cost of Goods Sold,sample_gl
Actual,5000,2024-11-21,14966.73,West,Cost of Goods Sold,sample_gl
Actual,5010,2024-11-03,2212.76,North,Direct Labor,sample_gl
Actual,5010,2024-11-04,5495.63,North,Direct Labor,sample_gl
Actual,5010,2024-11-10,2398.4,North,Direct Labor,sample_gl
Actual,5010,2024-11-12,1088.74,North,Direct Labor,sample_gl
Actual,5010,2024-11-17,5705.42,North,Direct Labor,sample_gl
Actual,5010,2024-11-23,2674.36,North,Direct Labor,sample_gl
Actual,5010,2024-11-28,552.97,North,Direct Labor,sample_gl
Actual,5010,2024-11-30,5451.19,North,Direct Labor,sample_gl
Actual,5010,2024-11-05,3256.88,South,Direct Labor,sample_gl
Actual,5010,2024-11-10,5177.87,South,Direct Labor,sample_gl
Actual,5010,2024-11-13,6875.61,South,Direct Labor,sample_gl
Actual,5010,2024-11-18,1176.28,South,Direct Labor,sample_gl
Actual,5010,2024-11-24,1485.0,South,Direct Labor,sample_gl
Actual,5010,2024-11-26,2693.47,South,Direct Labor,sample_gl
Actual,5010,2024-11-26,1039.06,South,Direct Labor,sample_gl
Actual,5010,2024-11-28,901.18,South,Direct Labor,sample_gl
Actual,5010,2024-11-01,2327.06,West,Direct Labor,sample_gl
Actual,5010,2024-11-01,3415.03,West,Direct Labor,sample_gl
Actual,5010,2024-11-02,5030.69,West,Direct Labor,sample_gl
Actual,5010,2024-11-04,4194.6,West,Direct Labor,sample_gl
Actual,5010,2024-11-05,688.69,West,Direct Labor,sample_gl
Actual,5010,2024-11-18,4188.45,West,Direct Labor,sample_gl
Actual,5010,2024-11-18,423.53,West,Direct Labor,sample_gl
Actual,5010,2024-11-28,7068.37,West,Direct Labor,sample_gl
Actual,6000,2024-11-05,2250.57,North,Salaries & Wages,sample_gl
Actual,6000,2024-11-06,2492.47,North,Salaries & Wages,sample_gl
Actual,6000,2024-11-06,5715.32,North,Salaries & Wages,sample_gl
Actual,6000,2024-11-08,13015.99,North,Salaries & Wages,sample_gl
Actual,6000,2024-11-17,4290.46,North,Salaries & Wages,sample_gl
Actual,6000,2024-11-20,3313.01,North,Salaries & Wages,sample_gl
Actual,6000,2024-11-27,9891.16,North,Salaries & Wages,sample_gl
Actual,6000,2024-11-28,410.63,North,Salaries & Wages,sample_gl
Actual,6000,2024-11-03,9007.67,South,Salaries & Wages,sample_gl
Actual,6000,2024-11-03,1693.48,South,Salaries & Wages,sample_gl
Actual,6000,2024-11-10,737.1,South,Salaries & Wages,sample_gl
Actual,6000,2024-11-15,4857.08,South,Salaries & Wages,sample_gl
Actual,6000,2024-11-18,10195.79,South,Salaries & Wages,sample_gl
Actual,6000,2024-11-18,4138.41,South,Salaries & Wages,sample_gl
Actual,6000,2024-11-21,12786.84,South,Salaries & Wages,sample_gl
Actual,6000,2024-11-22,2211.11,South,Salaries & Wages,sample_gl
Actual,6000,2024-11-07,6061.94,West,Salaries & Wages,sample_gl
Actual,6000,2024-11-10,646.17,West,Salaries & Wages,sample_gl
Actual,6000,2024-11-11,5750.89,West,Salaries & Wages,sample_gl
Actual,6000,2024-11-11,10089.53,West,Salaries & Wages,sample_gl
Actual,6000,2024-11-15,5035.73,West,Salaries & Wages,sample_gl
Actual,6000,2024-11-16,4544.29,West,Salaries & Wages,sample_gl
Actual,6000,2024-11-20,6004.83,West,Salaries & Wages,sample_gl
Actual,6000,2024-11-22,1644.46,West,Salaries & Wages,sample_gl
Actual,6010,2024-11-08,3356.65,North,Rent & Facilities,sample_gl
Actual,6010,2024-11-09,282.69,North,Rent & Facilities,sample_gl
Actual,6010,2024-11-14,869.34,North,Rent & Facilities,sample_gl
Actual,6010,2024-11-21,350.24,North,Rent & Facilities,sample_gl
Actual,6010,2024-11-23,71.04,North,Rent & Facilities,sample_gl
Actual,6010,2024-11-24,1949.92,North,Rent & Facilities,sample_gl
Actual,6010,2024-11-26,963.65,North,Rent & Facilities,sample_gl
Actual,6010,2024-11-27,2280.2,North,Rent & Facilities,sample_gl
Actual,6010,2024-11-03,2037.42,South,Rent & Facilities,sample_gl
Actual,6010,2024-11-05,4461.96,South,Rent & Facilities,sample_gl
Actual,6010,2024-11-09,51.94,South,Rent & Facilities,sample_gl
Actual,6010,2024-11-18,993.64,South,Rent & Facilities,sample_gl
Actual,6010,2024-11-27,63.47,South,Rent & Facilities,sample_gl
Actual,6010,2024-11-27,1203.61,South,Rent & Facilities,sample_gl
Actual,6010,2024-11-28,441.0,South,Rent & Facilities,sample_gl
Actual,6010,2024-11-29,1119.1,South,Rent & Facilities,sample_gl
Actual,6010,2024-11-07,377.68,West,Rent & Facilities,sample_gl
Actual,6010,2024-11-13,1153.73,West,Rent & Facilities,sample_gl
Actual,6010,2024-11-19,1153.8,West,Rent & Facilities,sample_gl
Actual,6010,2024-11-19,1358.82,West,Rent & Facilities,sample_gl
Actual,6010,2024-11-19,1516.43,West,Rent & Facilities,sample_gl
Actual,6010,2024-11-25,1176.96,West,Rent & Facilities,sample_gl
Actual,6010,2024-11-27,2473.59,West,Rent & Facilities,sample_gl
Actual,6010,2024-11-30,1092.29,West,Rent & Facilities,sample_gl
Actual,6020,2024-11-03,196.09,North,Marketing,sample_gl
Actual,6020,2024-11-05,4226.39,North,Marketing,sample_gl
Actual,6020,2024-11-10,2313.88,North,Marketing,sample_gl
Actual,6020,2024-11-13,5929.74,North,Marketing,sample_gl
Actual,6020,2024-11-15,1352.29,North,Marketing,sample_gl
Actual,6020,2024-11-17,3828.45,North,Marketing,sample_gl
Actual,6020,2024-11-17,330.52,North,Marketing,sample_gl
Actual,6020,2024-11-28,335.96,North,Marketing,sample_gl
Actual,6020,2024-11-05,573.69,South,Marketing,sample_gl
Actual,6020,2024-11-06,1423.32,South,Marketing,sample_gl
Actual,6020,2024-11-06,1277.47,South,Marketing,sample_gl
Actual,6020,2024-11-15,1138.12,South,Marketing,sample_gl
Actual,6020,2024-11-19,37.77,South,Marketing,sample_gl
Actual,6020,2024-11-19,2265.86,South,Marketing,sample_gl
Actual,6020,2024-11-22,2115.62,South,Marketing,sample_gl
Actual,6020,2024-11-28,294.46,South,Marketing,sample_gl
Actual,6020,2024-11-07,572.33,West,Marketing,sample_gl
Actual,6020,2024-11-12,3421.75,West,Marketing,sample_gl
Actual,6020,2024-11-13,1609.26,West,Marketing,sample_gl
Actual,6020,2024-11-16,822.42,West,Marketing,sample_gl
Actual,6020,2024-11-17,2247.57,West,Marketing,sample_gl
Actual,6020,2024-11-26,1551.81,West,Marketing,sample_gl
Actual,6020,2024-11-30,1860.32,West,Marketing,sample_gl
Actual,6020,2024-11-30,239.22,West,Marketing,sample_gl
Actual,6030,2024-11-06,1879.17,North,Software & Subscriptions,sample_gl
Actual,6030,2024-11-09,56.75,North,Software & Subscriptions,sample_gl
Actual,6030,2024-11-13,721.91,North,Software & Subscriptions,sample_gl
Actual,6030,2024-11-18,703.08,North,Software & Subscriptions,sample_gl
Actual,6030,2024-11-19,1.74,North,Software & Subscriptions,sample_gl
Actual,6030,2024-11-19,935.19,North,Software & Subscriptions,sample_gl
Actual,6030,2024-11-24,369.22,North,Software & Subscriptions,sample_gl
Actual,6030,2024-11-27,477.17,North,Software & Subscriptions,sample_gl
Actual,6030,2024-11-01,337.75,South,Software & Subscriptions,sample_gl
Actual,6030,2024-11-12,271.11,South,Software & Subscriptions,sample_gl
Actual,6030,2024-11-16,116.71,South,Software & Subscriptions,sample_gl
Actual,6030,2024-11-16,93.32,South,Software & Subscriptions,sample_gl
Actual,6030,2024-11-20,107.83,South,Software & Subscriptions,sample_gl
Actual,6030,2024-11-26,1271.97,South,Software & Subscriptions,sample_gl
Actual,6030,2024-11-28,620.57,South,Software & Subscriptions,sample_gl
Actual,6030,2024-11-29,1562.03,South,Software & Subscriptions,sample_gl
Actual,6030,2024-11-04,795.93,West,Software & Subscriptions,sample_gl
Actual,6030,2024-11-08,244.13,West,Software & Subscriptions,sample_gl
Actual,6030,2024-11-12,1323.43,West,Software & Subscriptions,sample_gl
Actual,6030,2024-11-14,13.34,West,Software & Subscriptions,sample_gl
Actual,6030,2024-11-20,1178.45,West,Software & Subscriptions,sample_gl
Actual,6030,2024-11-22,448.78,West,Software & Subscriptions,sample_gl
Actual,6030,2024-11-23,109.54,West,Software & Subscriptions,sample_gl
Actual,6030,2024-11-27,822.53,West,Software & Subscriptions,sample_gl
Actual,6040,2024-11-02,213.77,North,Travel & Entertainment,sample_gl
Actual,6040,2024-11-05,474.58,North,Travel & Entertainment,sample_gl
Actual,6040,2024-11-06,299.08,North,Travel & Entertainment,sample_gl
Actual,6040,2024-11-17,1167.46,North,Travel & Entertainment,sample_gl
Actual,6040,2024-11-19,33.13,North,Travel & Entertainment,sample_gl
Actual,6040,2024-11-19,103.57,North,Travel & Entertainment,sample_gl
Actual,6040,2024-11-21,1372.15,North,Travel & Entertainment,sample_gl
Actual,6040,2024-11-29,159.67,North,Travel & Entertainment,sample_gl
Actual,6040,2024-11-01,485.64,South,Travel & Entertainment,sample_gl
Actual,6040,2024-11-03,251.41,South,Travel & Entertainment,sample_gl
Actual,6040,2024-11-10,9.43,South,Travel & Entertainment,sample_gl
Actual,6040,2024-11-22,651.33,South,Travel & Entertainment,sample_gl
Actual,6040,2024-11-24,206.38,South,Travel & Entertainment,sample_gl
Actual,6040,2024-11-24,34.9,South,Travel & Entertainment,sample_gl
Actual,6040,2024-11-27,424.88,South,Travel & Entertainment,sample_gl
Actual,6040,2024-11-29,1338.96,South,Travel & Entertainment,sample_gl
Actual,6040,2024-11-06,14.27,West,Travel & Entertainment,sample_gl
Actual,6040,2024-11-09,45.05,West,Travel & Entertainment,sample_gl
Actual,6040,2024-11-11,54.61,West,Travel & Entertainment,sample_gl
Actual,6040,2024-11-17,211.99,West,Travel & Entertainment,sample_gl
Actual,6040,2024-11-20,124.52,West,Travel & Entertainment,sample_gl
Actual,6040,2024-11-22,63.62,West,Travel & Entertainment,sample_gl
Actual,6040,2024-11-22,280.78,West,Travel & Entertainment,sample_gl
Actual,6040,2024-11-24,66.91,West,Travel & Entertainment,sample_gl
Actual,7000,2024-11-04,359.59,North,Interest Expense,sample_gl
Actual,7000,2024-11-05,325.03,North,Interest Expense,sample_gl
Actual,7000,2024-11-14,1366.02,North,Interest Expense,sample_gl
Actual,7000,2024-11-17,263.87,North,Interest Expense,sample_gl
Actual,7000,2024-11-20,588.72,North,Interest Expense,sample_gl
Actual,7000,2024-11-22,483.77,North,Interest Expense,sample_gl
Actual,7000,2024-11-27,92.05,North,Interest Expense,sample_gl
Actual,7000,2024-11-30,379.67,North,Interest Expense,sample_gl
Actual,7000,2024-11-01,165.34,South,Interest Expense,sample_gl
Actual,7000,2024-11-14,708.17,South,Interest Expense,sample_gl
Actual,7000,2024-11-18,536.28,South,Interest Expense,sample_gl
Actual,7000,2024-11-21,577.3,South,Interest Expense,sample_gl
Actual,7000,2024-11-22,29.58,South,Interest Expense,sample_gl
Actual,7000,2024-11-25,988.66,South,Interest Expense,sample_gl
Actual,7000,2024-11-27,48.51,South,Interest Expense,sample_gl
Actual,7000,2024-11-29,752.52,South,Interest Expense,sample_gl
Actual,7000,2024-11-12,361.3,West,Interest Expense,sample_gl
Actual,7000,2024-11-13,133.72,West,Interest Expense,sample_gl
Actual,7000,2024-11-19,364.68,West,Interest Expense,sample_gl
Actual,7000,2024-11-24,187.66,West,Interest Expense,sample_gl
Actual,7000,2024-11-25,716.84,West,Interest Expense,sample_gl
Actual,7000,2024-11-26,811.83,West,Interest Expense,sample_gl
Actual,7000,2024-11-27,600.26,West,Interest Expense,sample_gl
Actual,7000,2024-11-30,521.14,West,Interest Expense,sample_gl
Actual,4000,2024-12-01,-1286.87,North,Product Revenue,sample_gl
Actual,4000,2024-12-01,-19790.32,North,Product Revenue,sample_gl
Actual,4000,2024-12-07,-6609.61,North,Product Revenue,sample_gl
Actual,4000,2024-12-17,-28821.72,North,Product Revenue,sample_gl
Actual,4000,2024-12-19,-8294.32,North,Product Revenue,sample_gl
Actual,4000,2024-12-23,-52282.41,North,Product Revenue,sample_gl
Actual,4000,2024-12-24,-5942.51,North,Product Revenue,sample_gl
Actual,4000,2024-12-26,-55852.31,North,Product Revenue,sample_gl
Actual,4000,2024-12-09,-42635.11,South,Product Revenue,sample_gl
Actual,4000,2024-12-09,-13937.85,South,Product Revenue,sample_gl
Actual,4000,2024-12-14,-7362.27,South,Product Revenue,sample_gl
Actual,4000,2024-12-18,-10712.85,South,Product Revenue,sample_gl
Actual,4000,2024-12-19,-30656.18,South,Product Revenue,sample_gl
Actual,4000,2024-12-19,-11506.04,South,Product Revenue,sample_gl
Actual,4000,2024-12-21,-4458.53,South,Product Revenue,sample_gl
Actual,4000,2024-12-28,-33452.56,South,Product Revenue,sample_gl
Actual,4000,2024-12-09,-15255.31,West,Product Revenue,sample_gl
Actual,4000,2024-12-10,-2861.12,West,Product Revenue,sample_gl
Actual,4000,2024-12-12,-2887.83,West,Product Revenue,sample_gl
Actual,4000,2024-12-13,-13950.67,West,Product Revenue,sample_gl
Actual,4000,2024-12-19,-84178.86,West,Product Revenue,sample_gl
Actual,4000,2024-12-23,-12280.06,West,Product Revenue,sample_gl
Actual,4000,2024-12-24,-12994.06,West,Product Revenue,sample_gl
Actual,4000,2024-12-25,-7721.29,West,Product Revenue,sample_gl
Actual,4010,2024-12-11,-2924.1,North,Service Revenue,sample_gl
Actual,4010,2024-12-13,-18934.09,North,Service Revenue,sample_gl
Actual,4010,2024-12-17,-4638.15,North,Service Revenue,sample_gl
Actual,4010,2024-12-18,-9224.51,North,Service Revenue,sample_gl
Actual,4010,2024-12-20,-2735.08,North,Service Revenue,sample_gl
Actual,4010,2024-12-23,-6730.13,North,Service Revenue,sample_gl
Actual,4010,2024-12-26,-1060.94,North,Service Revenue,sample_gl
Actual,4010,2024-12-26,-9928.76,North,Service Revenue,sample_gl
Actual,4010,2024-12-02,-2740.16,South,Service Revenue,sample_gl
Actual,4010,2024-12-03,-10920.32,South,Service Revenue,sample_gl
Actual,4010,2024-12-08,-5444.54,South,Service Revenue,sample_gl
Actual,4010,2024-12-09,-12185.14,South,Service Revenue,sample_gl
Actual,4010,2024-12-12,-5599.88,South,Service Revenue,sample_gl
Actual,4010,2024-12-13,-7490.3,South,Service Revenue,sample_gl
Actual,4010,2024-12-20,-1566.23,South,Service Revenue,sample_gl
Actual,4010,2024-12-24,-1739.11,South,Service Revenue,sample_gl
Actual,4010,2024-12-01,-9408.8,West,Service Revenue,sample_gl
Actual,4010,2024-12-06,-15257.34,West,Service Revenue,sample_gl
Actual,4010,2024-12-07,-367.44,West,Service Revenue,sample_gl
Actual,4010,2024-12-15,-4688.14,West,Service Revenue,sample_gl
Actual,4010,2024-12-16,-4022.54,West,Service Revenue,sample_gl
Actual,4010,2024-12-21,-4131.24,West,Service Revenue,sample_gl
Actual,4010,2024-12-22,-7092.31,West,Service Revenue,sample_gl
Actual,4010,2024-12-28,-3345.27,West,Service Revenue,sample_gl
Actual,5000,2024-12-01,968.88,North,Cost of Goods Sold,sample_gl
Actual,5000,2024-12-03,11660.92,North,Cost of Goods Sold,sample_gl
Actual,5000,2024-12-06,12934.34,North,Cost of Goods Sold,sample_gl
Actual,5000,2024-12-09,9088.29,North,Cost of Goods Sold,sample_gl
Actual,5000,2024-12-12,7570.51,North,Cost of Goods Sold,sample_gl
Actual,5000,2024-12-13,2141.21,North,Cost of Goods Sold,sample_gl
Actual,5000,2024-12-21,13591.01,North,Cost of Goods Sold,sample_gl
Actual,5000,2024-12-25,5095.95,North,Cost of Goods Sold,sample_gl
Actual,5000,2024-12-12,277.58,South,Cost of Goods Sold,sample_gl
Actual,5000,2024-12-12,10167.96,South,Cost of Goods Sold,sample_gl
Actual,5000,2024-12-18,3059.09,South,Cost of Goods Sold,sample_gl
Actual,5000,2024-12-19,10602.27,South,Cost of Goods Sold,sample_gl
Actual,5000,2024-12-24,3031.74,South,Cost of Goods Sold,sample_gl
Actual,5000,2024-12-27,21528.82,South,Cost of Goods Sold,sample_gl
Actual,5000,2024-12-30,8804.88,South,Cost of Goods Sold,sample_gl
Actual,5000,2024-12-31,2204.64,South,Cost of Goods Sold,sample_gl
Actual,5000,2024-12-04,14012.13,West,Cost of Goods Sold,sample_gl
Actual,5000,2024-12-10,423.03,West,Cost of Goods Sold,sample_gl
Actual,5000,2024-12-11,6687.67,West,Cost of Goods Sold,sample_gl
Actual,5000,2024-12-17,3679.65,West,Cost of Goods Sold,sample_gl
Actual,5000,2024-12-17,2288.92,West,Cost of Goods Sold,sample_gl
Actual,5000,2024-12-26,3040.23,West,Cost of Goods Sold,sample_gl
Actual,5000,2024-12-31,14311.51,West,Cost of Goods Sold,sample_gl
Actual,5000,2024-12-31,11573.68,West,Cost of Goods Sold,sample_gl
Actual,5010,2024-12-08,5840.05,North,Direct Labor,sample_gl
Actual,5010,2024-12-11,992.08,North,Direct Labor,sample_gl
Actual,5010,2024-12-15,3308.57,North,Direct Labor,sample_gl
Actual,5010,2024-12-15,2631.33,North,Direct Labor,sample_gl
Actual,5010,2024-12-22,8127.06,North,Direct Labor,sample_gl
Actual,5010,2024-12-25,1944.2,North,Direct Labor,sample_gl
Actual,5010,2024-12-25,914.25,North,Direct Labor,sample_gl
Actual,5010,2024-12-31,2742.08,North,Direct Labor,sample_gl
Actual,5010,2024-12-01,4437.2,South,Direct Labor,sample_gl
Actual,5010,2024-12-12,2109.74,South,Direct Labor,sample_gl
Actual,5010,2024-12-14,595.15,South,Direct Labor,sample_gl
Actual,5010,2024-12-17,1359.94,South,Direct Labor,sample_gl
Actual,5010,2024-12-18,1415.49,South,Direct Labor,sample_gl
Actual,5010,2024-12-23,3868.77,South,Direct Labor,sample_gl
Actual,5010,2024-12-27,4828.77,South,Direct Labor,sample_gl
Actual,5010,2024-12-31,6245.19,South,Direct Labor,sample_gl
Actual,5010,2024-12-06,3986.68,West,Direct Labor,sample_gl
Actual,5010,2024-12-07,936.96,West,Direct Labor,sample_gl
Actual,5010,2024-12-09,150.84,West,Direct Labor,sample_gl
Actual,5010,2024-12-11,489.49,West,Direct Labor,sample_gl
Actual,5010,2024-12-12,9888.88,West,Direct Labor,sample_gl
Actual,5010,2024-12-19,189.6,West,Direct Labor,sample_gl
Actual,5010,2024-12-29,3859.46,West,Direct Labor,sample_gl
Actual,5010,2024-12-31,1462.13,West,Direct Labor,sample_gl
Actual,6000,2024-12-04,269.31,North,Salaries & Wages,sample_gl
Actual,6000,2024-12-04,2921.94,North,Salaries & Wages,sample_gl
Actual,6000,2024-12-05,16840.2,North,Salaries & Wages,sample_gl
Actual,6000,2024-12-12,14448.14,North,Salaries & Wages,sample_gl
Actual,6000,2024-12-20,369.14,North,Salaries & Wages,sample_gl
Actual,6000,2024-12-25,4012.69,North,Salaries & Wages,sample_gl
Actual,6000,2024-12-27,90.0,North,Salaries & Wages,sample_gl
Actual,6000,2024-12-30,1707.98,North,Salaries & Wages,sample_gl
Actual,6000,2024-12-11,9998.29,South,Salaries & Wages,sample_gl
Actual,6000,2024-12-12,2618.9,South,Salaries & Wages,sample_gl
Actual,6000,2024-12-16,9478.15,South,Salaries & Wages,sample_gl
Actual,6000,2024-12-19,3865.28,South,Salaries & Wages,sample_gl
Actual,6000,2024-12-20,13150.08,South,Salaries & Wages,sample_gl
Actual,6000,2024-12-29,2126.59,South,Salaries & Wages,sample_gl
Actual,6000,2024-12-29,3078.72,South,Salaries & Wages,sample_gl
Actual,6000,2024-12-29,702.53,South,Salaries & Wages,sample_gl
Actual,6000,2024-12-02,526.05,West,Salaries & Wages,sample_gl
Actual,6000,2024-12-12,7253.44,West,Salaries & Wages,sample_gl
Actual,6000,2024-12-13,12695.95,West,Salaries & Wages,sample_gl
Actual,6000,2024-12-16,10070.06,West,Salaries & Wages,sample_gl
Actual,6000,2024-12-17,127.81,West,Salaries & Wages,sample_gl
Actual,6000,2024-12-18,402.06,West,Salaries & Wages,sample_gl
Actual,6000,2024-12-28,12384.07,West,Salaries & Wages,sample_gl
Actual,6000,2024-12-31,1045.55,West,Salaries & Wages,sample_gl
Actual,6010,2024-12-04,2418.66,North,Rent & Facilities,sample_gl
Actual,6010,2024-12-07,230.11,North,Rent & Facilities,sample_gl
Actual,6010,2024-12-11,1083.41,North,Rent & Facilities,sample_gl
Actual,6010,2024-12-12,1075.23,North,Rent & Facilities,sample_gl
Actual,6010,2024-12-13,279.71,North,Rent & Facilities,sample_gl
Actual,6010,2024-12-19,507.86,North,Rent & Facilities,sample_gl
Actual,6010,2024-12-20,658.07,North,Rent & Facilities,sample_gl
Actual,6010,2024-12-28,3946.29,North,Rent & Facilities,sample_gl
Actual,6010,2024-12-06,1011.39,South,Rent & Facilities,sample_gl
Actual,6010,2024-12-09,316.67,South,Rent & Facilities,sample_gl
Actual,6010,2024-12-12,986.66,South,Rent & Facilities,sample_gl
Actual,6010,2024-12-12,73.3,South,Rent & Facilities,sample_gl
Actual,6010,2024-12-13,345.78,South,Rent & Facilities,sample_gl
Actual,6010,2024-12-15,1643.32,South,Rent & Facilities,sample_gl
Actual,6010,2024-12-19,1455.0,South,Rent & Facilities,sample_gl
Actual,6010,2024-12-28,4294.97,South,Rent & Facilities,sample_gl
Actual,6010,2024-12-05,1854.72,West,Rent & Facilities,sample_gl
Actual,6010,2024-12-05,3392.02,West,Rent & Facilities,sample_gl
Actual,6010,2024-12-07,182.83,West,Rent & Facilities,sample_gl
Actual,6010,2024-12-13,2137.7,West,Rent & Facilities,sample_gl
Actual,6010,2024-12-16,893.8,West,Rent & Facilities,sample_gl
Actual,6010,2024-12-24,459.16,West,Rent & Facilities,sample_gl
Actual,6010,2024-12-26,1535.09,West,Rent & Facilities,sample_gl
Actual,6010,2024-12-31,46.61,West,Rent & Facilities,sample_gl
Actual,6020,2024-12-02,856.31,North,Marketing,sample_gl
Actual,6020,2024-12-04,3916.97,North,Marketing,sample_gl
Actual,6020,2024-12-06,375.2,North,Marketing,sample_gl
Actual,6020,2024-12-13,1267.9,North,Marketing,sample_gl
Actual,6020,2024-12-18,380.61,North,Marketing,sample_gl
Actual,6020,2024-12-19,2186.88,North,Marketing,sample_gl
Actual,6020,2024-12-23,2623.81,North,Marketing,sample_gl
Actual,6020,2024-12-28,2655.56,North,Marketing,sample_gl
Actual,6020,2024-12-01,1117.04,South,Marketing,sample_gl
Actual,6020,2024-12-09,491.1,South,Marketing,sample_gl
Actual,6020,2024-12-12,224.99,South,Marketing,sample_gl
Actual,6020,2024-12-14,3472.97,South,Marketing,sample_gl
Actual,6020,2024-12-18,674.78,South,Marketing,sample_gl
Actual,6020,2024-12-18,2010.77,South,Marketing,sample_gl
Actual,6020,2024-12-26,882.19,South,Marketing,sample_gl
Actual,6020,2024-12-30,339.83,South,Marketing,sample_gl
Actual,6020,2024-12-03,2059.72,West,Marketing,sample_gl
Actual,6020,2024-12-15,323.18,West,Marketing,sample_gl
Actual,6020,2024-12-16,1691.42,West,Marketing,sample_gl
Actual,6020,2024-12-17,723.29,West,Marketing,sample_gl
Actual,6020,2024-12-22,621.16,West,Marketing,sample_gl
Actual,6020,2024-12-24,3564.08,West,Marketing,sample_gl
Actual,6020,2024-12-25,2502.76,West,Marketing,sample_gl
Actual,6020,2024-12-29,2734.23,West,Marketing,sample_gl
Actual,6030,2024-12-03,710.67,North,Software & Subscriptions,sample_gl
Actual,6030,2024-12-03,290.49,North,Software & Subscriptions,sample_gl
Actual,6030,2024-12-13,172.2,North,Software & Subscriptions,sample_gl
Actual,6030,2024-12-19,16.56,North,Software & Subscriptions,sample_gl
Actual,6030,2024-12-20,88.21,North,Software & Subscriptions,sample_gl
Actual,6030,2024-12-21,111.96,North,Software & Subscriptions,sample_gl
Actual,6030,2024-12-28,1437.86,North,Software & Subscriptions,sample_gl
Actual,6030,2024-12-30,1558.89,North,Software & Subscriptions,sample_gl
Actual,6030,2024-12-06,86.63,South,Software & Subscriptions,sample_gl
Actual,6030,2024-12-12,213.62,South,Software & Subscriptions,sample_gl
Actual,6030,2024-12-14,389.34,South,Software & Subscriptions,sample_gl
Actual,6030,2024-12-15,1793.04,South,Software & Subscriptions,sample_gl
Actual,6030,2024-12-17,145.03,South,Software & Subscriptions,sample_gl
Actual,6030,2024-12-19,101.53,South,Software & Subscriptions,sample_gl
Actual,6030,2024-12-24,797.51,South,Software & Subscriptions,sample_gl
Actual,6030,2024-12-31,223.36,South,Software & Subscriptions,sample_gl
Actual,6030,2024-12-03,143.71,West,Software & Subscriptions,sample_gl
Actual,6030,2024-12-04,310.08,West,Software & Subscriptions,sample_gl
Actual,6030,2024-12-04,392.59,West,Software & Subscriptions,sample_gl
Actual,6030,2024-12-06,584.22,West,Software & Subscriptions,sample_gl
Actual,6030,2024-12-13,733.48,West,Software & Subscriptions,sample_gl
Actual,6030,2024-12-16,825.38,West,Software & Subscriptions,sample_gl
Actual,6030,2024-12-29,1180.46,West,Software & Subscriptions,sample_gl
Actual,6030,2024-12-30,1280.98,West,Software & Subscriptions,sample_gl
Actual,6040,2024-12-05,39.43,North,Travel & Entertainment,sample_gl
Actual,6040,2024-12-08,141.74,North,Travel & Entertainment,sample_gl
Actual,6040,2024-12-08,267.63,North,Travel & Entertainment,sample_gl
Actual,6040,2024-12-10,208.33,North,Travel & Entertainment,sample_gl
Actual,6040,2024-12-10,258.62,North,Travel & Entertainment,sample_gl
Actual,6040,2024-12-15,241.47,North,Travel & Entertainment,sample_gl
Actual,6040,2024-12-21,30.16,North,Travel & Entertainment,sample_gl
Actual,6040,2024-12-24,192.7,North,Travel & Entertainment,sample_gl
Actual,6040,2024-12-05,82.45,South,Travel & Entertainment,sample_gl
Actual,6040,2024-12-09,161.33,South,Travel & Entertainment,sample_gl
Actual,6040,2024-12-15,18.87,South,Travel & Entertainment,sample_gl
Actual,6040,2024-12-18,15.65,South,Travel & Entertainment,sample_gl
Actual,6040,2024-12-18,15.58,South,Travel & Entertainment,sample_gl
Actual,6040,2024-12-28,2.24,South,Travel & Entertainment,sample_gl
Actual,6040,2024-12-30,28.77,South,Travel & Entertainment,sample_gl
Actual,6040,2024-12-31,140.82,South,Travel & Entertainment,sample_gl
Actual,6040,2024-12-03,0.22,West,Travel & Entertainment,sample_gl
Actual,6040,2024-12-08,627.33,West,Travel & Entertainment,sample_gl
Actual,6040,2024-12-10,105.71,West,Travel & Entertainment,sample_gl
Actual,6040,2024-12-12,97.37,West,Travel & Entertainment,sample_gl
Actual,6040,2024-12-15,52.89,West,Travel & Entertainment,sample_gl
Actual,6040,2024-12-16,1085.98,West,Travel & Entertainment,sample_gl
Actual,6040,2024-12-18,78.66,West,Travel & Entertainment,sample_gl
Actual,6040,2024-12-26,367.28,West,Travel & Entertainment,sample_gl
Actual,7000,2024-12-01,28.08,North,Interest Expense,sample_gl
Actual,7000,2024-12-16,7.45,North,Interest Expense,sample_gl
Actual,7000,2024-12-16,863.84,North,Interest Expense,sample_gl
Actual,7000,2024-12-18,240.02,North,Interest Expense,sample_gl
Actual,7000,2024-12-23,313.98,North,Interest Expense,sample_gl
Actual,7000,2024-12-25,220.9,North,Interest Expense,sample_gl
Actual,7000,2024-12-30,181.38,North,Interest Expense,sample_gl
Actual,7000,2024-12-31,2034.06,North,Interest Expense,sample_gl
Actual,7000,2024-12-06,914.72,South,Interest Expense,sample_gl
Actual,7000,2024-12-08,89.42,South,Interest Expense,sample_gl
Actual,7000,2024-12-13,440.55,South,Interest Expense,sample_gl
Actual,7000,2024-12-13,167.55,South,Interest Expense,sample_gl
Actual,7000,2024-12-21,1307.0,South,Interest Expense,sample_gl
Actual,7000,2024-12-23,164.33,South,Interest Expense,sample_gl
Actual,7000,2024-12-24,390.92,South,Interest Expense,sample_gl
Actual,7000,2024-12-27,343.82,South,Interest Expense,sample_gl
Actual,7000,2024-12-09,750.16,West,Interest Expense,sample_gl
Actual,7000,2024-12-09,369.01,West,Interest Expense,sample_gl
Actual,7000,2024-12-10,71.81,West,Interest Expense,sample_gl
Actual,7000,2024-12-18,507.11,West,Interest Expense,sample_gl
Actual,7000,2024-12-21,842.35,West,Interest Expense,sample_gl
Actual,7000,2024-12-22,78.81,West,Interest Expense,sample_gl
Actual,7000,2024-12-24,890.73,West,Interest Expense,sample_gl
Actual,7000,2024-12-26,602.56,West,Interest Expense,sample_gl
Budget,4000,2024-01-01,-23952.54,North,Product Revenue,sample_gl
Budget,4000,2024-01-01,-13054.8,North,Product Revenue,sample_gl
Budget,4000,2024-01-02,-5783.67,North,Product Revenue,sample_gl
Budget,4000,2024-01-04,-11559.14,North,Product Revenue,sample_gl
Budget,4000,2024-01-05,-24108.8,North,Product Revenue,sample_gl
Budget,4000,2024-01-06,-35227.93,North,Product Revenue,sample_gl
Budget,4000,2024-01-10,-1893.38,North,Product Revenue,sample_gl
Budget,4000,2024-01-18,-43378.8,North,Product Revenue,sample_gl
Budget,4000,2024-01-10,-5051.71,South,Product Revenue,sample_gl
Budget,4000,2024-01-12,-7717.69,South,Product Revenue,sample_gl
Budget,4000,2024-01-15,-10483.93,South,Product Revenue,sample_gl
Budget,4000,2024-01-16,-19167.01,South,Product Revenue,sample_gl
Budget,4000,2024-01-23,-20042.85,South,Product Revenue,sample_gl
Budget,4000,2024-01-26,-23998.63,South,Product Revenue,sample_gl
Budget,4000,2024-01-26,-33009.05,South,Product Revenue,sample_gl
Budget,4000,2024-01-26,-39702.74,South,Product Revenue,sample_gl
Budget,4000,2024-01-01,-6079.82,West,Product Revenue,sample_gl
Budget,4000,2024-01-04,-39089.76,West,Product Revenue,sample_gl
Budget,4000,2024-01-09,-35197.43,West,Product Revenue,sample_gl
Budget,4000,2024-01-13,-3242.85,West,Product Revenue,sample_gl
Budget,4000,2024-01-23,-50217.37,West,Product Revenue,sample_gl
Budget,4000,2024-01-25,-6055.63,West,Product Revenue,sample_gl
Budget,4000,2024-01-27,-41.61,West,Product Revenue,sample_gl
Budget,4000,2024-01-27,-41506.9,West,Product Revenue,sample_gl
Budget,4010,2024-01-07,-7681.0,North,Service Revenue,sample_gl
Budget,4010,2024-01-10,-2293.45,North,Service Revenue,sample_gl
Budget,4010,2024-01-13,-20288.2,North,Service Revenue,sample_gl
Budget,4010,2024-01-16,-4298.29,North,Service Revenue,sample_gl
Budget,4010,2024-01-17,-11235.05,North,Service Revenue,sample_gl
Budget,4010,2024-01-22,-1036.83,North,Service Revenue,sample_gl
Budget,4010,2024-01-22,-12042.1,North,Service Revenue,sample_gl
Budget,4010,2024-01-31,-4011.17,North,Service Revenue,sample_gl
Budget,4010,2024-01-02,-429.5,South,Service Revenue,sample_gl
Budget,4010,2024-01-04,-1590.26,South,Service Revenue,sample_gl
Budget,4010,2024-01-07,-3735.03,South,Service Revenue,sample_gl
Budget,4010,2024-01-08,-2294.74,South,Service Revenue,sample_gl
Budget,4010,2024-01-14,-5230.05,South,Service Revenue,sample_gl
Budget,4010,2024-01-21,-2328.54,South,Service Revenue,sample_gl
Budget,4010,2024-01-22,-22347.32,South,Service Revenue,sample_gl
Budget,4010,2024-01-28,-10141.55,South,Service Revenue,sample_gl
Budget,4010,2024-01-05,-5011.68,West,Service Revenue,sample_gl
Budget,4010,2024-01-12,-107.63,West,Service Revenue,sample_gl
Budget,4010,2024-01-16,-3713.22,West,Service Revenue,sample_gl
Budget,4010,2024-01-20,-25817.14,West,Service Revenue,sample_gl
Budget,4010,2024-01-23,-363.36,West,Service Revenue,sample_gl
Budget,4010,2024-01-23,-17122.87,West,Service Revenue,sample_gl
Budget,4010,2024-01-25,-3703.56,West,Service Revenue,sample_gl
Budget,4010,2024-01-26,-169.53,West,Service Revenue,sample_gl
Budget,5000,2024-01-04,15016.08,North,Cost of Goods Sold,sample_gl
Budget,5000,2024-01-05,19123.93,North,Cost of Goods Sold,sample_gl
Budget,5000,2024-01-08,19495.7,North,Cost of Goods Sold,sample_gl
Budget,5000,2024-01-11,5248.6,North,Cost of Goods Sold,sample_gl
Budget,5000,2024-01-16,2479.6,North,Cost of Goods Sold,sample_gl
Budget,5000,2024-01-18,1320.06,North,Cost of Goods Sold,sample_gl
Budget,5000,2024-01-23,13707.58,North,Cost of Goods Sold,sample_gl
Budget,5000,2024-01-26,1425.95,North,Cost of Goods Sold,sample_gl
Budget,5000,2024-01-02,13262.33,South,Cost of Goods Sold,sample_gl
Budget,5000,2024-01-05,223.79,South,Cost of Goods Sold,sample_gl
Budget,5000,2024-01-09,7457.3,South,Cost of Goods Sold,sample_gl
Budget,5000,2024-01-12,3762.81,South,Cost of Goods Sold,sample_gl
Budget,5000,2024-01-16,6384.0,South,Cost of Goods Sold,sample_gl
Budget,5000,2024-01-23,18443.63,South,Cost of Goods Sold,sample_gl
Budget,5000,2024-01-24,2513.13,South,Cost of Goods Sold,sample_gl
Budget,5000,2024-01-29,19016.39,South,Cost of Goods Sold,sample_gl
Budget,5000,2024-01-03,46.2,West,Cost of Goods Sold,sample_gl
Budget,5000,2024-01-05,11860.54,West,Cost of Goods Sold,sample_gl
Budget,5000,2024-01-06,4993.81,West,Cost of Goods Sold,sample_gl
Budget,5000,2024-01-15,2074.37,West,Cost of Goods Sold,sample_gl
Budget,5000,2024-01-17,4584.69,West,Cost of Goods Sold,sample_gl
Budget,5000,2024-01-18,765.67,West,Cost of Goods Sold,sample_gl
Budget,5000,2024-01-28,16620.3,West,Cost of Goods Sold,sample_gl
Budget,5000,2024-01-30,23229.82,West,Cost of Goods Sold,sample_gl
Budget,5010,2024-01-01,12739.31,North,Direct Labor,sample_gl
Budget,5010,2024-01-08,3618.32,North,Direct Labor,sample_gl
Budget,5010,2024-01-11,871.9,North,Direct Labor,sample_gl
Budget,5010,2024-01-12,489.42,North,Direct Labor,sample_gl
Budget,5010,2024-01-20,411.33,North,Direct Labor,sample_gl
Budget,5010,2024-01-20,3511.91,North,Direct Labor,sample_gl
Budget,5010,2024-01-25,2061.82,North,Direct Labor,sample_gl
Budget,5010,2024-01-28,9172.4,North,Direct Labor,sample_gl
Budget,5010,2024-01-02,2413.15,South,Direct Labor,sample_gl
Budget,5010,2024-01-03,758.02,South,Direct Labor,sample_gl
Budget,5010,2024-01-04,1766.84,South,Direct Labor,sample_gl
Budget,5010,2024-01-04,6922.51,South,Direct Labor,sample_gl
Budget,5010,2024-01-11,2092.75,South,Direct Labor,sample_gl
Budget,5010,2024-01-17,6455.54,South,Direct Labor,sample_gl
Budget,5010,2024-01-21,935.89,South,Direct Labor,sample_gl
Budget,5010,2024-01-22,3091.33,South,Direct Labor,sample_gl
Budget,5010,2024-01-13,1754.02,West,Direct Labor,sample_gl
Budget,5010,2024-01-16,3411.92,West,Direct Labor,sample_gl
Budget,5010,2024-01-17,1168.14,West,Direct Labor,sample_gl
Budget,5010,2024-01-19,2732.61,West,Direct Labor,sample_gl
Budget,5010,2024-01-20,3094.83,West,Direct Labor,sample_gl
Budget,5010,2024-01-22,2834.88,West,Direct Labor,sample_gl
Budget,5010,2024-01-23,8024.86,West,Direct Labor,sample_gl
Budget,5010,2024-01-27,1727.17,West,Direct Labor,sample_gl
Budget,6000,2024-01-02,1660.19,North,Salaries & Wages,sample_gl
Budget,6000,2024-01-12,1214.31,North,Salaries & Wages,sample_gl
Budget,6000,2024-01-18,7980.83,North,Salaries & Wages,sample_gl
Budget,6000,2024-01-21,4216.63,North,Salaries & Wages,sample_gl
Budget,6000,2024-01-24,1914.66,North,Salaries & Wages,sample_gl
Budget,6000,2024-01-26,11944.27,North,Salaries & Wages,sample_gl
Budget,6000,2024-01-29,4704.89,North,Salaries & Wages,sample_gl
Budget,6000,2024-01-31,7202.04,North,Salaries & Wages,sample_gl
Budget,6000,2024-01-03,7031.55,South,Salaries & Wages,sample_gl
Budget,6000,2024-01-04,415.16,South,Salaries & Wages,sample_gl
Budget,6000,2024-01-04,2330.88,South,Salaries & Wages,sample_gl
Budget,6000,2024-01-07,10904.3,South,Salaries & Wages,sample_gl
Budget,6000,2024-01-10,214.96,South,Salaries & Wages,sample_gl
Budget,6000,2024-01-17,3681.45,South,Salaries & Wages,sample_gl
Budget,6000,2024-01-31,3924.46,South,Salaries & Wages,sample_gl
Budget,6000,2024-01-31,10802.07,South,Salaries & Wages,sample_gl
Budget,6000,2024-01-04,6324.85,West,Salaries & Wages,sample_gl
Budget,6000,2024-01-12,345.19,West,Salaries & Wages,sample_gl
Budget,6000,2024-01-15,543.3,West,Salaries & Wages,sample_gl
Budget,6000,2024-01-19,6282.46,West,Salaries & Wages,sample_gl
Budget,6000,2024-01-21,2560.88,West,Salaries & Wages,sample_gl
Budget,6000,2024-01-22,10543.72,West,Salaries & Wages,sample_gl
Budget,6000,2024-01-23,8700.22,West,Salaries & Wages,sample_gl
Budget,6000,2024-01-25,4685.4,West,Salaries & Wages,sample_gl
Budget,6010,2024-01-11,2324.11,North,Rent & Facilities,sample_gl
Budget,6010,2024-01-11,798.72,North,Rent & Facilities,sample_gl
Budget,6010,2024-01-12,858.23,North,Rent & Facilities,sample_gl
Budget,6010,2024-01-15,1286.81,North,Rent & Facilities,sample_gl
Budget,6010,2024-01-18,845.9,North,Rent & Facilities,sample_gl
Budget,6010,2024-01-20,1862.53,North,Rent & Facilities,sample_gl
Budget,6010,2024-01-29,180.53,North,Rent & Facilities,sample_gl
Budget,6010,2024-01-30,1497.89,North,Rent & Facilities,sample_gl
Budget,6010,2024-01-09,1.9,South,Rent & Facilities,sample_gl
Budget,6010,2024-01-12,61.83,South,Rent & Facilities,sample_gl
Budget,6010,2024-01-13,94.43,South,Rent & Facilities,sample_gl
Budget,6010,2024-01-15,178.13,South,Rent & Facilities,sample_gl
Budget,6010,2024-01-15,974.29,South,Rent & Facilities,sample_gl
Budget,6010,2024-01-24,1449.43,South,Rent & Facilities,sample_gl
Budget,6010,2024-01-31,5877.83,South,Rent & Facilities,sample_gl
Budget,6010,2024-01-31,1064.06,South,Rent & Facilities,sample_gl
Budget,6010,2024-01-01,388.6,West,Rent & Facilities,sample_gl
Budget,6010,2024-01-07,1204.63,West,Rent & Facilities,sample_gl
Budget,6010,2024-01-08,1248.53,West,Rent & Facilities,sample_gl
Budget,6010,2024-01-11,2859.77,West,Rent & Facilities,sample_gl
Budget,6010,2024-01-25,27.39,West,Rent & Facilities,sample_gl
Budget,6010,2024-01-27,1373.69,West,Rent & Facilities,sample_gl
Budget,6010,2024-01-28,2432.38,West,Rent & Facilities,sample_gl
Budget,6010,2024-01-31,762.84,West,Rent & Facilities,sample_gl
Budget,6020,2024-01-08,1070.85,North,Marketing,sample_gl
Budget,6020,2024-01-08,943.76,North,Marketing,sample_gl
Budget,6020,2024-01-09,2643.72,North,Marketing,sample_gl
Budget,6020,2024-01-10,3772.61,North,Marketing,sample_gl
Budget,6020,2024-01-12,124.5,North,Marketing,sample_gl
Budget,6020,2024-01-19,683.24,North,Marketing,sample_gl
Budget,6020,2024-01-26,1456.2,North,Marketing,sample_gl
Budget,6020,2024-01-29,956.82,North,Marketing,sample_gl
Budget,6020,2024-01-04,865.85,South,Marketing,sample_gl
Budget,6020,2024-01-19,349.21,South,Marketing,sample_gl
Budget,6020,2024-01-23,3435.91,South,Marketing,sample_gl
Budget,6020,2024-01-23,4271.59,South,Marketing,sample_gl
Budget,6020,2024-01-27,293.36,South,Marketing,sample_gl
Budget,6020,2024-01-27,2098.84,South,Marketing,sample_gl
Budget,6020,2024-01-29,621.05,South,Marketing,sample_gl
Budget,6020,2024-01-30,3547.12,South,Marketing,sample_gl
Budget,6020,2024-01-04,91.63,West,Marketing,sample_gl
Budget,6020,2024-01-08,238.37,West,Marketing,sample_gl
Budget,6020,2024-01-14,2112.28,West,Marketing,sample_gl
Budget,6020,2024-01-24,622.65,West,Marketing,sample_gl
Budget,6020,2024-01-25,1761.41,West,Marketing,sample_gl
Budget,6020,2024-01-28,404.49,West,Marketing,sample_gl
Budget,6020,2024-01-28,998.76,West,Marketing,sample_gl
Budget,6020,2024-01-30,1783.58,West,Marketing,sample_gl
Budget,6030,2024-01-05,303.3,North,Software & Subscriptions,sample_gl
Budget,6030,2024-01-05,1030.0,North,Software & Subscriptions,sample_gl
Budget,6030,2024-01-08,1025.39,North,Software & Subscriptions,sample_gl
Budget,6030,2024-01-11,316.59,North,Software & Subscriptions,sample_gl
Budget,6030,2024-01-17,354.89,North,Software & Subscriptions,sample_gl
Budget,6030,2024-01-18,542.74,North,Software & Subscriptions,sample_gl
Budget,6030,2024-01-19,819.16,North,Software & Subscriptions,sample_gl
Budget,6030,2024-01-23,1611.48,North,Software & Subscriptions,sample_gl
Budget,6030,2024-01-02,411.34,South,Software & Subscriptions,sample_gl
Budget,6030,2024-01-03,219.0,South,Software & Subscriptions,sample_gl
Budget,6030,2024-01-05,21.74,South,Software & Subscriptions,sample_gl
Budget,6030,2024-01-11,1277.95,South,Software & Subscriptions,sample_gl
Budget,6030,2024-01-16,496.21,South,Software & Subscriptions,sample_gl
Budget,6030,2024-01-18,277.87,South,Software & Subscriptions,sample_gl
Budget,6030,2024-01-19,1037.22,South,Software & Subscriptions,sample_gl
Budget,6030,2024-01-24,1093.52,South,Software & Subscriptions,sample_gl
Budget,6030,2024-01-07,635.44,West,Software & Subscriptions,sample_gl
Budget,6030,2024-01-13,732.88,West,Software & Subscriptions,sample_gl
Budget,6030,2024-01-16,135.2,West,Software & Subscriptions,sample_gl
Budget,6030,2024-01-18,925.0,West,Software & Subscriptions,sample_gl
Budget,6030,2024-01-19,531.83,West,Software & Subscriptions,sample_gl
Budget,6030,2024-01-20,292.34,West,Software & Subscriptions,sample_gl
Budget,6030,2024-01-21,613.92,West,Software & Subscriptions,sample_gl
Budget,6030,2024-01-24,1780.24,West,Software & Subscriptions,sample_gl
Budget,6040,2024-01-01,333.9,North,Travel & Entertainment,sample_gl
Budget,6040,2024-01-07,356.01,North,Travel & Entertainment,sample_gl
Budget,6040,2024-01-10,179.02,North,Travel & Entertainment,sample_gl
Budget,6040,2024-01-11,360.46,North,Travel & Entertainment,sample_gl
Budget,6040,2024-01-12,354.34,North,Travel & Entertainment,sample_gl
Budget,6040,2024-01-20,37.06,North,Travel & Entertainment,sample_gl
Budget,6040,2024-01-21,202.46,North,Travel & Entertainment,sample_gl
Budget,6040,2024-01-25,149.51,North,Travel & Entertainment,sample_gl
Budget,6040,2024-01-05,356.51,South,Travel & Entertainment,sample_gl
Budget,6040,2024-01-07,257.0,South,Travel & Entertainment,sample_gl
Budget,6040,2024-01-08,396.21,South,Travel & Entertainment,sample_gl
Budget,6040,2024-01-12,185.44,South,Travel & Entertainment,sample_gl
Budget,6040,2024-01-22,1384.74,South,Travel & Entertainment,sample_gl
Budget,6040,2024-01-24,492.63,South,Travel & Entertainment,sample_gl
Budget,6040,2024-01-25,385.79,South,Travel & Entertainment,sample_gl
Budget,6040,2024-01-28,696.09,South,Travel & Entertainment,sample_gl
Budget,6040,2024-01-01,353.51,West,Travel & Entertainment,sample_gl
Budget,6040,2024-01-07,558.18,West,Travel & Entertainment,sample_gl
Budget,6040,2024-01-10,3.96,West,Travel & Entertainment,sample_gl
Budget,6040,2024-01-11,123.87,West,Travel & Entertainment,sample_gl
Budget,6040,2024-01-15,120.18,West,Travel & Entertainment,sample_gl
Budget,6040,2024-01-16,92.24,West,Travel & Entertainment,sample_gl
Budget,6040,2024-01-18,403.68,West,Travel & Entertainment,sample_gl
Budget,6040,2024-01-24,12.84,West,Travel & Entertainment,sample_gl
Budget,7000,2024-01-01,255.52,North,Interest Expense,sample_gl
Budget,7000,2024-01-02,597.6,North,Interest Expense,sample_gl
Budget,7000,2024-01-13,232.77,North,Interest Expense,sample_gl
Budget,7000,2024-01-17,67.27,North,Interest Expense,sample_gl
Budget,7000,2024-01-19,823.29,North,Interest Expense,sample_gl
Budget,7000,2024-01-22,984.34,North,Interest Expense,sample_gl
Budget,7000,2024-01-22,1056.96,North,Interest Expense,sample_gl
Budget,7000,2024-01-29,233.04,North,Interest Expense,sample_gl
Budget,7000,2024-01-01,1235.44,South,Interest Expense,sample_gl
Budget,7000,2024-01-04,397.15,South,Interest Expense,sample_gl
Budget,7000,2024-01-12,515.38,South,Interest Expense,sample_gl
Budget,7000,2024-01-22,849.61,South,Interest Expense,sample_gl
Budget,7000,2024-01-22,733.73,South,Interest Expense,sample_gl
Budget,7000,2024-01-28,86.46,South,Interest Expense,sample_gl
Budget,7000,2024-01-28,320.67,South,Interest Expense,sample_gl
Budget,7000,2024-01-30,85.35,South,Interest Expense,sample_gl
Budget,7000,2024-01-03,162.97,West,Interest Expense,sample_gl
Budget,7000,2024-01-06,1087.09,West,Interest Expense,sample_gl
Budget,7000,2024-01-07,758.43,West,Interest Expense,sample_gl
Budget,7000,2024-01-16,290.06,West,Interest Expense,sample_gl
Budget,7000,2024-01-17,622.23,West,Interest Expense,sample_gl
Budget,7000,2024-01-18,860.08,West,Interest Expense,sample_gl
Budget,7000,2024-01-20,182.52,West,Interest Expense,sample_gl
Budget,7000,2024-01-28,136.14,West,Interest Expense,sample_gl
Budget,4000,2024-02-08,-4907.65,North,Product Revenue,sample_gl
Budget,4000,2024-02-09,-87519.48,North,Product Revenue,sample_gl
Budget,4000,2024-02-10,-11800.82,North,Product Revenue,sample_gl
Budget,4000,2024-02-12,-30995.7,North,Product Revenue,sample_gl
Budget,4000,2024-02-12,-493.96,North,Product Revenue,sample_gl
Budget,4000,2024-02-17,-10629.22,North,Product Revenue,sample_gl
Budget,4000,2024-02-21,-1952.81,North,Product Revenue,sample_gl
Budget,4000,2024-02-22,-18253.92,North,Product Revenue,sample_gl
Budget,4000,2024-02-05,-14350.89,South,Product Revenue,sample_gl
Budget,4000,2024-02-05,-22824.27,South,Product Revenue,sample_gl
Budget,4000,2024-02-08,-2113.99,South,Product Revenue,sample_gl
Budget,4000,2024-02-09,-23186.06,South,Product Revenue,sample_gl
Budget,4000,2024-02-11,-37635.02,South,Product Revenue,sample_gl
Budget,4000,2024-02-13,-2137.42,South,Product Revenue,sample_gl
Budget,4000,2024-02-22,-54772.03,South,Product Revenue,sample_gl
Budget,4000,2024-02-29,-6439.36,South,Product Revenue,sample_gl
Budget,4000,2024-02-05,-26524.56,West,Product Revenue,sample_gl
Budget,4000,2024-02-05,-12330.0,West,Product Revenue,sample_gl
Budget,4000,2024-02-07,-72734.91,West,Product Revenue,sample_gl
Budget,4000,2024-02-11,-19785.04,West,Product Revenue,sample_gl
Budget,4000,2024-02-15,-861.07,West,Product Revenue,sample_gl
Budget,4000,2024-02-18,-40352.75,West,Product Revenue,sample_gl
Budget,4000,2024-02-20,-2097.15,West,Product Revenue,sample_gl
Budget,4000,2024-02-21,-17368.87,West,Product Revenue,sample_gl
Budget,4010,2024-02-03,-7635.67,North,Service Revenue,sample_gl
Budget,4010,2024-02-05,-12848.55,North,Service Revenue,sample_gl
Budget,4010,2024-02-06,-15462.78,North,Service Revenue,sample_gl
Budget,4010,2024-02-11,-10947.74,North,Service Revenue,sample_gl
Budget,4010,2024-02-14,-2473.83,North,Service Revenue,sample_gl
Budget,4010,2024-02-19,-7365.8,North,Service Revenue,sample_gl
Budget,4010,2024-02-21,-4447.96,North,Service Revenue,sample_gl
Budget,4010,2024-02-25,-3315.07,North,Service Revenue,sample_gl
Budget,4010,2024-02-10,-5875.48,South,Service Revenue,sample_gl
Budget,4010,2024-02-14,-4290.86,South,Service Revenue,sample_gl
Budget,4010,2024-02-15,-4518.73,South,Service Revenue,sample_gl
Budget,4010,2024-02-21,-381.54,South,Service Revenue,sample_gl
Budget,4010,2024-02-24,-18609.87,South,Service Revenue,sample_gl
Budget,4010,2024-02-24,-8279.92,South,Service Revenue,sample_gl
Budget,4010,2024-02-27,-916.8,South,Service Revenue,sample_gl
Budget,4010,2024-02-29,-12155.38,South,Service Revenue,sample_gl
Budget,4010,2024-02-01,-16269.39,West,Service Revenue,sample_gl
Budget,4010,2024-02-08,-665.61,West,Service Revenue,sample_gl
Budget,4010,2024-02-08,-4648.25,West,Service Revenue,sample_gl
Budget,4010,2024-02-08,-1164.85,West,Service Revenue,sample_gl
Budget,4010,2024-02-19,-4636.67,West,Service Revenue,sample_gl
Budget,4010,2024-02-20,-3778.16,West,Service Revenue,sample_gl
Budget,4010,2024-02-20,-1081.32,West,Service Revenue,sample_gl
Budget,4010,2024-02-22,-13041.41,West,Service Revenue,sample_gl
Budget,5000,2024-02-01,12832.37,North,Cost of Goods Sold,sample_gl
Budget,5000,2024-02-02,1866.42,North,Cost of Goods Sold,sample_gl
Budget,5000,2024-02-05,125.26,North,Cost of Goods Sold,sample_gl
Budget,5000,2024-02-06,1303.84,North,Cost of Goods Sold,sample_gl
Budget,5000,2024-02-07,32522.2,North,Cost of Goods Sold,sample_gl
Budget,5000,2024-02-08,18413.64,North,Cost of Goods Sold,sample_gl
Budget,5000,2024-02-14,1794.5,North,Cost of Goods Sold,sample_gl
Budget,5000,2024-02-25,3609.01,North,Cost of Goods Sold,sample_gl
Budget,5000,2024-02-11,23216.83,South,Cost of Goods Sold,sample_gl
Budget,5000,2024-02-15,1967.67,South,Cost of Goods Sold,sample_gl
Budget,5000,2024-02-15,10624.67,South,Cost of Goods Sold,sample_gl
Budget,5000,2024-02-16,6613.15,South,Cost of Goods Sold,sample_gl
Budget,5000,2024-02-20,3299.41,South,Cost of Goods Sold,sample_gl
Budget,5000,2024-02-23,2834.07,South,Cost of Goods Sold,sample_gl
Budget,5000,2024-02-28,3726.14,South,Cost of Goods Sold,sample_gl
Budget,5000,2024-02-28,6621.52,South,Cost of Goods Sold,sample_gl
Budget,5000,2024-02-02,8388.74,West,Cost of Goods Sold,sample_gl
Budget,5000,2024-02-17,10467.5,West,Cost of Goods Sold,sample_gl
Budget,5000,2024-02-17,16205.48,West,Cost of Goods Sold,sample_gl
Budget,5000,2024-02-18,6213.39,West,Cost of Goods Sold,sample_gl
Budget,5000,2024-02-21,26083.15,West,Cost of Goods Sold,sample_gl
Budget,5000,2024-02-23,1.0,West,Cost of Goods Sold,sample_gl
Budget,5000,2024-02-26,8138.14,West,Cost of Goods Sold,sample_gl
Budget,5000,2024-02-29,1240.81,West,Cost of Goods Sold,sample_gl
Budget,5010,2024-02-02,7292.98,North,Direct Labor,sample_gl
Budget,5010,2024-02-02,334.99,North,Direct Labor,sample_gl
Budget,5010,2024-02-07,2341.48,North,Direct Labor,sample_gl
Budget,5010,2024-02-13,611.69,North,Direct Labor,sample_gl
Budget,5010,2024-02-17,973.93,North,Direct Labor,sample_gl
Budget,5010,2024-02-18,3801.72,North,Direct Labor,sample_gl
Budget,5010,2024-02-21,5372.11,North,Direct Labor,sample_gl
Budget,5010,2024-02-25,4317.47,North,Direct Labor,sample_gl
Budget,5010,2024-02-03,3446.53,South,Direct Labor,sample_gl
Budget,5010,2024-02-05,674.1,South,Direct Labor,sample_gl
Budget,5010,2024-02-15,8473.92,South,Direct Labor,sample_gl
Budget,5010,2024-02-15,1136.75,South,Direct Labor,sample_gl
Budget,5010,2024-02-17,7468.2,South,Direct Labor,sample_gl
Budget,5010,2024-02-21,2516.02,South,Direct Labor,sample_gl
Budget,5010,2024-02-24,4845.59,South,Direct Labor,sample_gl
Budget,5010,2024-02-27,1892.95,South,Direct Labor,sample_gl
Budget,5010,2024-02-06,3461.47,West,Direct Labor,sample_gl
Budget,5010,2024-02-07,3545.35,West,Direct Labor,sample_gl
Budget,5010,2024-02-15,5732.52,West,Direct Labor,sample_gl
Budget,5010,2024-02-19,6641.23,West,Direct Labor,sample_gl
Budget,5010,2024-02-23,746.89,West,Direct Labor,sample_gl
Budget,5010,2024-02-29,2188.53,West,Direct Labor,sample_gl
Budget,5010,2024-02-29,3100.93,West,Direct Labor,sample_gl
Budget,5010,2024-02-29,2601.13,West,Direct Labor,sample_gl
Budget,6000,2024-02-03,1852.63,North,Salaries & Wages,sample_gl
Budget,6000,2024-02-12,4894.39,North,Salaries & Wages,sample_gl
Budget,6000,2024-02-13,463.53,North,Salaries & Wages,sample_gl
Budget,6000,2024-02-17,6933.04,North,Salaries & Wages,sample_gl
Budget,6000,2024-02-17,9078.44,North,Salaries & Wages,sample_gl
Budget,6000,2024-02-23,2604.58,North,Salaries & Wages,sample_gl
Budget,6000,2024-02-24,10938.42,North,Salaries & Wages,sample_gl
Budget,6000,2024-02-26,5430.31,North,Salaries & Wages,sample_gl
Budget,6000,2024-02-05,2150.68,South,Salaries & Wages,sample_gl
Budget,6000,2024-02-05,5423.2,South,Salaries & Wages,sample_gl
Budget,6000,2024-02-06,4530.37,South,Salaries & Wages,sample_gl
Budget,6000,2024-02-06,808.19,South,Salaries & Wages,sample_gl
Budget,6000,2024-02-23,17692.33,South,Salaries & Wages,sample_gl
Budget,6000,2024-02-25,7057.67,South,Salaries & Wages,sample_gl
Budget,6000,2024-02-28,2616.51,South,Salaries & Wages,sample_gl
Budget,6000,2024-02-28,1636.11,South,Salaries & Wages,sample_gl
Budget,6000,2024-02-01,8722.11,West,Salaries & Wages,sample_gl
Budget,6000,2024-02-09,9048.99,West,Salaries & Wages,sample_gl
Budget,6000,2024-02-15,477.1,West,Salaries & Wages,sample_gl
Budget,6000,2024-02-16,1597.77,West,Salaries & Wages,sample_gl
Budget,6000,2024-02-16,4605.59,West,Salaries & Wages,sample_gl
Budget,6000,2024-02-18,2070.66,West,Salaries & Wages,sample_gl
Budget,6000,2024-02-25,5951.54,West,Salaries & Wages,sample_gl
Budget,6000,2024-02-28,7743.69,West,Salaries & Wages,sample_gl
Budget,6010,2024-02-01,550.26,North,Rent & Facilities,sample_gl
Budget,6010,2024-02-08,902.48,North,Rent & Facilities,sample_gl
Budget,6010,2024-02-09,394.38,North,Rent & Facilities,sample_gl
Budget,6010,2024-02-18,227.82,North,Rent & Facilities,sample_gl
Budget,6010,2024-02-20,1412.85,North,Rent & Facilities,sample_gl
Budget,6010,2024-02-20,2794.23,North,Rent & Facilities,sample_gl
Budget,6010,2024-02-20,1913.54,North,Rent & Facilities,sample_gl
Budget,6010,2024-02-29,1797.54,North,Rent & Facilities,sample_gl
Budget,6010,2024-02-02,1682.54,South,Rent & Facilities,sample_gl
Budget,6010,2024-02-03,1283.22,South,Rent & Facilities,sample_gl
Budget,6010,2024-02-04,2897.1,South,Rent & Facilities,sample_gl
Budget,6010,2024-02-06,105.39,South,Rent & Facilities,sample_gl
Budget,6010,2024-02-10,924.43,South,Rent & Facilities,sample_gl
Budget,6010,2024-02-11,405.91,South,Rent & Facilities,sample_gl
Budget,6010,2024-02-14,2778.73,South,Rent & Facilities,sample_gl
Budget,6010,2024-02-20,351.52,South,Rent & Facilities,sample_gl
Budget,6010,2024-02-02,682.66,West,Rent & Facilities,sample_gl
Budget,6010,2024-02-03,674.72,West,Rent & Facilities,sample_gl
Budget,6010,2024-02-10,1596.9,West,Rent & Facilities,sample_gl
Budget,6010,2024-02-11,764.08,West,Rent & Facilities,sample_gl
Budget,6010,2024-02-12,104.62,West,Rent & Facilities,sample_gl
Budget,6010,2024-02-19,488.13,West,Rent & Facilities,sample_gl
Budget,6010,2024-02-24,1242.39,West,Rent & Facilities,sample_gl
Budget,6010,2024-02-25,4535.13,West,Rent & Facilities,sample_gl
Budget,6020,2024-02-02,1308.1,North,Marketing,sample_gl
Budget,6020,2024-02-07,4480.24,North,Marketing,sample_gl
Budget,6020,2024-02-07,1739.1,North,Marketing,sample_gl
Budget,6020,2024-02-14,714.18,North,Marketing,sample_gl
Budget,6020,2024-02-17,491.57,North,Marketing,sample_gl
Budget,6020,2024-02-17,2443.37,North,Marketing,sample_gl
Budget,6020,2024-02-20,637.85,North,Marketing,sample_gl
Budget,6020,2024-02-23,153.32,North,Marketing,sample_gl
Budget,6020,2024-02-09,4749.76,South,Marketing,sample_gl
Budget,6020,2024-02-10,12.86,South,Marketing,sample_gl
Budget,6020,2024-02-11,740.61,South,Marketing,sample_gl
Budget,6020,2024-02-14,374.58,South,Marketing,sample_gl
Budget,6020,2024-02-17,85.68,South,Marketing,sample_gl
Budget,6020,2024-02-20,1013.69,South,Marketing,sample_gl
Budget,6020,2024-02-23,1893.8,South,Marketing,sample_gl
Budget,6020,2024-02-28,697.49,South,Marketing,sample_gl
Budget,6020,2024-02-01,2008.11,West,Marketing,sample_gl
Budget,6020,2024-02-01,3675.9,West,Marketing,sample_gl
Budget,6020,2024-02-04,1366.52,West,Marketing,sample_gl
Budget,6020,2024-02-07,3600.18,West,Marketing,sample_gl
Budget,6020,2024-02-08,2964.74,West,Marketing,sample_gl
Budget,6020,2024-02-10,825.98,West,Marketing,sample_gl
Budget,6020,2024-02-15,2569.91,West,Marketing,sample_gl
Budget,6020,2024-02-23,17.25,West,Marketing,sample_gl
Budget,6030,2024-02-01,22.73,North,Software & Subscriptions,sample_gl
Budget,6030,2024-02-07,1021.51,North,Software & Subscriptions,sample_gl
Budget,6030,2024-02-07,96.95,North,Software & Subscriptions,sample_gl
Budget,6030,2024-02-18,59.89,North,Software & Subscriptions,sample_gl
Budget,6030,2024-02-21,677.68,North,Software & Subscriptions,sample_gl
Budget,6030,2024-02-21,664.26,North,Software & Subscriptions,sample_gl
Budget,6030,2024-02-23,386.96,North,Software & Subscriptions,sample_gl
Budget,6030,2024-02-26,777.94,North,Software & Subscriptions,sample_gl
Budget,6030,2024-02-01,157.12,South,Software & Subscriptions,sample_gl
Budget,6030,2024-02-06,442.74,South,Software & Subscriptions,sample_gl
Budget,6030,2024-02-07,86.75,South,Software & Subscriptions,sample_gl
Budget,6030,2024-02-11,1348.75,South,Software & Subscriptions,sample_gl
Budget,6030,2024-02-11,61.34,South,Software & Subscriptions,sample_gl
Budget,6030,2024-02-20,20.36,South,Software & Subscriptions,sample_gl
Budget,6030,2024-02-27,1958.28,South,Software & Subscriptions,sample_gl
Budget,6030,2024-02-27,343.43,South,Software & Subscriptions,sample_gl
Budget,6030,2024-02-11,110.42,West,Software & Subscriptions,sample_gl
Budget,6030,2024-02-14,220.05,West,Software & Subscriptions,sample_gl
Budget,6030,2024-02-15,2743.23,West,Software & Subscriptions,sample_gl
Budget,6030,2024-02-18,201.17,West,Software & Subscriptions,sample_gl
Budget,6030,2024-02-26,57.6,West,Software & Subscriptions,sample_gl
Budget,6030,2024-02-27,668.06,West,Software & Subscriptions,sample_gl
Budget,6030,2024-02-28,1472.29,West,Software & Subscriptions,sample_gl
Budget,6030,2024-02-29,425.95,West,Software & Subscriptions,sample_gl
Budget,6040,2024-02-01,234.91,North,Travel & Entertainment,sample_gl
Budget,6040,2024-02-03,98.76,North,Travel & Entertainment,sample_gl
Budget,6040,2024-02-05,43.04,North,Travel & Entertainment,sample_gl
Budget,6040,2024-02-09,305.13,North,Travel & Entertainment,sample_gl
Budget,6040,2024-02-12,72.55,North,Travel & Entertainment,sample_gl
Budget,6040,2024-02-26,319.72,North,Travel & Entertainment,sample_gl
Budget,6040,2024-02-27,143.58,North,Travel & Entertainment,sample_gl
Budget,6040,2024-02-29,792.74,North,Travel & Entertainment,sample_gl
Budget,6040,2024-02-02,228.62,South,Travel & Entertainment,sample_gl
Budget,6040,2024-02-10,486.5,South,Travel & Entertainment,sample_gl
Budget,6040,2024-02-11,82.0,South,Travel & Entertainment,sample_gl
Budget,6040,2024-02-23,181.63,South,Travel & Entertainment,sample_gl
Budget,6040,2024-02-23,404.36,South,Travel & Entertainment,sample_gl
Budget,6040,2024-02-25,801.67,South,Travel & Entertainment,sample_gl
Budget,6040,2024-02-26,125.35,South,Travel & Entertainment,sample_gl
Budget,6040,2024-02-28,323.85,South,Travel & Entertainment,sample_gl
Budget,6040,2024-02-01,773.37,West,Travel & Entertainment,sample_gl
Budget,6040,2024-02-02,1189.06,West,Travel & Entertainment,sample_gl
Budget,6040,2024-02-03,70.71,West,Travel & Entertainment,sample_gl
Budget,6040,2024-02-07,95.85,West,Travel & Entertainment,sample_gl
Budget,6040,2024-02-15,849.0,West,Travel & Entertainment,sample_gl
Budget,6040,2024-02-17,175.21,West,Travel & Entertainment,sample_gl
Budget,6040,2024-02-25,602.17,West,Travel & Entertainment,sample_gl
Budget,6040,2024-02-26,310.48,West,Travel & Entertainment,sample_gl
Budget,7000,2024-02-04,151.47,North,Interest Expense,sample_gl
Budget,7000,2024-02-05,30.98,North,Interest Expense,sample_gl
Budget,7000,2024-02-05,297.55,North,Interest Expense,sample_gl
Budget,7000,2024-02-17,370.25,North,Interest Expense,sample_gl
Budget,7000,2024-02-22,438.39,North,Interest Expense,sample_gl
Budget,7000,2024-02-25,317.44,North,Interest Expense,sample_gl
Budget,7000,2024-02-27,1977.51,North,Interest Expense,sample_gl
Budget,7000,2024-02-28,560.2,North,Interest Expense,sample_gl
Budget,7000,2024-02-02,94.31,South,Interest Expense,sample_gl
Budget,7000,2024-02-04,747.09,South,Interest Expense,sample_gl
Budget,7000,2024-02-11,38.98,South,Interest Expense,sample_gl
Budget,7000,2024-02-15,321.87,South,Interest Expense,sample_gl
Budget,7000,2024-02-17,1477.95,South,Interest Expense,sample_gl
Budget,7000,2024-02-22,447.66,South,Interest Expense,sample_gl
Budget,7000,2024-02-25,54.28,South,Interest Expense,sample_gl
Budget,7000,2024-02-29,1013.2,South,Interest Expense,sample_gl
Budget,7000,2024-02-04,381.28,West,Interest Expense,sample_gl
Budget,7000,2024-02-05,45.01,West,Interest Expense,sample_gl
Budget,7000,2024-02-09,160.28,West,Interest Expense,sample_gl
Budget,7000,2024-02-11,1433.99,West,Interest Expense,sample_gl
Budget,7000,2024-02-15,25.46,West,Interest Expense,sample_gl
Budget,7000,2024-02-18,38.21,West,Interest Expense,sample_gl
Budget,7000,2024-02-22,1484.79,West,Interest Expense,sample_gl
Budget,7000,2024-02-25,155.31,West,Interest Expense,sample_gl
Budget,4000,2024-03-03,-4679.44,North,Product Revenue,sample_gl
Budget,4000,2024-03-06,-3464.19,North,Product Revenue,sample_gl
Budget,4000,2024-03-08,-43.61,North,Product Revenue,sample_gl
Budget,4000,2024-03-10,-53725.99,North,Product Revenue,sample_gl
Budget,4000,2024-03-10,-25336.27,North,Product Revenue,sample_gl
Budget,4000,2024-03-19,-56759.12,North,Product Revenue,sample_gl
Budget,4000,2024-03-20,-1783.36,North,Product Revenue,sample_gl
Budget,4000,2024-03-26,-15608.67,North,Product Revenue,sample_gl
Budget,4000,2024-03-03,-40866.96,South,Product Revenue,sample_gl
Budget,4000,2024-03-06,-27675.05,South,Product Revenue,sample_gl
Budget,4000,2024-03-13,-4803.92,South,Product Revenue,sample_gl
Budget,4000,2024-03-14,-18605.81,South,Product Revenue,sample_gl
Budget,4000,2024-03-19,-37873.78,South,Product Revenue,sample_gl
Budget,4000,2024-03-20,-12509.66,South,Product Revenue,sample_gl
Budget,4000,2024-03-23,-14081.96,South,Product Revenue,sample_gl
Budget,4000,2024-03-29,-49828.39,South,Product Revenue,sample_gl
Budget,4000,2024-03-03,-16449.19,West,Product Revenue,sample_gl
Budget,4000,2024-03-05,-36044.48,West,Product Revenue,sample_gl
Budget,4000,2024-03-15,-27085.39,West,Product Revenue,sample_gl
Budget,4000,2024-03-19,-29405.48,West,Product Revenue,sample_gl
Budget,4000,2024-03-25,-9163.1,West,Product Revenue,sample_gl
Budget,4000,2024-03-25,-11482.3,West,Product Revenue,sample_gl
Budget,4000,2024-03-27,-6064.16,West,Product Revenue,sample_gl
Budget,4000,2024-03-30,-33426.63,West,Product Revenue,sample_gl
Budget,4010,2024-03-05,-8707.16,North,Service Revenue,sample_gl
Budget,4010,2024-03-08,-6715.25,North,Service Revenue,sample_gl
Budget,4010,2024-03-09,-264.36,North,Service Revenue,sample_gl
Budget,4010,2024-03-20,-1572.88,North,Service Revenue,sample_gl
Budget,4010,2024-03-28,-5891.3,North,Service Revenue,sample_gl
Budget,4010,2024-03-29,-17726.73,North,Service Revenue,sample_gl
Budget,4010,2024-03-30,-2681.81,North,Service Revenue,sample_gl
Budget,4010,2024-03-31,-3928.99,North,Service Revenue,sample_gl
Budget,4010,2024-03-06,-3758.38,South,Service Revenue,sample_gl
Budget,4010,2024-03-10,-1910.74,South,Service Revenue,sample_gl
Budget,4010,2024-03-12,-15828.86,South,Service Revenue,sample_gl
Budget,4010,2024-03-15,-5419.12,South,Service Revenue,sample_gl
Budget,4010,2024-03-16,-2554.21,South,Service Revenue,sample_gl
Budget,4010,2024-03-20,-981.85,South,Service Revenue,sample_gl
Budget,4010,2024-03-25,-7397.36,South,Service Revenue,sample_gl
Budget,4010,2024-03-28,-15141.15,South,Service Revenue,sample_gl
Budget,4010,2024-03-08,-3389.06,West,Service Revenue,sample_gl
Budget,4010,2024-03-10,-4769.12,West,Service Revenue,sample_gl
Budget,4010,2024-03-13,-2525.01,West,Service Revenue,sample_gl
Budget,4010,2024-03-14,-1818.83,West,Service Revenue,sample_gl
Budget,4010,2024-03-15,-9617.09,West,Service Revenue,sample_gl
Budget,4010,2024-03-18,-2628.04,West,Service Revenue,sample_gl
Budget,4010,2024-03-19,-10860.04,West,Service Revenue,sample_gl
Budget,4010,2024-03-20,-15695.58,West,Service Revenue,sample_gl
Budget,5000,2024-03-03,7555.34,North,Cost of Goods Sold,sample_gl
Budget,5000,2024-03-06,1289.65,North,Cost of Goods Sold,sample_gl
Budget,5000,2024-03-08,16329.04,North,Cost of Goods Sold,sample_gl
Budget,5000,2024-03-11,20943.46,North,Cost of Goods Sold,sample_gl
Budget,5000,2024-03-18,8961.86,North,Cost of Goods Sold,sample_gl
Budget,5000,2024-03-22,2124.4,North,Cost of Goods Sold,sample_gl
Budget,5000,2024-03-22,7534.24,North,Cost of Goods Sold,sample_gl
Budget,5000,2024-03-23,12630.55,North,Cost of Goods Sold,sample_gl
Budget,5000,2024-03-03,4016.56,South,Cost of Goods Sold,sample_gl
Budget,5000,2024-03-04,10199.74,South,Cost of Goods Sold,sample_gl
Budget,5000,2024-03-06,7172.86,South,Cost of Goods Sold,sample_gl
Budget,5000,2024-03-10,17573.24,South,Cost of Goods Sold,sample_gl
Budget,5000,2024-03-13,3173.91,South,Cost of Goods Sold,sample_gl
Budget,5000,2024-03-15,2647.09,South,Cost of Goods Sold,sample_gl
Budget,5000,2024-03-20,8777.37,South,Cost of Goods Sold,sample_gl
Budget,5000,2024-03-31,11767.94,South,Cost of Goods Sold,sample_gl
Budget,5000,2024-03-01,15163.08,West,Cost of Goods Sold,sample_gl
Budget,5000,2024-03-05,6328.95,West,Cost of Goods Sold,sample_gl
Budget,5000,2024-03-05,606.94,West,Cost of Goods Sold,sample_gl
Budget,5000,2024-03-21,10869.35,West,Cost of Goods Sold,sample_gl
Budget,5000,2024-03-22,428.7,West,Cost of Goods Sold,sample_gl
Budget,5000,2024-03-25,11988.05,West,Cost of Goods Sold,sample_gl
Budget,5000,2024-03-25,19305.98,West,Cost of Goods Sold,sample_gl
Budget,5000,2024-03-26,9037.22,West,Cost of Goods Sold,sample_gl
Budget,5010,2024-03-10,15330.14,North,Direct Labor,sample_gl
Budget,5010,2024-03-14,2171.56,North,Direct Labor,sample_gl
Budget,5010,2024-03-22,863.9,North,Direct Labor,sample_gl
Budget,5010,2024-03-26,3192.64,North,Direct Labor,sample_gl
Budget,5010,2024-03-30,3899.8,North,Direct Labor,sample_gl
Budget,5010,2024-03-30,2026.74,North,Direct Labor,sample_gl
Budget,5010,2024-03-30,2257.71,North,Direct Labor,sample_gl
Budget,5010,2024-03-31,291.65,North,Direct Labor,sample_gl
Budget,5010,2024-03-01,854.0,South,Direct Labor,sample_gl
Budget,5010,2024-03-02,2150.11,South,Direct Labor,sample_gl
Budget,5010,2024-03-18,4724.25,South,Direct Labor,sample_gl
Budget,5010,2024-03-18,4094.26,South,Direct Labor,sample_gl
Budget,5010,2024-03-23,4339.14,South,Direct Labor,sample_gl
Budget,5010,2024-03-27,959.86,South,Direct Labor,sample_gl
Budget,5010,2024-03-29,9680.18,South,Direct Labor,sample_gl
Budget,5010,2024-03-31,583.41,South,Direct Labor,sample_gl
Budget,5010,2024-03-07,3575.42,West,Direct Labor,sample_gl
Budget,5010,2024-03-13,882.9,West,Direct Labor,sample_gl
Budget,5010,2024-03-13,2958.18,West,Direct Labor,sample_gl
Budget,5010,2024-03-13,1846.4,West,Direct Labor,sample_gl
Budget,5010,2024-03-14,1464.11,West,Direct Labor,sample_gl
Budget,5010,2024-03-18,3552.72,West,Direct Labor,sample_gl
Budget,5010,2024-03-22,7401.98,West,Direct Labor,sample_gl
Budget,5010,2024-03-23,4028.0,West,Direct Labor,sample_gl
Budget,6000,2024-03-01,5561.75,North,Salaries & Wages,sample_gl
Budget,6000,2024-03-01,59.17,North,Salaries & Wages,sample_gl
Budget,6000,2024-03-03,21329.56,North,Salaries & Wages,sample_gl
Budget,6000,2024-03-05,6063.1,North,Salaries & Wages,sample_gl
Budget,6000,2024-03-16,2220.64,North,Salaries & Wages,sample_gl
Budget,6000,2024-03-21,1369.37,North,Salaries & Wages,sample_gl
Budget,6000,2024-03-24,3334.06,North,Salaries & Wages,sample_gl
Budget,6000,2024-03-29,1025.09,North,Salaries & Wages,sample_gl
Budget,6000,2024-03-06,289.84,South,Salaries & Wages,sample_gl
Budget,6000,2024-03-14,8516.19,South,Salaries & Wages,sample_gl
Budget,6000,2024-03-15,6201.48,South,Salaries & Wages,sample_gl
Budget,6000,2024-03-17,1537.36,South,Salaries & Wages,sample_gl
Budget,6000,2024-03-20,25.25,South,Salaries & Wages,sample_gl
Budget,6000,2024-03-20,2862.71,South,Salaries & Wages,sample_gl
Budget,6000,2024-03-23,12557.71,South,Salaries & Wages,sample_gl
Budget,6000,2024-03-30,7018.92,South,Salaries & Wages,sample_gl
Budget,6000,2024-03-02,4469.6,West,Salaries & Wages,sample_gl
Budget,6000,2024-03-02,1142.36,West,Salaries & Wages,sample_gl
Budget,6000,2024-03-09,13406.91,West,Salaries & Wages,sample_gl
Budget,6000,2024-03-12,3421.06,West,Salaries & Wages,sample_gl
Budget,6000,2024-03-14,4832.31,West,Salaries & Wages,sample_gl
Budget,6000,2024-03-18,568.17,West,Salaries & Wages,sample_gl
Budget,6000,2024-03-19,1043.13,West,Salaries & Wages,sample_gl
Budget,6000,2024-03-30,10612.99,West,Salaries & Wages,sample_gl
Budget,6010,2024-03-03,740.04,North,Rent & Facilities,sample_gl
Budget,6010,2024-03-09,98.23,North,Rent & Facilities,sample_gl
Budget,6010,2024-03-15,3639.5,North,Rent & Facilities,sample_gl
Budget,6010,2024-03-17,1528.15,North,Rent & Facilities,sample_gl
Budget,6010,2024-03-17,1023.58,North,Rent & Facilities,sample_gl
Budget,6010,2024-03-25,1404.88,North,Rent & Facilities,sample_gl
Budget,6010,2024-03-25,668.14,North,Rent & Facilities,sample_gl
Budget,6010,2024-03-28,375.21,North,Rent & Facilities,sample_gl
Budget,6010,2024-03-01,2916.92,South,Rent & Facilities,sample_gl
Budget,6010,2024-03-02,1329.4,South,Rent & Facilities,sample_gl
Budget,6010,2024-03-11,486.3,South,Rent & Facilities,sample_gl
Budget,6010,2024-03-15,438.04,South,Rent & Facilities,sample_gl
Budget,6010,2024-03-16,2230.51,South,Rent & Facilities,sample_gl
Budget,6010,2024-03-18,649.62,South,Rent & Facilities,sample_gl
Budget,6010,2024-03-25,1637.52,South,Rent & Facilities,sample_gl
Budget,6010,2024-03-29,397.57,South,Rent & Facilities,sample_gl
Budget,6010,2024-03-02,501.98,West,Rent & Facilities,sample_gl
Budget,6010,2024-03-10,95.28,West,Rent & Facilities,sample_gl
Budget,6010,2024-03-20,1046.96,West,Rent & Facilities,sample_gl
Budget,6010,2024-03-23,2957.04,West,Rent & Facilities,sample_gl
Budget,6010,2024-03-24,880.51,West,Rent & Facilities,sample_gl
Budget,6010,2024-03-24,2384.35,West,Rent & Facilities,sample_gl
Budget,6010,2024-03-26,1764.7,West,Rent & Facilities,sample_gl
Budget,6010,2024-03-30,93.7,West,Rent & Facilities,sample_gl
Budget,6020,2024-03-03,147.91,North,Marketing,sample_gl
Budget,6020,2024-03-03,1013.76,North,Marketing,sample_gl
Budget,6020,2024-03-05,218.58,North,Marketing,sample_gl
Budget,6020,2024-03-09,438.17,North,Marketing,sample_gl
Budget,6020,2024-03-09,1107.61,North,Marketing,sample_gl
Budget,6020,2024-03-17,3236.63,North,Marketing,sample_gl
Budget,6020,2024-03-26,2771.02,North,Marketing,sample_gl
Budget,6020,2024-03-28,1480.25,North,Marketing,sample_gl
Budget,6020,2024-03-05,881.06,South,Marketing,sample_gl
Budget,6020,2024-03-06,633.31,South,Marketing,sample_gl
Budget,6020,2024-03-09,2064.58,South,Marketing,sample_gl
Budget,6020,2024-03-12,1483.06,South,Marketing,sample_gl
Budget,6020,2024-03-15,2253.3,South,Marketing,sample_gl
Budget,6020,2024-03-22,1029.24,South,Marketing,sample_gl
Budget,6020,2024-03-26,653.92,South,Marketing,sample_gl
Budget,6020,2024-03-26,1440.41,South,Marketing,sample_gl
Budget,6020,2024-03-08,868.17,West,Marketing,sample_gl
Budget,6020,2024-03-13,1805.16,West,Marketing,sample_gl
Budget,6020,2024-03-14,1551.94,West,Marketing,sample_gl
Budget,6020,2024-03-15,5007.8,West,Marketing,sample_gl
Budget,6020,2024-03-16,2369.03,West,Marketing,sample_gl
Budget,6020,2024-03-22,1494.72,West,Marketing,sample_gl
Budget,6020,2024-03-25,356.41,West,Marketing,sample_gl
Budget,6020,2024-03-25,2527.65,West,Marketing,sample_gl
Budget,6030,2024-03-02,1131.96,North,Software & Subscriptions,sample_gl
Budget,6030,2024-03-06,140.31,North,Software & Subscriptions,sample_gl
Budget,6030,2024-03-10,617.4,North,Software & Subscriptions,sample_gl
Budget,6030,2024-03-13,680.02,North,Software & Subscriptions,sample_gl
Budget,6030,2024-03-15,741.53,North,Software & Subscriptions,sample_gl
Budget,6030,2024-03-16,1157.58,North,Software & Subscriptions,sample_gl
Budget,6030,2024-03-16,124.95,North,Software & Subscriptions,sample_gl
Budget,6030,2024-03-24,250.69,North,Software & Subscriptions,sample_gl
Budget,6030,2024-03-11,437.68,South,Software & Subscriptions,sample_gl
Budget,6030,2024-03-13,1152.87,South,Software & Subscriptions,sample_gl
Budget,6030,2024-03-15,797.75,South,Software & Subscriptions,sample_gl
Budget,6030,2024-03-17,355.99,South,Software & Subscriptions,sample_gl
Budget,6030,2024-03-22,186.91,South,Software & Subscriptions,sample_gl
Budget,6030,2024-03-22,863.87,South,Software & Subscriptions,sample_gl
Budget,6030,2024-03-26,501.81,South,Software & Subscriptions,sample_gl
Budget,6030,2024-03-31,198.37,South,Software & Subscriptions,sample_gl
Budget,6030,2024-03-04,1262.04,West,Software & Subscriptions,sample_gl
Budget,6030,2024-03-09,1144.68,West,Software & Subscriptions,sample_gl
Budget,6030,2024-03-09,307.13,West,Software & Subscriptions,sample_gl
Budget,6030,2024-03-09,335.22,West,Software & Subscriptions,sample_gl
Budget,6030,2024-03-09,457.81,West,Software & Subscriptions,sample_gl
Budget,6030,2024-03-11,17.75,West,Software & Subscriptions,sample_gl
Budget,6030,2024-03-21,496.92,West,Software & Subscriptions,sample_gl
Budget,6030,2024-03-26,1197.87,West,Software & Subscriptions,sample_gl
Budget,6040,2024-03-01,34.82,North,Travel & Entertainment,sample_gl
Budget,6040,2024-03-01,222.81,North,Travel & Entertainment,sample_gl
Budget,6040,2024-03-01,101.89,North,Travel & Entertainment,sample_gl
Budget,6040,2024-03-03,61.09,North,Travel & Entertainment,sample_gl
Budget,6040,2024-03-11,116.61,North,Travel & Entertainment,sample_gl
Budget,6040,2024-03-18,163.88,North,Travel & Entertainment,sample_gl
Budget,6040,2024-03-22,40.66,North,Travel & Entertainment,sample_gl
Budget,6040,2024-03-27,281.0,North,Travel & Entertainment,sample_gl
Budget,6040,2024-03-02,0.0,South,Travel & Entertainment,sample_gl
Budget,6040,2024-03-03,0.0,South,Travel & Entertainment,sample_gl
Budget,6040,2024-03-20,0.0,South,Travel & Entertainment,sample_gl
Budget,6040,2024-03-20,0.0,South,Travel & Entertainment,sample_gl
Budget,6040,2024-03-22,0.0,South,Travel & Entertainment,sample_gl
Budget,6040,2024-03-27,0.0,South,Travel & Entertainment,sample_gl
Budget,6040,2024-03-29,0.0,South,Travel & Entertainment,sample_gl
Budget,6040,2024-03-31,0.0,South,Travel & Entertainment,sample_gl
Budget,6040,2024-03-04,268.24,West,Travel & Entertainment,sample_gl
Budget,6040,2024-03-06,775.35,West,Travel & Entertainment,sample_gl
Budget,6040,2024-03-06,562.85,West,Travel & Entertainment,sample_gl
Budget,6040,2024-03-09,733.47,West,Travel & Entertainment,sample_gl
Budget,6040,2024-03-23,112.46,West,Travel & Entertainment,sample_gl
Budget,6040,2024-03-26,273.28,West,Travel & Entertainment,sample_gl
Budget,6040,2024-03-29,800.27,West,Travel & Entertainment,sample_gl
Budget,6040,2024-03-31,16.84,West,Travel & Entertainment,sample_gl
Budget,7000,2024-03-03,234.58,North,Interest Expense,sample_gl
Budget,7000,2024-03-06,434.45,North,Interest Expense,sample_gl
Budget,7000,2024-03-09,301.97,North,Interest Expense,sample_gl
Budget,7000,2024-03-11,71.63,North,Interest Expense,sample_gl
Budget,7000,2024-03-22,418.51,North,Interest Expense,sample_gl
Budget,7000,2024-03-25,1595.07,North,Interest Expense,sample_gl
Budget,7000,2024-03-25,688.69,North,Interest Expense,sample_gl
Budget,7000,2024-03-25,15.2,North,Interest Expense,sample_gl
Budget,7000,2024-03-04,154.12,South,Interest Expense,sample_gl
Budget,7000,2024-03-05,315.61,South,Interest Expense,sample_gl
Budget,7000,2024-03-06,675.3,South,Interest Expense,sample_gl
Budget,7000,2024-03-07,761.55,South,Interest Expense,sample_gl
Budget,7000,2024-03-13,45.66,South,Interest Expense,sample_gl
Budget,7000,2024-03-16,437.9,South,Interest Expense,sample_gl
Budget,7000,2024-03-20,324.21,South,Interest Expense,sample_gl
Budget,7000,2024-03-21,1706.67,South,Interest Expense,sample_gl
Budget,7000,2024-03-01,3.64,West,Interest Expense,sample_gl
Budget,7000,2024-03-03,155.12,West,Interest Expense,sample_gl
Budget,7000,2024-03-09,477.41,West,Interest Expense,sample_gl
Budget,7000,2024-03-15,747.86,West,Interest Expense,sample_gl
Budget,7000,2024-03-19,254.51,West,Interest Expense,sample_gl
Budget,7000,2024-03-24,449.9,West,Interest Expense,sample_gl
Budget,7000,2024-03-25,651.1,West,Interest Expense,sample_gl
Budget,7000,2024-03-29,1456.64,West,Interest Expense,sample_gl
Budget,4000,2024-04-13,-547.54,North,Product Revenue,sample_gl
Budget,4000,2024-04-14,-79259.87,North,Product Revenue,sample_gl
Budget,4000,2024-04-16,-9612.39,North,Product Revenue,sample_gl
Budget,4000,2024-04-16,-39866.48,North,Product Revenue,sample_gl
Budget,4000,2024-04-23,-735.83,North,Product Revenue,sample_gl
Budget,4000,2024-04-24,-5396.18,North,Product Revenue,sample_gl
Budget,4000,2024-04-25,-22544.76,North,Product Revenue,sample_gl
Budget,4000,2024-04-28,-7589.71,North,Product Revenue,sample_gl
Budget,4000,2024-04-10,-9249.11,South,Product Revenue,sample_gl
Budget,4000,2024-04-11,-47736.09,South,Product Revenue,sample_gl
Budget,4000,2024-04-12,-4238.34,South,Product Revenue,sample_gl
Budget,4000,2024-04-13,-47208.39,South,Product Revenue,sample_gl
Budget,4000,2024-04-18,-32527.04,South,Product Revenue,sample_gl
Budget,4000,2024-04-19,-2037.76,South,Product Revenue,sample_gl
Budget,4000,2024-04-22,-24075.78,South,Product Revenue,sample_gl
Budget,4000,2024-04-30,-500.07,South,Product Revenue,sample_gl
Budget,4000,2024-04-02,-14220.57,West,Product Revenue,sample_gl
Budget,4000,2024-04-06,-45981.5,West,Product Revenue,sample_gl
Budget,4000,2024-04-07,-45471.63,West,Product Revenue,sample_gl
Budget,4000,2024-04-07,-364.34,West,Product Revenue,sample_gl
Budget,4000,2024-04-10,-10572.28,West,Product Revenue,sample_gl
Budget,4000,2024-04-13,-6609.36,West,Product Revenue,sample_gl
Budget,4000,2024-04-18,-27001.95,West,Product Revenue,sample_gl
Budget,4000,2024-04-22,-17350.28,West,Product Revenue,sample_gl
Budget,4010,2024-04-01,-17298.13,North,Service Revenue,sample_gl
Budget,4010,2024-04-02,-4935.21,North,Service Revenue,sample_gl
Budget,4010,2024-04-05,-6394.95,North,Service Revenue,sample_gl
Budget,4010,2024-04-07,-6644.48,North,Service Revenue,sample_gl
Budget,4010,2024-04-08,-847.13,North,Service Revenue,sample_gl
Budget,4010,2024-04-16,-6815.52,North,Service Revenue,sample_gl
Budget,4010,2024-04-19,-72.09,North,Service Revenue,sample_gl
Budget,4010,2024-04-24,-1487.28,North,Service Revenue,sample_gl
Budget,4010,2024-04-02,-13055.87,South,Service Revenue,sample_gl
Budget,4010,2024-04-04,-16258.3,South,Service Revenue,sample_gl
Budget,4010,2024-04-07,-753.24,South,Service Revenue,sample_gl
Budget,4010,2024-04-11,-6572.52,South,Service Revenue,sample_gl
Budget,4010,2024-04-13,-4886.53,South,Service Revenue,sample_gl
Budget,4010,2024-04-24,-7237.12,South,Service Revenue,sample_gl
Budget,4010,2024-04-26,-3916.43,South,Service Revenue,sample_gl
Budget,4010,2024-04-26,-3357.2,South,Service Revenue,sample_gl
Budget,4010,2024-04-01,-727.24,West,Service Revenue,sample_gl
Budget,4010,2024-04-02,-11558.57,West,Service Revenue,sample_gl
Budget,4010,2024-04-03,-19019.29,West,Service Revenue,sample_gl
Budget,4010,2024-04-05,-723.4,West,Service Revenue,sample_gl
Budget,4010,2024-04-16,-816.33,West,Service Revenue,sample_gl
Budget,4010,2024-04-16,-12953.72,West,Service Revenue,sample_gl
Budget,4010,2024-04-21,-127.4,West,Service Revenue,sample_gl
Budget,4010,2024-04-24,-4699.07,West,Service Revenue,sample_gl
Budget,5000,2024-04-03,4309.65,North,Cost of Goods Sold,sample_gl
Budget,5000,2024-04-04,3487.43,North,Cost of Goods Sold,sample_gl
Budget,5000,2024-04-06,6040.84,North,Cost of Goods Sold,sample_gl
Budget,5000,2024-04-19,9198.51,North,Cost of Goods Sold,sample_gl
Budget,5000,2024-04-20,17593.3,North,Cost of Goods Sold,sample_gl
Budget,5000,2024-04-27,1410.22,North,Cost of Goods Sold,sample_gl
Budget,5000,2024-04-27,15041.59,North,Cost of Goods Sold,sample_gl
Budget,5000,2024-04-27,11206.32,North,Cost of Goods Sold,sample_gl
Budget,5000,2024-04-04,7638.67,South,Cost of Goods Sold,sample_gl
Budget,5000,2024-04-11,1049.14,South,Cost of Goods Sold,sample_gl
Budget,5000,2024-04-13,12537.02,South,Cost of Goods Sold,sample_gl
Budget,5000,2024-04-18,16295.27,South,Cost of Goods Sold,sample_gl
Budget,5000,2024-04-19,10826.92,South,Cost of Goods Sold,sample_gl
Budget,5000,2024-04-22,1826.63,South,Cost of Goods Sold,sample_gl
Budget,5000,2024-04-22,2740.88,South,Cost of Goods Sold,sample_gl
Budget,5000,2024-04-24,10348.04,South,Cost of Goods Sold,sample_gl
Budget,5000,2024-04-06,1127.21,West,Cost of Goods Sold,sample_gl
Budget,5000,2024-04-08,1807.86,West,Cost of Goods Sold,sample_gl
Budget,5000,2024-04-12,4274.28,West,Cost of Goods Sold,sample_gl
Budget,5000,2024-04-15,27909.13,West,Cost of Goods Sold,sample_gl
Budget,5000,2024-04-18,9048.77,West,Cost of Goods Sold,sample_gl
Budget,5000,2024-04-19,11915.13,West,Cost of Goods Sold,sample_gl
Budget,5000,2024-04-23,5026.9,West,Cost of Goods Sold,sample_gl
Budget,5000,2024-04-30,11007.41,West,Cost of Goods Sold,sample_gl
Budget,5010,2024-04-01,6049.55,North,Direct Labor,sample_gl
Budget,5010,2024-04-01,6164.05,North,Direct Labor,sample_gl
Budget,5010,2024-04-03,6561.4,North,Direct Labor,sample_gl
Budget,5010,2024-04-06,1541.51,North,Direct Labor,sample_gl
Budget,5010,2024-04-19,2353.51,North,Direct Labor,sample_gl
Budget,5010,2024-04-21,1022.61,North,Direct Labor,sample_gl
Budget,5010,2024-04-23,2332.94,North,Direct Labor,sample_gl
Budget,5010,2024-04-30,3318.35,North,Direct Labor,sample_gl
Budget,5010,2024-04-02,2048.02,South,Direct Labor,sample_gl
Budget,5010,2024-04-06,2417.05,South,Direct Labor,sample_gl
Budget,5010,2024-04-06,2543.05,South,Direct Labor,sample_gl
Budget,5010,2024-04-16,2735.92,South,Direct Labor,sample_gl
Budget,5010,2024-04-20,3232.41,South,Direct Labor,sample_gl
Budget,5010,2024-04-20,1264.34,South,Direct Labor,sample_gl
Budget,5010,2024-04-23,4989.31,South,Direct Labor,sample_gl
Budget,5010,2024-04-23,4037.27,South,Direct Labor,sample_gl
Budget,5010,2024-04-04,5069.64,West,Direct Labor,sample_gl
Budget,5010,2024-04-12,668.83,West,Direct Labor,sample_gl
Budget,5010,2024-04-17,1495.63,West,Direct Labor,sample_gl
Budget,5010,2024-04-17,10020.54,West,Direct Labor,sample_gl
Budget,5010,2024-04-18,678.24,West,Direct Labor,sample_gl
Budget,5010,2024-04-20,2226.75,West,Direct Labor,sample_gl
Budget,5010,2024-04-25,687.79,West,Direct Labor,sample_gl
Budget,5010,2024-04-28,5322.65,West,Direct Labor,sample_gl
Budget,6000,2024-04-02,1861.17,North,Salaries & Wages,sample_gl
Budget,6000,2024-04-02,10386.87,North,Salaries & Wages,sample_gl
Budget,6000,2024-04-06,2115.21,North,Salaries & Wages,sample_gl
Budget,6000,2024-04-06,4312.78,North,Salaries & Wages,sample_gl
Budget,6000,2024-04-12,13136.6,North,Salaries & Wages,sample_gl
Budget,6000,2024-04-21,773.0,North,Salaries & Wages,sample_gl
Budget,6000,2024-04-22,2008.47,North,Salaries & Wages,sample_gl
Budget,6000,2024-04-30,8371.74,North,Salaries & Wages,sample_gl
Budget,6000,2024-04-01,4573.74,South,Salaries & Wages,sample_gl
Budget,6000,2024-04-06,3258.39,South,Salaries & Wages,sample_gl
Budget,6000,2024-04-06,5013.35,South,Salaries & Wages,sample_gl
Budget,6000,2024-04-16,10511.11,South,Salaries & Wages,sample_gl
Budget,6000,2024-04-17,3315.91,South,Salaries & Wages,sample_gl
Budget,6000,2024-04-18,1755.59,South,Salaries & Wages,sample_gl
Budget,6000,2024-04-26,6843.99,South,Salaries & Wages,sample_gl
Budget,6000,2024-04-30,4134.58,South,Salaries & Wages,sample_gl
Budget,6000,2024-04-04,5490.19,West,Salaries & Wages,sample_gl
Budget,6000,2024-04-07,2868.23,West,Salaries & Wages,sample_gl
Budget,6000,2024-04-08,5866.27,West,Salaries & Wages,sample_gl
Budget,6000,2024-04-08,3615.82,West,Salaries & Wages,sample_gl
Budget,6000,2024-04-11,508.24,West,Salaries & Wages,sample_gl
Budget,6000,2024-04-14,15381.84,West,Salaries & Wages,sample_gl
Budget,6000,2024-04-24,1416.6,West,Salaries & Wages,sample_gl
Budget,6000,2024-04-28,2731.55,West,Salaries & Wages,sample_gl
Budget,6010,2024-04-05,627.23,North,Rent & Facilities,sample_gl
Budget,6010,2024-04-06,710.39,North,Rent & Facilities,sample_gl
Budget,6010,2024-04-07,97.68,North,Rent & Facilities,sample_gl
Budget,6010,2024-04-12,690.93,North,Rent & Facilities,sample_gl
Budget,6010,2024-04-13,4519.42,North,Rent & Facilities,sample_gl
Budget,6010,2024-04-15,632.89,North,Rent & Facilities,sample_gl
Budget,6010,2024-04-15,2979.35,North,Rent & Facilities,sample_gl
Budget,6010,2024-04-24,257.03,North,Rent & Facilities,sample_gl
Budget,6010,2024-04-06,883.78,South,Rent & Facilities,sample_gl
Budget,6010,2024-04-06,852.98,South,Rent & Facilities,sample_gl
Budget,6010,2024-04-08,4513.13,South,Rent & Facilities,sample_gl
Budget,6010,2024-04-10,270.54,South,Rent & Facilities,sample_gl
Budget,6010,2024-04-11,1548.84,South,Rent & Facilities,sample_gl
Budget,6010,2024-04-20,668.98,South,Rent & Facilities,sample_gl
Budget,6010,2024-04-25,1176.66,South,Rent & Facilities,sample_gl
Budget,6010,2024-04-29,305.22,South,Rent & Facilities,sample_gl
Budget,6010,2024-04-07,140.74,West,Rent & Facilities,sample_gl
Budget,6010,2024-04-16,2017.39,West,Rent & Facilities,sample_gl
Budget,6010,2024-04-16,246.71,West,Rent & Facilities,sample_gl
Budget,6010,2024-04-17,1749.34,West,Rent & Facilities,sample_gl
Budget,6010,2024-04-19,59.56,West,Rent & Facilities,sample_gl
Budget,6010,2024-04-27,276.69,West,Rent & Facilities,sample_gl
Budget,6010,2024-04-28,3976.85,West,Rent & Facilities,sample_gl
Budget,6010,2024-04-28,1236.25,West,Rent & Facilities,sample_gl
Budget,6020,2024-04-01,2370.6,North,Marketing,sample_gl
Budget,6020,2024-04-02,7168.0,North,Marketing,sample_gl
Budget,6020,2024-04-02,759.02,North,Marketing,sample_gl
Budget,6020,2024-04-14,1899.37,North,Marketing,sample_gl
Budget,6020,2024-04-16,4655.05,North,Marketing,sample_gl
Budget,6020,2024-04-19,890.74,North,Marketing,sample_gl
Budget,6020,2024-04-29,1844.25,North,Marketing,sample_gl
Budget,6020,2024-04-30,4602.95,North,Marketing,sample_gl
Budget,6020,2024-04-01,127.65,South,Marketing,sample_gl
Budget,6020,2024-04-03,1619.24,South,Marketing,sample_gl
Budget,6020,2024-04-08,168.72,South,Marketing,sample_gl
Budget,6020,2024-04-16,956.3,South,Marketing,sample_gl
Budget,6020,2024-04-18,386.33,South,Marketing,sample_gl
Budget,6020,2024-04-23,2102.75,South,Marketing,sample_gl
Budget,6020,2024-04-24,2643.62,South,Marketing,sample_gl
Budget,6020,2024-04-25,8.4,South,Marketing,sample_gl
Budget,6020,2024-04-01,6019.73,West,Marketing,sample_gl
Budget,6020,2024-04-05,567.81,West,Marketing,sample_gl
Budget,6020,2024-04-15,957.76,West,Marketing,sample_gl
Budget,6020,2024-04-15,2748.16,West,Marketing,sample_gl
Budget,6020,2024-04-19,2542.59,West,Marketing,sample_gl
Budget,6020,2024-04-19,1146.09,West,Marketing,sample_gl
Budget,6020,2024-04-24,224.53,West,Marketing,sample_gl
Budget,6020,2024-04-25,2044.4,West,Marketing,sample_gl
Budget,6030,2024-04-02,455.69,North,Software & Subscriptions,sample_gl
Budget,6030,2024-04-03,1062.86,North,Software & Subscriptions,sample_gl
Budget,6030,2024-04-10,878.7,North,Software & Subscriptions,sample_gl
Budget,6030,2024-04-11,655.92,North,Software & Subscriptions,sample_gl
Budget,6030,2024-04-13,1380.46,North,Software & Subscriptions,sample_gl
Budget,6030,2024-04-17,38.2,North,Software & Subscriptions,sample_gl
Budget,6030,2024-04-23,853.4,North,Software & Subscriptions,sample_gl
Budget,6030,2024-04-29,303.41,North,Software & Subscriptions,sample_gl
Budget,6030,2024-04-02,236.94,South,Software & Subscriptions,sample_gl
Budget,6030,2024-04-02,1887.21,South,Software & Subscriptions,sample_gl
Budget,6030,2024-04-04,95.78,South,Software & Subscriptions,sample_gl
Budget,6030,2024-04-12,477.65,South,Software & Subscriptions,sample_gl
Budget,6030,2024-04-17,553.05,South,Software & Subscriptions,sample_gl
Budget,6030,2024-04-22,506.73,South,Software & Subscriptions,sample_gl
Budget,6030,2024-04-29,328.69,South,Software & Subscriptions,sample_gl
Budget,6030,2024-04-30,1710.8,South,Software & Subscriptions,sample_gl
Budget,6030,2024-04-04,893.65,West,Software & Subscriptions,sample_gl
Budget,6030,2024-04-05,66.64,West,Software & Subscriptions,sample_gl
Budget,6030,2024-04-07,1077.94,West,Software & Subscriptions,sample_gl
Budget,6030,2024-04-08,432.89,West,Software & Subscriptions,sample_gl
Budget,6030,2024-04-11,702.41,West,Software & Subscriptions,sample_gl
Budget,6030,2024-04-18,826.94,West,Software & Subscriptions,sample_gl
Budget,6030,2024-04-21,85.01,West,Software & Subscriptions,sample_gl
Budget,6030,2024-04-25,174.2,West,Software & Subscriptions,sample_gl
Budget,6040,2024-04-02,312.0,North,Travel & Entertainment,sample_gl
Budget,6040,2024-04-03,431.11,North,Travel & Entertainment,sample_gl
Budget,6040,2024-04-09,493.17,North,Travel & Entertainment,sample_gl
Budget,6040,2024-04-12,102.86,North,Travel & Entertainment,sample_gl
Budget,6040,2024-04-12,15.7,North,Travel & Entertainment,sample_gl
Budget,6040,2024-04-14,369.83,North,Travel & Entertainment,sample_gl
Budget,6040,2024-04-15,80.13,North,Travel & Entertainment,sample_gl
Budget,6040,2024-04-22,737.8,North,Travel & Entertainment,sample_gl
Budget,6040,2024-04-03,337.31,South,Travel & Entertainment,sample_gl
Budget,6040,2024-04-12,45.42,South,Travel & Entertainment,sample_gl
Budget,6040,2024-04-20,401.11,South,Travel & Entertainment,sample_gl
Budget,6040,2024-04-22,41.83,South,Travel & Entertainment,sample_gl
Budget,6040,2024-04-23,886.93,South,Travel & Entertainment,sample_gl
Budget,6040,2024-04-26,2162.41,South,Travel & Entertainment,sample_gl
Budget,6040,2024-04-26,325.6,South,Travel & Entertainment,sample_gl
Budget,6040,2024-04-29,182.99,South,Travel & Entertainment,sample_gl
Budget,6040,2024-04-01,494.83,West,Travel & Entertainment,sample_gl
Budget,6040,2024-04-05,603.95,West,Travel & Entertainment,sample_gl
Budget,6040,2024-04-05,200.63,West,Travel & Entertainment,sample_gl
Budget,6040,2024-04-07,364.15,West,Travel & Entertainment,sample_gl
Budget,6040,2024-04-16,365.7,West,Travel & Entertainment,sample_gl
Budget,6040,2024-04-17,386.97,West,Travel & Entertainment,sample_gl
Budget,6040,2024-04-21,1217.66,West,Travel & Entertainment,sample_gl
Budget,6040,2024-04-28,114.03,West,Travel & Entertainment,sample_gl
Budget,7000,2024-04-01,1328.02,North,Interest Expense,sample_gl
Budget,7000,2024-04-03,67.1,North,Interest Expense,sample_gl
Budget,7000,2024-04-07,280.41,North,Interest Expense,sample_gl
Budget,7000,2024-04-08,739.35,North,Interest Expense,sample_gl
Budget,7000,2024-04-10,208.84,North,Interest Expense,sample_gl
Budget,7000,2024-04-26,5.61,North,Interest Expense,sample_gl
Budget,7000,2024-04-27,1226.65,North,Interest Expense,sample_gl
Budget,7000,2024-04-28,213.88,North,Interest Expense,sample_gl
Budget,7000,2024-04-05,184.31,South,Interest Expense,sample_gl
Budget,7000,2024-04-10,484.62,South,Interest Expense,sample_gl
Budget,7000,2024-04-10,343.82,South,Interest Expense,sample_gl
Budget,7000,2024-04-15,362.69,South,Interest Expense,sample_gl
Budget,7000,2024-04-15,510.73,South,Interest Expense,sample_gl
Budget,7000,2024-04-19,1112.08,South,Interest Expense,sample_gl
Budget,7000,2024-04-26,782.81,South,Interest Expense,sample_gl
Budget,7000,2024-04-29,114.03,South,Interest Expense,sample_gl
Budget,7000,2024-04-06,432.31,West,Interest Expense,sample_gl
Budget,7000,2024-04-06,163.94,West,Interest Expense,sample_gl
Budget,7000,2024-04-10,52.15,West,Interest Expense,sample_gl
Budget,7000,2024-04-15,25.59,West,Interest Expense,sample_gl
Budget,7000,2024-04-18,1944.29,West,Interest Expense,sample_gl
Budget,7000,2024-04-20,319.27,West,Interest Expense,sample_gl
Budget,7000,2024-04-23,407.67,West,Interest Expense,sample_gl
Budget,7000,2024-04-30,352.34,West,Interest Expense,sample_gl
Budget,4000,2024-05-02,-22893.43,North,Product Revenue,sample_gl
Budget,4000,2024-05-06,-4984.99,North,Product Revenue,sample_gl
Budget,4000,2024-05-07,-56622.99,North,Product Revenue,sample_gl
Budget,4000,2024-05-09,-16057.59,North,Product Revenue,sample_gl
Budget,4000,2024-05-12,-24857.02,North,Product Revenue,sample_gl
Budget,4000,2024-05-15,-58399.5,North,Product Revenue,sample_gl
Budget,4000,2024-05-18,-481.82,North,Product Revenue,sample_gl
Budget,4000,2024-05-23,-4141.4,North,Product Revenue,sample_gl
Budget,4000,2024-05-01,-25875.88,South,Product Revenue,sample_gl
Budget,4000,2024-05-05,-23131.71,South,Product Revenue,sample_gl
Budget,4000,2024-05-13,-35128.14,South,Product Revenue,sample_gl
Budget,4000,2024-05-15,-6423.08,South,Product Revenue,sample_gl
Budget,4000,2024-05-16,-16763.56,South,Product Revenue,sample_gl
Budget,4000,2024-05-25,-46522.1,South,Product Revenue,sample_gl
Budget,4000,2024-05-30,-7020.39,South,Product Revenue,sample_gl
Budget,4000,2024-05-31,-4949.53,South,Product Revenue,sample_gl
Budget,4000,2024-05-05,-8082.0,West,Product Revenue,sample_gl
Budget,4000,2024-05-19,-14565.55,West,Product Revenue,sample_gl
Budget,4000,2024-05-19,-919.58,West,Product Revenue,sample_gl
Budget,4000,2024-05-22,-44725.88,West,Product Revenue,sample_gl
Budget,4000,2024-05-24,-28289.73,West,Product Revenue,sample_gl
Budget,4000,2024-05-25,-40132.23,West,Product Revenue,sample_gl
Budget,4000,2024-05-26,-49257.87,West,Product Revenue,sample_gl
Budget,4000,2024-05-30,-15669.18,West,Product Revenue,sample_gl
Budget,4010,2024-05-01,-7666.48,North,Service Revenue,sample_gl
Budget,4010,2024-05-03,-22.23,North,Service Revenue,sample_gl
Budget,4010,2024-05-08,-5132.63,North,Service Revenue,sample_gl
Budget,4010,2024-05-12,-7859.67,North,Service Revenue,sample_gl
Budget,4010,2024-05-13,-3210.28,North,Service Revenue,sample_gl
Budget,4010,2024-05-15,-6244.13,North,Service Revenue,sample_gl
Budget,4010,2024-05-20,-557.39,North,Service Revenue,sample_gl
Budget,4010,2024-05-27,-8592.31,North,Service Revenue,sample_gl
Budget,4010,2024-05-03,-9057.96,South,Service Revenue,sample_gl
Budget,4010,2024-05-07,-10396.7,South,Service Revenue,sample_gl
Budget,4010,2024-05-13,-2651.47,South,Service Revenue,sample_gl
Budget,4010,2024-05-16,-14939.65,South,Service Revenue,sample_gl
Budget,4010,2024-05-17,-15228.22,South,Service Revenue,sample_gl
Budget,4010,2024-05-22,-3345.5,South,Service Revenue,sample_gl
Budget,4010,2024-05-22,-2140.13,South,Service Revenue,sample_gl
Budget,4010,2024-05-31,-3465.19,South,Service Revenue,sample_gl
Budget,4010,2024-05-01,-4949.74,West,Service Revenue,sample_gl
Budget,4010,2024-05-10,-20150.83,West,Service Revenue,sample_gl
Budget,4010,2024-05-10,-16026.62,West,Service Revenue,sample_gl
Budget,4010,2024-05-12,-4284.88,West,Service Revenue,sample_gl
Budget,4010,2024-05-12,-3990.15,West,Service Revenue,sample_gl
Budget,4010,2024-05-12,-5832.53,West,Service Revenue,sample_gl
Budget,4010,2024-05-12,-851.73,West,Service Revenue,sample_gl
Budget,4010,2024-05-13,-418.3,West,Service Revenue,sample_gl
Budget,5000,2024-05-05,9055.16,North,Cost of Goods Sold,sample_gl
Budget,5000,2024-05-14,10060.82,North,Cost of Goods Sold,sample_gl
Budget,5000,2024-05-14,2029.01,North,Cost of Goods Sold,sample_gl
Budget,5000,2024-05-19,11970.49,North,Cost of Goods Sold,sample_gl
Budget,5000,2024-05-24,4578.96,North,Cost of Goods Sold,sample_gl
Budget,5000,2024-05-27,21132.41,North,Cost of Goods Sold,sample_gl
Budget,5000,2024-05-29,3481.72,North,Cost of Goods Sold,sample_gl
Budget,5000,2024-05-29,732.38,North,Cost of Goods Sold,sample_gl
Budget,5000,2024-05-01,14220.29,South,Cost of Goods Sold,sample_gl
Budget,5000,2024-05-03,1981.05,South,Cost of Goods Sold,sample_gl
Budget,5000,2024-05-13,6022.63,South,Cost of Goods Sold,sample_gl
Budget,5000,2024-05-14,15350.32,South,Cost of Goods Sold,sample_gl
Budget,5000,2024-05-19,8602.14,South,Cost of Goods Sold,sample_gl
Budget,5000,2024-05-21,21495.32,South,Cost of Goods Sold,sample_gl
Budget,5000,2024-05-25,6715.14,South,Cost of Goods Sold,sample_gl
Budget,5000,2024-05-30,6921.62,South,Cost of Goods Sold,sample_gl
Budget,5000,2024-05-10,9902.4,West,Cost of Goods Sold,sample_gl
Budget,5000,2024-05-10,4532.29,West,Cost of Goods Sold,sample_gl
Budget,5000,2024-05-16,4863.58,West,Cost of Goods Sold,sample_gl
Budget,5000,2024-05-18,21627.03,West,Cost of Goods Sold,sample_gl
Budget,5000,2024-05-19,256.8,West,Cost of Goods Sold,sample_gl
Budget,5000,2024-05-27,6384.18,West,Cost of Goods Sold,sample_gl
Budget,5000,2024-05-27,3302.23,West,Cost of Goods Sold,sample_gl
Budget,5000,2024-05-27,13422.76,West,Cost of Goods Sold,sample_gl
Budget,5010,2024-05-04,865.22,North,Direct Labor,sample_gl
Budget,5010,2024-05-06,14133.27,North,Direct Labor,sample_gl
Budget,5010,2024-05-10,3219.66,North,Direct Labor,sample_gl
Budget,5010,2024-05-14,1396.1,North,Direct Labor,sample_gl
Budget,5010,2024-05-16,3648.32,North,Direct Labor,sample_gl
Budget,5010,2024-05-21,4321.89,North,Direct Labor,sample_gl
Budget,5010,2024-05-22,1941.76,North,Direct Labor,sample_gl
Budget,5010,2024-05-29,893.57,North,Direct Labor,sample_gl
Budget,5010,2024-05-09,1416.11,South,Direct Labor,sample_gl
Budget,5010,2024-05-14,1478.14,South,Direct Labor,sample_gl
Budget,5010,2024-05-16,1047.09,South,Direct Labor,sample_gl
Budget,5010,2024-05-21,3795.8,South,Direct Labor,sample_gl
Budget,5010,2024-05-22,4667.36,South,Direct Labor,sample_gl
Budget,5010,2024-05-23,1518.42,South,Direct Labor,sample_gl
Budget,5010,2024-05-27,6535.12,South,Direct Labor,sample_gl
Budget,5010,2024-05-28,3744.64,South,Direct Labor,sample_gl
Budget,5010,2024-05-02,8573.64,West,Direct Labor,sample_gl
Budget,5010,2024-05-05,1956.0,West,Direct Labor,sample_gl
Budget,5010,2024-05-06,1879.14,West,Direct Labor,sample_gl
Budget,5010,2024-05-09,2790.85,West,Direct Labor,sample_gl
Budget,5010,2024-05-12,465.75,West,Direct Labor,sample_gl
Budget,5010,2024-05-12,11313.72,West,Direct Labor,sample_gl
Budget,5010,2024-05-23,716.18,West,Direct Labor,sample_gl
Budget,5010,2024-05-29,1883.67,West,Direct Labor,sample_gl
Budget,6000,2024-05-04,3850.11,North,Salaries & Wages,sample_gl
Budget,6000,2024-05-06,8245.47,North,Salaries & Wages,sample_gl
Budget,6000,2024-05-11,11207.79,North,Salaries & Wages,sample_gl
Budget,6000,2024-05-11,4215.18,North,Salaries & Wages,sample_gl
Budget,6000,2024-05-18,19.15,North,Salaries & Wages,sample_gl
Budget,6000,2024-05-20,116.62,North,Salaries & Wages,sample_gl
Budget,6000,2024-05-25,5563.24,North,Salaries & Wages,sample_gl
Budget,6000,2024-05-28,6957.42,North,Salaries & Wages,sample_gl
Budget,6000,2024-05-01,3923.87,South,Salaries & Wages,sample_gl
Budget,6000,2024-05-05,1997.49,South,Salaries & Wages,sample_gl
Budget,6000,2024-05-05,1297.33,South,Salaries & Wages,sample_gl
Budget,6000,2024-05-10,1252.69,South,Salaries & Wages,sample_gl
Budget,6000,2024-05-12,4566.81,South,Salaries & Wages,sample_gl
Budget,6000,2024-05-17,5539.42,South,Salaries & Wages,sample_gl
Budget,6000,2024-05-25,16316.8,South,Salaries & Wages,sample_gl
Budget,6000,2024-05-27,3417.92,South,Salaries & Wages,sample_gl
Budget,6000,2024-05-17,3280.17,West,Salaries & Wages,sample_gl
Budget,6000,2024-05-18,1612.87,West,Salaries & Wages,sample_gl
Budget,6000,2024-05-18,14877.67,West,Salaries & Wages,sample_gl
Budget,6000,2024-05-23,816.9,West,Salaries & Wages,sample_gl
Budget,6000,2024-05-23,11883.63,West,Salaries & Wages,sample_gl
Budget,6000,2024-05-27,2685.0,West,Salaries & Wages,sample_gl
Budget,6000,2024-05-28,4489.39,West,Salaries & Wages,sample_gl
Budget,6000,2024-05-31,3288.32,West,Salaries & Wages,sample_gl
Budget,6010,2024-05-05,1153.12,North,Rent & Facilities,sample_gl
Budget,6010,2024-05-10,98.37,North,Rent & Facilities,sample_gl
Budget,6010,2024-05-12,422.88,North,Rent & Facilities,sample_gl
Budget,6010,2024-05-15,1288.08,North,Rent & Facilities,sample_gl
Budget,6010,2024-05-20,2123.87,North,Rent & Facilities,sample_gl
Budget,6010,2024-05-23,2152.09,North,Rent & Facilities,sample_gl
Budget,6010,2024-05-27,2194.02,North,Rent & Facilities,sample_gl
Budget,6010,2024-05-29,290.61,North,Rent & Facilities,sample_gl
Budget,6010,2024-05-03,417.75,South,Rent & Facilities,sample_gl
Budget,6010,2024-05-05,346.03,South,Rent & Facilities,sample_gl
Budget,6010,2024-05-05,295.57,South,Rent & Facilities,sample_gl
Budget,6010,2024-05-07,6381.75,South,Rent & Facilities,sample_gl
Budget,6010,2024-05-10,170.55,South,Rent & Facilities,sample_gl
Budget,6010,2024-05-14,91.74,South,Rent & Facilities,sample_gl
Budget,6010,2024-05-23,88.68,South,Rent & Facilities,sample_gl
Budget,6010,2024-05-25,2033.31,South,Rent & Facilities,sample_gl
Budget,6010,2024-05-02,630.81,West,Rent & Facilities,sample_gl
Budget,6010,2024-05-02,1325.04,West,Rent & Facilities,sample_gl
Budget,6010,2024-05-04,4400.98,West,Rent & Facilities,sample_gl
Budget,6010,2024-05-09,828.08,West,Rent & Facilities,sample_gl
Budget,6010,2024-05-16,264.91,West,Rent & Facilities,sample_gl
Budget,6010,2024-05-17,1131.27,West,Rent & Facilities,sample_gl
Budget,6010,2024-05-19,180.19,West,Rent & Facilities,sample_gl
Budget,6010,2024-05-30,760.84,West,Rent & Facilities,sample_gl
Budget,6020,2024-05-03,1505.16,North,Marketing,sample_gl
Budget,6020,2024-05-05,933.29,North,Marketing,sample_gl
Budget,6020,2024-05-09,1234.21,North,Marketing,sample_gl
Budget,6020,2024-05-19,1610.08,North,Marketing,sample_gl
Budget,6020,2024-05-24,2320.6,North,Marketing,sample_gl
Budget,6020,2024-05-28,1057.06,North,Marketing,sample_gl
Budget,6020,2024-05-31,2404.45,North,Marketing,sample_gl
Budget,6020,2024-05-31,4122.56,North,Marketing,sample_gl
Budget,6020,2024-05-01,1737.04,South,Marketing,sample_gl
Budget,6020,2024-05-07,2030.01,South,Marketing,sample_gl
Budget,6020,2024-05-07,1194.13,South,Marketing,sample_gl
Budget,6020,2024-05-17,3913.55,South,Marketing,sample_gl
Budget,6020,2024-05-19,579.65,South,Marketing,sample_gl
Budget,6020,2024-05-23,6416.45,South,Marketing,sample_gl
Budget,6020,2024-05-25,1265.91,South,Marketing,sample_gl
Budget,6020,2024-05-31,465.04,South,Marketing,sample_gl
Budget,6020,2024-05-04,1363.19,West,Marketing,sample_gl
Budget,6020,2024-05-06,130.1,West,Marketing,sample_gl
Budget,6020,2024-05-06,1095.17,West,Marketing,sample_gl
Budget,6020,2024-05-15,160.43,West,Marketing,sample_gl
Budget,6020,2024-05-19,1537.42,West,Marketing,sample_gl
Budget,6020,2024-05-22,299.5,West,Marketing,sample_gl
Budget,6020,2024-05-27,7308.47,West,Marketing,sample_gl
Budget,6020,2024-05-31,185.88,West,Marketing,sample_gl
Budget,6030,2024-05-04,178.08,North,Software & Subscriptions,sample_gl
Budget,6030,2024-05-05,329.4,North,Software & Subscriptions,sample_gl
Budget,6030,2024-05-10,736.25,North,Software & Subscriptions,sample_gl
Budget,6030,2024-05-12,124.52,North,Software & Subscriptions,sample_gl
Budget,6030,2024-05-16,70.64,North,Software & Subscriptions,sample_gl
Budget,6030,2024-05-17,1004.32,North,Software & Subscriptions,sample_gl
Budget,6030,2024-05-23,189.7,North,Software & Subscriptions,sample_gl
Budget,6030,2024-05-25,1752.43,North,Software & Subscriptions,sample_gl
Budget,6030,2024-05-03,73.06,South,Software & Subscriptions,sample_gl
Budget,6030,2024-05-07,2026.58,South,Software & Subscriptions,sample_gl
Budget,6030,2024-05-10,1740.86,South,Software & Subscriptions,sample_gl
Budget,6030,2024-05-14,11.79,South,Software & Subscriptions,sample_gl
Budget,6030,2024-05-14,733.0,South,Software & Subscriptions,sample_gl
Budget,6030,2024-05-18,527.53,South,Software & Subscriptions,sample_gl
Budget,6030,2024-05-28,253.3,South,Software & Subscriptions,sample_gl
Budget,6030,2024-05-28,348.1,South,Software & Subscriptions,sample_gl
Budget,6030,2024-05-03,825.44,West,Software & Subscriptions,sample_gl
Budget,6030,2024-05-04,953.93,West,Software & Subscriptions,sample_gl
Budget,6030,2024-05-05,152.16,West,Software & Subscriptions,sample_gl
Budget,6030,2024-05-13,1468.79,West,Software & Subscriptions,sample_gl
Budget,6030,2024-05-15,226.98,West,Software & Subscriptions,sample_gl
Budget,6030,2024-05-17,738.71,West,Software & Subscriptions,sample_gl
Budget,6030,2024-05-22,416.55,West,Software & Subscriptions,sample_gl
Budget,6030,2024-05-22,109.73,West,Software & Subscriptions,sample_gl
Budget,6040,2024-05-04,1005.56,North,Travel & Entertainment,sample_gl
Budget,6040,2024-05-08,20.43,North,Travel & Entertainment,sample_gl
Budget,6040,2024-05-13,448.37,North,Travel & Entertainment,sample_gl
Budget,6040,2024-05-14,669.27,North,Travel & Entertainment,sample_gl
Budget,6040,2024-05-16,228.07,North,Travel & Entertainment,sample_gl
Budget,6040,2024-05-24,256.62,North,Travel & Entertainment,sample_gl
Budget,6040,2024-05-27,279.96,North,Travel & Entertainment,sample_gl
Budget,6040,2024-05-28,775.45,North,Travel & Entertainment,sample_gl
Budget,6040,2024-05-09,130.52,South,Travel & Entertainment,sample_gl
Budget,6040,2024-05-13,406.02,South,Travel & Entertainment,sample_gl
Budget,6040,2024-05-16,110.58,South,Travel & Entertainment,sample_gl
Budget,6040,2024-05-16,366.42,South,Travel & Entertainment,sample_gl
Budget,6040,2024-05-17,982.77,South,Travel & Entertainment,sample_gl
Budget,6040,2024-05-20,152.4,South,Travel & Entertainment,sample_gl
Budget,6040,2024-05-22,1989.41,South,Travel & Entertainment,sample_gl
Budget,6040,2024-05-31,252.91,South,Travel & Entertainment,sample_gl
Budget,6040,2024-05-01,236.66,West,Travel & Entertainment,sample_gl
Budget,6040,2024-05-06,61.29,West,Travel & Entertainment,sample_gl
Budget,6040,2024-05-11,174.45,West,Travel & Entertainment,sample_gl
Budget,6040,2024-05-13,1451.28,West,Travel & Entertainment,sample_gl
Budget,6040,2024-05-16,400.97,West,Travel & Entertainment,sample_gl
Budget,6040,2024-05-20,49.37,West,Travel & Entertainment,sample_gl
Budget,6040,2024-05-22,77.82,West,Travel & Entertainment,sample_gl
Budget,6040,2024-05-22,641.06,West,Travel & Entertainment,sample_gl
Budget,7000,2024-05-07,116.5,North,Interest Expense,sample_gl
Budget,7000,2024-05-09,1150.41,North,Interest Expense,sample_gl
Budget,7000,2024-05-10,320.0,North,Interest Expense,sample_gl
Budget,7000,2024-05-16,428.48,North,Interest Expense,sample_gl
Budget,7000,2024-05-16,1154.23,North,Interest Expense,sample_gl
Budget,7000,2024-05-17,203.77,North,Interest Expense,sample_gl
Budget,7000,2024-05-18,138.78,North,Interest Expense,sample_gl
Budget,7000,2024-05-22,174.84,North,Interest Expense,sample_gl
Budget,7000,2024-05-02,523.45,South,Interest Expense,sample_gl
Budget,7000,2024-05-02,656.05,South,Interest Expense,sample_gl
Budget,7000,2024-05-06,717.76,South,Interest Expense,sample_gl
Budget,7000,2024-05-13,15.66,South,Interest Expense,sample_gl
Budget,7000,2024-05-15,835.18,South,Interest Expense,sample_gl
Budget,7000,2024-05-15,37.61,South,Interest Expense,sample_gl
Budget,7000,2024-05-18,562.95,South,Interest Expense,sample_gl
Budget,7000,2024-05-22,543.5,South,Interest Expense,sample_gl
Budget,7000,2024-05-04,1603.4,West,Interest Expense,sample_gl
Budget,7000,2024-05-16,346.28,West,Interest Expense,sample_gl
Budget,7000,2024-05-18,76.94,West,Interest Expense,sample_gl
Budget,7000,2024-05-18,49.14,West,Interest Expense,sample_gl
Budget,7000,2024-05-19,268.44,West,Interest Expense,sample_gl
Budget,7000,2024-05-22,1155.86,West,Interest Expense,sample_gl
Budget,7000,2024-05-22,477.35,West,Interest Expense,sample_gl
Budget,7000,2024-05-22,119.33,West,Interest Expense,sample_gl
Budget,4000,2024-06-01,-56841.67,North,Product Revenue,sample_gl
Budget,4000,2024-06-02,-2197.17,North,Product Revenue,sample_gl
Budget,4000,2024-06-02,-7380.34,North,Product Revenue,sample_gl
Budget,4000,2024-06-05,-24172.37,North,Product Revenue,sample_gl
Budget,4000,2024-06-10,-6389.24,North,Product Revenue,sample_gl
Budget,4000,2024-06-11,-21724.74,North,Product Revenue,sample_gl
Budget,4000,2024-06-19,-6881.53,North,Product Revenue,sample_gl
Budget,4000,2024-06-27,-29544.22,North,Product Revenue,sample_gl
Budget,4000,2024-06-02,-3079.89,South,Product Revenue,sample_gl
Budget,4000,2024-06-08,-7154.15,South,Product Revenue,sample_gl
Budget,4000,2024-06-08,-37406.79,South,Product Revenue,sample_gl
Budget,4000,2024-06-08,-5106.34,South,Product Revenue,sample_gl
Budget,4000,2024-06-12,-39832.51,South,Product Revenue,sample_gl
Budget,4000,2024-06-12,-8679.55,South,Product Revenue,sample_gl
Budget,4000,2024-06-14,-40983.84,South,Product Revenue,sample_gl
Budget,4000,2024-06-22,-14001.2,South,Product Revenue,sample_gl
Budget,4000,2024-06-01,-59735.35,West,Product Revenue,sample_gl
Budget,4000,2024-06-09,-1986.74,West,Product Revenue,sample_gl
Budget,4000,2024-06-14,-28819.06,West,Product Revenue,sample_gl
Budget,4000,2024-06-14,-2443.35,West,Product Revenue,sample_gl
Budget,4000,2024-06-17,-17074.23,West,Product Revenue,sample_gl
Budget,4000,2024-06-19,-17769.87,West,Product Revenue,sample_gl
Budget,4000,2024-06-28,-28060.04,West,Product Revenue,sample_gl
Budget,4000,2024-06-29,-2251.15,West,Product Revenue,sample_gl
Budget,4010,2024-06-04,-19210.94,North,Service Revenue,sample_gl
Budget,4010,2024-06-07,-1346.3,North,Service Revenue,sample_gl
Budget,4010,2024-06-11,-4110.88,North,Service Revenue,sample_gl
Budget,4010,2024-06-16,-3449.11,North,Service Revenue,sample_gl
Budget,4010,2024-06-17,-6669.36,North,Service Revenue,sample_gl
Budget,4010,2024-06-22,-8491.21,North,Service Revenue,sample_gl
Budget,4010,2024-06-23,-4663.85,North,Service Revenue,sample_gl
Budget,4010,2024-06-26,-8637.75,North,Service Revenue,sample_gl
Budget,4010,2024-06-02,-14475.79,South,Service Revenue,sample_gl
Budget,4010,2024-06-07,-16141.9,South,Service Revenue,sample_gl
Budget,4010,2024-06-09,-723.96,South,Service Revenue,sample_gl
Budget,4010,2024-06-10,-1732.0,South,Service Revenue,sample_gl
Budget,4010,2024-06-10,-4931.85,South,Service Revenue,sample_gl
Budget,4010,2024-06-13,-4601.51,South,Service Revenue,sample_gl
Budget,4010,2024-06-18,-8119.87,South,Service Revenue,sample_gl
Budget,4010,2024-06-19,-2227.19,South,Service Revenue,sample_gl
Budget,4010,2024-06-07,-2880.56,West,Service Revenue,sample_gl
Budget,4010,2024-06-12,-8388.52,West,Service Revenue,sample_gl
Budget,4010,2024-06-14,-505.16,West,Service Revenue,sample_gl
Budget,4010,2024-06-16,-3793.62,West,Service Revenue,sample_gl
Budget,4010,2024-06-17,-3393.97,West,Service Revenue,sample_gl
Budget,4010,2024-06-19,-5967.55,West,Service Revenue,sample_gl
Budget,4010,2024-06-26,-6022.6,West,Service Revenue,sample_gl
Budget,4010,2024-06-26,-6623.0,West,Service Revenue,sample_gl
Budget,5000,2024-06-01,12421.06,North,Cost of Goods Sold,sample_gl
Budget,5000,2024-06-06,5419.98,North,Cost of Goods Sold,sample_gl
Budget,5000,2024-06-18,15399.41,North,Cost of Goods Sold,sample_gl
Budget,5000,2024-06-21,1133.34,North,Cost of Goods Sold,sample_gl
Budget,5000,2024-06-22,9627.28,North,Cost of Goods Sold,sample_gl
Budget,5000,2024-06-23,10860.45,North,Cost of Goods Sold,sample_gl
Budget,5000,2024-06-25,7603.9,North,Cost of Goods Sold,sample_gl
Budget,5000,2024-06-29,4121.53,North,Cost of Goods Sold,sample_gl
Budget,5000,2024-06-14,4592.72,South,Cost of Goods Sold,sample_gl
Budget,5000,2024-06-18,10796.31,South,Cost of Goods Sold,sample_gl
Budget,5000,2024-06-20,3046.84,South,Cost of Goods Sold,sample_gl
Budget,5000,2024-06-21,17035.3,South,Cost of Goods Sold,sample_gl
Budget,5000,2024-06-25,20257.76,South,Cost of Goods Sold,sample_gl
Budget,5000,2024-06-26,1520.01,South,Cost of Goods Sold,sample_gl
Budget,5000,2024-06-28,14434.49,South,Cost of Goods Sold,sample_gl
Budget,5000,2024-06-30,5013.2,South,Cost of Goods Sold,sample_gl
Budget,5000,2024-06-03,10956.98,West,Cost of Goods Sold,sample_gl
Budget,5000,2024-06-07,5154.62,West,Cost of Goods Sold,sample_gl
Budget,5000,2024-06-11,160.59,West,Cost of Goods Sold,sample_gl
Budget,5000,2024-06-14,1941.29,West,Cost of Goods Sold,sample_gl
Budget,5000,2024-06-21,1372.13,West,Cost of Goods Sold,sample_gl
Budget,5000,2024-06-27,27279.85,West,Cost of Goods Sold,sample_gl
Budget,5000,2024-06-28,10856.53,West,Cost of Goods Sold,sample_gl
Budget,5000,2024-06-30,10509.98,West,Cost of Goods Sold,sample_gl
Budget,5010,2024-06-01,590.72,North,Direct Labor,sample_gl
Budget,5010,2024-06-05,3503.71,North,Direct Labor,sample_gl
Budget,5010,2024-06-07,1433.55,North,Direct Labor,sample_gl
Budget,5010,2024-06-08,3026.52,North,Direct Labor,sample_gl
Budget,5010,2024-06-10,1284.4,North,Direct Labor,sample_gl
Budget,5010,2024-06-15,8519.11,North,Direct Labor,sample_gl
Budget,5010,2024-06-26,1735.91,North,Direct Labor,sample_gl
Budget,5010,2024-06-27,176.49,North,Direct Labor,sample_gl
Budget,5010,2024-06-02,544.11,South,Direct Labor,sample_gl
Budget,5010,2024-06-06,1749.69,South,Direct Labor,sample_gl
Budget,5010,2024-06-16,8829.71,South,Direct Labor,sample_gl
Budget,5010,2024-06-18,5318.23,South,Direct Labor,sample_gl
Budget,5010,2024-06-21,7050.72,South,Direct Labor,sample_gl
Budget,5010,2024-06-24,207.37,South,Direct Labor,sample_gl
Budget,5010,2024-06-26,912.91,South,Direct Labor,sample_gl
Budget,5010,2024-06-28,2717.29,South,Direct Labor,sample_gl
Budget,5010,2024-06-03,2902.74,West,Direct Labor,sample_gl
Budget,5010,2024-06-12,2776.56,West,Direct Labor,sample_gl
Budget,5010,2024-06-13,6357.0,West,Direct Labor,sample_gl
Budget,5010,2024-06-22,1701.68,West,Direct Labor,sample_gl
Budget,5010,2024-06-22,227.29,West,Direct Labor,sample_gl
Budget,5010,2024-06-24,2016.22,West,Direct Labor,sample_gl
Budget,5010,2024-06-27,4295.62,West,Direct Labor,sample_gl
Budget,5010,2024-06-29,3783.53,West,Direct Labor,sample_gl
Budget,6000,2024-06-03,8831.86,North,Salaries & Wages,sample_gl
Budget,6000,2024-06-04,3864.88,North,Salaries & Wages,sample_gl
Budget,6000,2024-06-08,17169.85,North,Salaries & Wages,sample_gl
Budget,6000,2024-06-16,272.34,North,Salaries & Wages,sample_gl
Budget,6000,2024-06-20,2506.96,North,Salaries & Wages,sample_gl
Budget,6000,2024-06-25,1073.25,North,Salaries & Wages,sample_gl
Budget,6000,2024-06-26,4179.41,North,Salaries & Wages,sample_gl
Budget,6000,2024-06-29,2612.99,North,Salaries & Wages,sample_gl
Budget,6000,2024-06-04,11642.21,South,Salaries & Wages,sample_gl
Budget,6000,2024-06-06,2141.46,South,Salaries & Wages,sample_gl
Budget,6000,2024-06-07,1805.29,South,Salaries & Wages,sample_gl
Budget,6000,2024-06-09,2449.07,South,Salaries & Wages,sample_gl
Budget,6000,2024-06-09,3646.25,South,Salaries & Wages,sample_gl
Budget,6000,2024-06-14,3430.51,South,Salaries & Wages,sample_gl
Budget,6000,2024-06-15,9783.9,South,Salaries & Wages,sample_gl
Budget,6000,2024-06-28,1886.69,South,Salaries & Wages,sample_gl
Budget,6000,2024-06-05,955.51,West,Salaries & Wages,sample_gl
Budget,6000,2024-06-10,26512.24,West,Salaries & Wages,sample_gl
Budget,6000,2024-06-12,2557.58,West,Salaries & Wages,sample_gl
Budget,6000,2024-06-12,1290.34,West,Salaries & Wages,sample_gl
Budget,6000,2024-06-16,6836.87,West,Salaries & Wages,sample_gl
Budget,6000,2024-06-23,4505.69,West,Salaries & Wages,sample_gl
Budget,6000,2024-06-27,1176.89,West,Salaries & Wages,sample_gl
Budget,6000,2024-06-30,1505.06,West,Salaries & Wages,sample_gl
Budget,6010,2024-06-08,1201.42,North,Rent & Facilities,sample_gl
Budget,6010,2024-06-09,2370.29,North,Rent & Facilities,sample_gl
Budget,6010,2024-06-10,252.15,North,Rent & Facilities,sample_gl
Budget,6010,2024-06-13,4171.41,North,Rent & Facilities,sample_gl
Budget,6010,2024-06-18,446.86,North,Rent & Facilities,sample_gl
Budget,6010,2024-06-21,91.6,North,Rent & Facilities,sample_gl
Budget,6010,2024-06-22,900.97,North,Rent & Facilities,sample_gl
Budget,6010,2024-06-26,408.66,North,Rent & Facilities,sample_gl
Budget,6010,2024-06-03,1647.29,South,Rent & Facilities,sample_gl
Budget,6010,2024-06-08,1410.51,South,Rent & Facilities,sample_gl
Budget,6010,2024-06-09,203.17,South,Rent & Facilities,sample_gl
Budget,6010,2024-06-10,1250.8,South,Rent & Facilities,sample_gl
Budget,6010,2024-06-25,2113.6,South,Rent & Facilities,sample_gl
Budget,6010,2024-06-27,1725.34,South,Rent & Facilities,sample_gl
Budget,6010,2024-06-30,484.94,South,Rent & Facilities,sample_gl
Budget,6010,2024-06-30,1445.33,South,Rent & Facilities,sample_gl
Budget,6010,2024-06-02,4055.76,West,Rent & Facilities,sample_gl
Budget,6010,2024-06-03,570.9,West,Rent & Facilities,sample_gl
Budget,6010,2024-06-09,2418.9,West,Rent & Facilities,sample_gl
Budget,6010,2024-06-16,1010.16,West,Rent & Facilities,sample_gl
Budget,6010,2024-06-25,40.85,West,Rent & Facilities,sample_gl
Budget,6010,2024-06-26,164.63,West,Rent & Facilities,sample_gl
Budget,6010,2024-06-27,349.61,West,Rent & Facilities,sample_gl
Budget,6010,2024-06-28,1210.35,West,Rent & Facilities,sample_gl
Budget,6020,2024-06-11,312.99,North,Marketing,sample_gl
Budget,6020,2024-06-12,283.21,North,Marketing,sample_gl
Budget,6020,2024-06-14,961.19,North,Marketing,sample_gl
Budget,6020,2024-06-18,3629.59,North,Marketing,sample_gl
Budget,6020,2024-06-20,2024.33,North,Marketing,sample_gl
Budget,6020,2024-06-24,130.87,North,Marketing,sample_gl
Budget,6020,2024-06-24,1709.99,North,Marketing,sample_gl
Budget,6020,2024-06-27,2391.51,North,Marketing,sample_gl
Budget,6020,2024-06-03,1215.38,South,Marketing,sample_gl
Budget,6020,2024-06-04,2761.11,South,Marketing,sample_gl
Budget,6020,2024-06-07,1304.44,South,Marketing,sample_gl
Budget,6020,2024-06-10,596.12,South,Marketing,sample_gl
Budget,6020,2024-06-11,519.49,South,Marketing,sample_gl
Budget,6020,2024-06-13,125.83,South,Marketing,sample_gl
Budget,6020,2024-06-19,944.94,South,Marketing,sample_gl
Budget,6020,2024-06-21,233.61,South,Marketing,sample_gl
Budget,6020,2024-06-05,2636.4,West,Marketing,sample_gl
Budget,6020,2024-06-06,243.14,West,Marketing,sample_gl
Budget,6020,2024-06-09,3128.39,West,Marketing,sample_gl
Budget,6020,2024-06-16,5580.86,West,Marketing,sample_gl
Budget,6020,2024-06-19,394.83,West,Marketing,sample_gl
Budget,6020,2024-06-22,719.24,West,Marketing,sample_gl
Budget,6020,2024-06-24,990.95,West,Marketing,sample_gl
Budget,6020,2024-06-28,800.72,West,Marketing,sample_gl
Budget,6030,2024-06-01,220.84,North,Software & Subscriptions,sample_gl
Budget,6030,2024-06-01,173.86,North,Software & Subscriptions,sample_gl
Budget,6030,2024-06-08,619.85,North,Software & Subscriptions,sample_gl
Budget,6030,2024-06-18,146.73,North,Software & Subscriptions,sample_gl
Budget,6030,2024-06-19,890.05,North,Software & Subscriptions,sample_gl
Budget,6030,2024-06-21,663.53,North,Software & Subscriptions,sample_gl
Budget,6030,2024-06-29,1063.88,North,Software & Subscriptions,sample_gl
Budget,6030,2024-06-30,657.28,North,Software & Subscriptions,sample_gl
Budget,6030,2024-06-01,880.44,South,Software & Subscriptions,sample_gl
Budget,6030,2024-06-03,92.48,South,Software & Subscriptions,sample_gl
Budget,6030,2024-06-04,1168.75,South,Software & Subscriptions,sample_gl
Budget,6030,2024-06-05,137.34,South,Software & Subscriptions,sample_gl
Budget,6030,2024-06-06,1072.77,South,Software & Subscriptions,sample_gl
Budget,6030,2024-06-12,233.6,South,Software & Subscriptions,sample_gl
Budget,6030,2024-06-19,437.86,South,Software & Subscriptions,sample_gl
Budget,6030,2024-06-23,310.82,South,Software & Subscriptions,sample_gl
Budget,6030,2024-06-09,571.6,West,Software & Subscriptions,sample_gl
Budget,6030,2024-06-10,670.68,West,Software & Subscriptions,sample_gl
Budget,6030,2024-06-13,594.27,West,Software & Subscriptions,sample_gl
Budget,6030,2024-06-16,797.92,West,Software & Subscriptions,sample_gl
Budget,6030,2024-06-24,338.51,West,Software & Subscriptions,sample_gl
Budget,6030,2024-06-26,786.5,West,Software & Subscriptions,sample_gl
Budget,6030,2024-06-27,609.66,West,Software & Subscriptions,sample_gl
Budget,6030,2024-06-28,21.04,West,Software & Subscriptions,sample_gl
Budget,6040,2024-06-08,218.43,North,Travel & Entertainment,sample_gl
Budget,6040,2024-06-08,794.38,North,Travel & Entertainment,sample_gl
Budget,6040,2024-06-09,181.71,North,Travel & Entertainment,sample_gl
Budget,6040,2024-06-10,290.48,North,Travel & Entertainment,sample_gl
Budget,6040,2024-06-12,163.89,North,Travel & Entertainment,sample_gl
Budget,6040,2024-06-15,571.19,North,Travel & Entertainment,sample_gl
Budget,6040,2024-06-20,262.29,North,Travel & Entertainment,sample_gl
Budget,6040,2024-06-30,65.22,North,Travel & Entertainment,sample_gl
Budget,6040,2024-06-07,200.23,South,Travel & Entertainment,sample_gl
Budget,6040,2024-06-09,80.47,South,Travel & Entertainment,sample_gl
Budget,6040,2024-06-13,1080.62,South,Travel & Entertainment,sample_gl
Budget,6040,2024-06-14,448.13,South,Travel & Entertainment,sample_gl
Budget,6040,2024-06-20,330.69,South,Travel & Entertainment,sample_gl
Budget,6040,2024-06-23,189.71,South,Travel & Entertainment,sample_gl
Budget,6040,2024-06-23,1247.55,South,Travel & Entertainment,sample_gl
Budget,6040,2024-06-24,264.87,South,Travel & Entertainment,sample_gl
Budget,6040,2024-06-01,78.17,West,Travel & Entertainment,sample_gl
Budget,6040,2024-06-02,173.19,West,Travel & Entertainment,sample_gl
Budget,6040,2024-06-09,89.59,West,Travel & Entertainment,sample_gl
Budget,6040,2024-06-17,383.14,West,Travel & Entertainment,sample_gl
Budget,6040,2024-06-20,551.86,West,Travel & Entertainment,sample_gl
Budget,6040,2024-06-23,420.02,West,Travel & Entertainment,sample_gl
Budget,6040,2024-06-24,162.14,West,Travel & Entertainment,sample_gl
Budget,6040,2024-06-26,42.72,West,Travel & Entertainment,sample_gl
Budget,7000,2024-06-05,334.95,North,Interest Expense,sample_gl
Budget,7000,2024-06-06,638.01,North,Interest Expense,sample_gl
Budget,7000,2024-06-11,197.52,North,Interest Expense,sample_gl
Budget,7000,2024-06-15,447.09,North,Interest Expense,sample_gl
Budget,7000,2024-06-16,247.65,North,Interest Expense,sample_gl
Budget,7000,2024-06-17,788.53,North,Interest Expense,sample_gl
Budget,7000,2024-06-29,1002.31,North,Interest Expense,sample_gl
Budget,7000,2024-06-30,80.27,North,Interest Expense,sample_gl
Budget,7000,2024-06-09,681.96,South,Interest Expense,sample_gl
Budget,7000,2024-06-10,1119.31,South,Interest Expense,sample_gl
Budget,7000,2024-06-12,229.41,South,Interest Expense,sample_gl
Budget,7000,2024-06-14,106.22,South,Interest Expense,sample_gl
Budget,7000,2024-06-20,908.94,South,Interest Expense,sample_gl
Budget,7000,2024-06-29,383.26,South,Interest Expense,sample_gl
Budget,7000,2024-06-29,401.48,South,Interest Expense,sample_gl
Budget,7000,2024-06-30,302.91,South,Interest Expense,sample_gl
Budget,7000,2024-06-05,142.64,West,Interest Expense,sample_gl
Budget,7000,2024-06-15,69.05,West,Interest Expense,sample_gl
Budget,7000,2024-06-18,379.44,West,Interest Expense,sample_gl
Budget,7000,2024-06-21,323.13,West,Interest Expense,sample_gl
Budget,7000,2024-06-22,120.77,West,Interest Expense,sample_gl
Budget,7000,2024-06-26,700.85,West,Interest Expense,sample_gl
Budget,7000,2024-06-28,1072.06,West,Interest Expense,sample_gl
Budget,7000,2024-06-30,1169.52,West,Interest Expense,sample_gl
Budget,4000,2024-07-02,-23038.36,North,Product Revenue,sample_gl
Budget,4000,2024-07-12,-7283.34,North,Product Revenue,sample_gl
Budget,4000,2024-07-15,-11403.38,North,Product Revenue,sample_gl
Budget,4000,2024-07-15,-16462.54,North,Product Revenue,sample_gl
Budget,4000,2024-07-16,-13412.04,North,Product Revenue,sample_gl
Budget,4000,2024-07-16,-75809.44,North,Product Revenue,sample_gl
Budget,4000,2024-07-18,-23591.08,North,Product Revenue,sample_gl
Budget,4000,2024-07-23,-33801.82,North,Product Revenue,sample_gl
Budget,4000,2024-07-09,-682.88,South,Product Revenue,sample_gl
Budget,4000,2024-07-17,-29204.27,South,Product Revenue,sample_gl
Budget,4000,2024-07-19,-5267.95,South,Product Revenue,sample_gl
Budget,4000,2024-07-19,-5588.05,South,Product Revenue,sample_gl
Budget,4000,2024-07-22,-86182.87,South,Product Revenue,sample_gl
Budget,4000,2024-07-24,-25417.65,South,Product Revenue,sample_gl
Budget,4000,2024-07-27,-12842.66,South,Product Revenue,sample_gl
Budget,4000,2024-07-29,-330.28,South,Product Revenue,sample_gl
Budget,4000,2024-07-01,-12909.24,West,Product Revenue,sample_gl
Budget,4000,2024-07-04,-11579.35,West,Product Revenue,sample_gl
Budget,4000,2024-07-10,-69522.23,West,Product Revenue,sample_gl
Budget,4000,2024-07-11,-11020.16,West,Product Revenue,sample_gl
Budget,4000,2024-07-12,-27257.04,West,Product Revenue,sample_gl
Budget,4000,2024-07-13,-999.76,West,Product Revenue,sample_gl
Budget,4000,2024-07-22,-18193.03,West,Product Revenue,sample_gl
Budget,4000,2024-07-22,-7768.19,West,Product Revenue,sample_gl
Budget,4010,2024-07-01,-16257.22,North,Service Revenue,sample_gl
Budget,4010,2024-07-09,-16574.53,North,Service Revenue,sample_gl
Budget,4010,2024-07-11,-3771.28,North,Service Revenue,sample_gl
Budget,4010,2024-07-15,-138.81,North,Service Revenue,sample_gl
Budget,4010,2024-07-20,-10836.45,North,Service Revenue,sample_gl
Budget,4010,2024-07-21,-325.57,North,Service Revenue,sample_gl
Budget,4010,2024-07-22,-618.82,North,Service Revenue,sample_gl
Budget,4010,2024-07-31,-1512.54,North,Service Revenue,sample_gl
Budget,4010,2024-07-02,-3241.48,South,Service Revenue,sample_gl
Budget,4010,2024-07-02,-4917.24,South,Service Revenue,sample_gl
Budget,4010,2024-07-10,-9321.47,South,Service Revenue,sample_gl
Budget,4010,2024-07-11,-800.59,South,Service Revenue,sample_gl
Budget,4010,2024-07-21,-21388.16,South,Service Revenue,sample_gl
Budget,4010,2024-07-24,-3959.25,South,Service Revenue,sample_gl
Budget,4010,2024-07-26,-602.66,South,Service Revenue,sample_gl
Budget,4010,2024-07-26,-1601.89,South,Service Revenue,sample_gl
Budget,4010,2024-07-01,-5796.84,West,Service Revenue,sample_gl
Budget,4010,2024-07-03,-7898.85,West,Service Revenue,sample_gl
Budget,4010,2024-07-06,-7085.99,West,Service Revenue,sample_gl
Budget,4010,2024-07-07,-2811.21,West,Service Revenue,sample_gl
Budget,4010,2024-07-13,-7845.27,West,Service Revenue,sample_gl
Budget,4010,2024-07-13,-4734.21,West,Service Revenue,sample_gl
Budget,4010,2024-07-25,-2585.69,West,Service Revenue,sample_gl
Budget,4010,2024-07-28,-9307.8,West,Service Revenue,sample_gl
Budget,5000,2024-07-04,26228.91,North,Cost of Goods Sold,sample_gl
Budget,5000,2024-07-05,3308.7,North,Cost of Goods Sold,sample_gl
Budget,5000,2024-07-07,817.32,North,Cost of Goods Sold,sample_gl
Budget,5000,2024-07-12,4552.66,North,Cost of Goods Sold,sample_gl
Budget,5000,2024-07-12,11992.21,North,Cost of Goods Sold,sample_gl
Budget,5000,2024-07-17,3379.04,North,Cost of Goods Sold,sample_gl
Budget,5000,2024-07-22,4613.7,North,Cost of Goods Sold,sample_gl
Budget,5000,2024-07-27,7104.0,North,Cost of Goods Sold,sample_gl
Budget,5000,2024-07-02,12163.69,South,Cost of Goods Sold,sample_gl
Budget,5000,2024-07-03,5424.96,South,Cost of Goods Sold,sample_gl
Budget,5000,2024-07-06,9217.87,South,Cost of Goods Sold,sample_gl
Budget,5000,2024-07-14,9552.45,South,Cost of Goods Sold,sample_gl
Budget,5000,2024-07-14,2494.19,South,Cost of Goods Sold,sample_gl
Budget,5000,2024-07-17,10529.6,South,Cost of Goods Sold,sample_gl
Budget,5000,2024-07-20,4445.75,South,Cost of Goods Sold,sample_gl
Budget,5000,2024-07-21,24611.66,South,Cost of Goods Sold,sample_gl
Budget,5000,2024-07-03,14880.07,West,Cost of Goods Sold,sample_gl
Budget,5000,2024-07-05,3097.16,West,Cost of Goods Sold,sample_gl
Budget,5000,2024-07-05,7619.35,West,Cost of Goods Sold,sample_gl
Budget,5000,2024-07-10,7376.35,West,Cost of Goods Sold,sample_gl
Budget,5000,2024-07-14,1049.72,West,Cost of Goods Sold,sample_gl
Budget,5000,2024-07-16,6928.47,West,Cost of Goods Sold,sample_gl
Budget,5000,2024-07-26,13942.61,West,Cost of Goods Sold,sample_gl
Budget,5000,2024-07-30,4948.86,West,Cost of Goods Sold,sample_gl
Budget,5010,2024-07-04,426.89,North,Direct Labor,sample_gl
Budget,5010,2024-07-04,8900.32,North,Direct Labor,sample_gl
Budget,5010,2024-07-14,6038.09,North,Direct Labor,sample_gl
Budget,5010,2024-07-14,3535.63,North,Direct Labor,sample_gl
Budget,5010,2024-07-15,530.21,North,Direct Labor,sample_gl
Budget,5010,2024-07-17,738.15,North,Direct Labor,sample_gl
Budget,5010,2024-07-17,1159.23,North,Direct Labor,sample_gl
Budget,5010,2024-07-22,4911.48,North,Direct Labor,sample_gl
Budget,5010,2024-07-02,6583.54,South,Direct Labor,sample_gl
Budget,5010,2024-07-03,574.33,South,Direct Labor,sample_gl
Budget,5010,2024-07-10,2277.66,South,Direct Labor,sample_gl
Budget,5010,2024-07-13,5748.93,South,Direct Labor,sample_gl
Budget,5010,2024-07-14,697.46,South,Direct Labor,sample_gl
Budget,5010,2024-07-23,1058.58,South,Direct Labor,sample_gl
Budget,5010,2024-07-27,2312.56,South,Direct Labor,sample_gl
Budget,5010,2024-07-29,1717.22,South,Direct Labor,sample_gl
Budget,5010,2024-07-03,163.83,West,Direct Labor,sample_gl
Budget,5010,2024-07-06,2815.54,West,Direct Labor,sample_gl
Budget,5010,2024-07-06,289.94,West,Direct Labor,sample_gl
Budget,5010,2024-07-07,1542.69,West,Direct Labor,sample_gl
Budget,5010,2024-07-09,8556.85,West,Direct Labor,sample_gl
Budget,5010,2024-07-20,1604.31,West,Direct Labor,sample_gl
Budget,5010,2024-07-24,9449.43,West,Direct Labor,sample_gl
Budget,5010,2024-07-26,3597.31,West,Direct Labor,sample_gl
Budget,6000,2024-07-10,4763.21,North,Salaries & Wages,sample_gl
Budget,6000,2024-07-16,6761.47,North,Salaries & Wages,sample_gl
Budget,6000,2024-07-20,2211.29,North,Salaries & Wages,sample_gl
Budget,6000,2024-07-20,1304.89,North,Salaries & Wages,sample_gl
Budget,6000,2024-07-24,10616.48,North,Salaries & Wages,sample_gl
Budget,6000,2024-07-24,627.92,North,Salaries & Wages,sample_gl
Budget,6000,2024-07-27,10800.12,North,Salaries & Wages,sample_gl
Budget,6000,2024-07-31,993.01,North,Salaries & Wages,sample_gl
Budget,6000,2024-07-01,938.02,South,Salaries & Wages,sample_gl
Budget,6000,2024-07-01,4139.6,South,Salaries & Wages,sample_gl
Budget,6000,2024-07-04,3380.07,South,Salaries & Wages,sample_gl
Budget,6000,2024-07-07,8372.23,South,Salaries & Wages,sample_gl
Budget,6000,2024-07-07,2010.19,South,Salaries & Wages,sample_gl
Budget,6000,2024-07-23,10616.96,South,Salaries & Wages,sample_gl
Budget,6000,2024-07-27,563.18,South,Salaries & Wages,sample_gl
Budget,6000,2024-07-28,4960.67,South,Salaries & Wages,sample_gl
Budget,6000,2024-07-01,862.0,West,Salaries & Wages,sample_gl
Budget,6000,2024-07-04,9793.69,West,Salaries & Wages,sample_gl
Budget,6000,2024-07-05,2292.57,West,Salaries & Wages,sample_gl
Budget,6000,2024-07-05,6606.71,West,Salaries & Wages,sample_gl
Budget,6000,2024-07-06,186.66,West,Salaries & Wages,sample_gl
Budget,6000,2024-07-14,1560.41,West,Salaries & Wages,sample_gl
Budget,6000,2024-07-16,11143.38,West,Salaries & Wages,sample_gl
Budget,6000,2024-07-29,11472.08,West,Salaries & Wages,sample_gl
Budget,6010,2024-07-01,4279.14,North,Rent & Facilities,sample_gl
Budget,6010,2024-07-02,165.76,North,Rent & Facilities,sample_gl
Budget,6010,2024-07-04,657.95,North,Rent & Facilities,sample_gl
Budget,6010,2024-07-11,853.98,North,Rent & Facilities,sample_gl
Budget,6010,2024-07-13,1569.01,North,Rent & Facilities,sample_gl
Budget,6010,2024-07-21,1199.79,North,Rent & Facilities,sample_gl
Budget,6010,2024-07-27,1558.5,North,Rent & Facilities,sample_gl
Budget,6010,2024-07-27,10.02,North,Rent & Facilities,sample_gl
Budget,6010,2024-07-17,196.43,South,Rent & Facilities,sample_gl
Budget,6010,2024-07-19,430.51,South,Rent & Facilities,sample_gl
Budget,6010,2024-07-20,1768.11,South,Rent & Facilities,sample_gl
Budget,6010,2024-07-22,371.21,South,Rent & Facilities,sample_gl
Budget,6010,2024-07-24,2947.59,South,Rent & Facilities,sample_gl
Budget,6010,2024-07-27,239.06,South,Rent & Facilities,sample_gl
Budget,6010,2024-07-29,3007.74,South,Rent & Facilities,sample_gl
Budget,6010,2024-07-30,1367.03,South,Rent & Facilities,sample_gl
Budget,6010,2024-07-04,1625.86,West,Rent & Facilities,sample_gl
Budget,6010,2024-07-14,2770.3,West,Rent & Facilities,sample_gl
Budget,6010,2024-07-16,18.95,West,Rent & Facilities,sample_gl
Budget,6010,2024-07-16,102.94,West,Rent & Facilities,sample_gl
Budget,6010,2024-07-20,210.77,West,Rent & Facilities,sample_gl
Budget,6010,2024-07-21,1783.13,West,Rent & Facilities,sample_gl
Budget,6010,2024-07-29,806.5,West,Rent & Facilities,sample_gl
Budget,6010,2024-07-31,2759.16,West,Rent & Facilities,sample_gl
Budget,6020,2024-07-11,2609.84,North,Marketing,sample_gl
Budget,6020,2024-07-20,177.1,North,Marketing,sample_gl
Budget,6020,2024-07-22,345.01,North,Marketing,sample_gl
Budget,6020,2024-07-22,1230.36,North,Marketing,sample_gl
Budget,6020,2024-07-23,471.3,North,Marketing,sample_gl
Budget,6020,2024-07-27,1070.88,North,Marketing,sample_gl
Budget,6020,2024-07-28,387.92,North,Marketing,sample_gl
Budget,6020,2024-07-30,393.13,North,Marketing,sample_gl
Budget,6020,2024-07-06,1313.18,South,Marketing,sample_gl
Budget,6020,2024-07-07,366.91,South,Marketing,sample_gl
Budget,6020,2024-07-12,916.03,South,Marketing,sample_gl
Budget,6020,2024-07-16,1079.82,South,Marketing,sample_gl
Budget,6020,2024-07-20,4207.36,South,Marketing,sample_gl
Budget,6020,2024-07-26,797.86,South,Marketing,sample_gl
Budget,6020,2024-07-26,1069.73,South,Marketing,sample_gl
Budget,6020,2024-07-28,3263.24,South,Marketing,sample_gl
Budget,6020,2024-07-01,0.0,West,Marketing,sample_gl
Budget,6020,2024-07-02,0.0,West,Marketing,sample_gl
Budget,6020,2024-07-07,0.0,West,Marketing,sample_gl
Budget,6020,2024-07-08,0.0,West,Marketing,sample_gl
Budget,6020,2024-07-10,0.0,West,Marketing,sample_gl
Budget,6020,2024-07-12,0.0,West,Marketing,sample_gl
Budget,6020,2024-07-18,0.0,West,Marketing,sample_gl
Budget,6020,2024-07-29,0.0,West,Marketing,sample_gl
Budget,6030,2024-07-04,3381.21,North,Software & Subscriptions,sample_gl
Budget,6030,2024-07-04,1289.01,North,Software & Subscriptions,sample_gl
Budget,6030,2024-07-08,4.38,North,Software & Subscriptions,sample_gl
Budget,6030,2024-07-08,89.78,North,Software & Subscriptions,sample_gl
Budget,6030,2024-07-09,415.94,North,Software & Subscriptions,sample_gl
Budget,6030,2024-07-16,260.47,North,Software & Subscriptions,sample_gl
Budget,6030,2024-07-18,590.9,North,Software & Subscriptions,sample_gl
Budget,6030,2024-07-20,38.47,North,Software & Subscriptions,sample_gl
Budget,6030,2024-07-02,574.19,South,Software & Subscriptions,sample_gl
Budget,6030,2024-07-04,2862.2,South,Software & Subscriptions,sample_gl
Budget,6030,2024-07-15,823.56,South,Software & Subscriptions,sample_gl
Budget,6030,2024-07-15,145.92,South,Software & Subscriptions,sample_gl
Budget,6030,2024-07-23,432.53,South,Software & Subscriptions,sample_gl
Budget,6030,2024-07-26,587.67,South,Software & Subscriptions,sample_gl
Budget,6030,2024-07-30,67.71,South,Software & Subscriptions,sample_gl
Budget,6030,2024-07-31,142.83,South,Software & Subscriptions,sample_gl
Budget,6030,2024-07-02,894.02,West,Software & Subscriptions,sample_gl
Budget,6030,2024-07-04,680.14,West,Software & Subscriptions,sample_gl
Budget,6030,2024-07-04,595.27,West,Software & Subscriptions,sample_gl
Budget,6030,2024-07-06,913.11,West,Software & Subscriptions,sample_gl
Budget,6030,2024-07-17,87.87,West,Software & Subscriptions,sample_gl
Budget,6030,2024-07-18,146.32,West,Software & Subscriptions,sample_gl
Budget,6030,2024-07-21,472.41,West,Software & Subscriptions,sample_gl
Budget,6030,2024-07-28,563.73,West,Software & Subscriptions,sample_gl
Budget,6040,2024-07-04,360.54,North,Travel & Entertainment,sample_gl
Budget,6040,2024-07-05,677.14,North,Travel & Entertainment,sample_gl
Budget,6040,2024-07-07,406.09,North,Travel & Entertainment,sample_gl
Budget,6040,2024-07-14,131.62,North,Travel & Entertainment,sample_gl
Budget,6040,2024-07-15,560.84,North,Travel & Entertainment,sample_gl
Budget,6040,2024-07-25,1116.76,North,Travel & Entertainment,sample_gl
Budget,6040,2024-07-27,169.67,North,Travel & Entertainment,sample_gl
Budget,6040,2024-07-28,807.31,North,Travel & Entertainment,sample_gl
Budget,6040,2024-07-05,1058.81,South,Travel & Entertainment,sample_gl
Budget,6040,2024-07-08,840.47,South,Travel & Entertainment,sample_gl
Budget,6040,2024-07-12,19.03,South,Travel & Entertainment,sample_gl
Budget,6040,2024-07-14,38.57,South,Travel & Entertainment,sample_gl
Budget,6040,2024-07-21,171.83,South,Travel & Entertainment,sample_gl
Budget,6040,2024-07-22,1367.72,South,Travel & Entertainment,sample_gl
Budget,6040,2024-07-25,223.94,South,Travel & Entertainment,sample_gl
Budget,6040,2024-07-25,919.84,South,Travel & Entertainment,sample_gl
Budget,6040,2024-07-01,314.24,West,Travel & Entertainment,sample_gl
Budget,6040,2024-07-01,119.16,West,Travel & Entertainment,sample_gl
Budget,6040,2024-07-05,406.66,West,Travel & Entertainment,sample_gl
Budget,6040,2024-07-12,769.28,West,Travel & Entertainment,sample_gl
Budget,6040,2024-07-15,2512.34,West,Travel & Entertainment,sample_gl
Budget,6040,2024-07-23,702.39,West,Travel & Entertainment,sample_gl
Budget,6040,2024-07-25,195.81,West,Travel & Entertainment,sample_gl
Budget,6040,2024-07-31,92.3,West,Travel & Entertainment,sample_gl
Budget,7000,2024-07-02,217.52,North,Interest Expense,sample_gl
Budget,7000,2024-07-05,895.21,North,Interest Expense,sample_gl
Budget,7000,2024-07-19,399.9,North,Interest Expense,sample_gl
Budget,7000,2024-07-21,443.16,North,Interest Expense,sample_gl
Budget,7000,2024-07-22,420.78,North,Interest Expense,sample_gl
Budget,7000,2024-07-25,108.19,North,Interest Expense,sample_gl
Budget,7000,2024-07-29,199.45,North,Interest Expense,sample_gl
Budget,7000,2024-07-30,1078.52,North,Interest Expense,sample_gl
Budget,7000,2024-07-01,802.26,South,Interest Expense,sample_gl
Budget,7000,2024-07-10,291.94,South,Interest Expense,sample_gl
Budget,7000,2024-07-11,650.81,South,Interest Expense,sample_gl
Budget,7000,2024-07-12,319.14,South,Interest Expense,sample_gl
Budget,7000,2024-07-24,65.05,South,Interest Expense,sample_gl
Budget,7000,2024-07-24,609.59,South,Interest Expense,sample_gl
Budget,7000,2024-07-27,861.01,South,Interest Expense,sample_gl
Budget,7000,2024-07-30,311.11,South,Interest Expense,sample_gl
Budget,7000,2024-07-12,140.78,West,Interest Expense,sample_gl
Budget,7000,2024-07-15,610.52,West,Interest Expense,sample_gl
Budget,7000,2024-07-20,396.93,West,Interest Expense,sample_gl
Budget,7000,2024-07-21,125.52,West,Interest Expense,sample_gl
Budget,7000,2024-07-23,266.61,West,Interest Expense,sample_gl
Budget,7000,2024-07-26,1220.81,West,Interest Expense,sample_gl
Budget,7000,2024-07-26,215.02,West,Interest Expense,sample_gl
Budget,7000,2024-07-29,831.8,West,Interest Expense,sample_gl
Budget,4000,2024-08-03,-3890.97,North,Product Revenue,sample_gl
Budget,4000,2024-08-07,-39084.29,North,Product Revenue,sample_gl
Budget,4000,2024-08-10,-13625.47,North,Product Revenue,sample_gl
Budget,4000,2024-08-10,-33096.32,North,Product Revenue,sample_gl
Budget,4000,2024-08-17,-15907.07,North,Product Revenue,sample_gl
Budget,4000,2024-08-17,-32651.05,North,Product Revenue,sample_gl
Budget,4000,2024-08-18,-9650.34,North,Product Revenue,sample_gl
Budget,4000,2024-08-18,-18220.85,North,Product Revenue,sample_gl
Budget,4000,2024-08-02,-7543.39,South,Product Revenue,sample_gl
Budget,4000,2024-08-04,-12171.26,South,Product Revenue,sample_gl
Budget,4000,2024-08-10,-27373.19,South,Product Revenue,sample_gl
Budget,4000,2024-08-14,-8930.83,South,Product Revenue,sample_gl
Budget,4000,2024-08-17,-2924.49,South,Product Revenue,sample_gl
Budget,4000,2024-08-24,-40142.2,South,Product Revenue,sample_gl
Budget,4000,2024-08-24,-3788.52,South,Product Revenue,sample_gl
Budget,4000,2024-08-27,-55159.64,South,Product Revenue,sample_gl
Budget,4000,2024-08-08,-46992.86,West,Product Revenue,sample_gl
Budget,4000,2024-08-19,-10867.56,West,Product Revenue,sample_gl
Budget,4000,2024-08-19,-30215.61,West,Product Revenue,sample_gl
Budget,4000,2024-08-23,-10282.68,West,Product Revenue,sample_gl
Budget,4000,2024-08-24,-5317.28,West,Product Revenue,sample_gl
Budget,4000,2024-08-26,-14386.79,West,Product Revenue,sample_gl
Budget,4000,2024-08-29,-11550.18,West,Product Revenue,sample_gl
Budget,4000,2024-08-31,-35543.43,West,Product Revenue,sample_gl
Budget,4010,2024-08-04,-4184.11,North,Service Revenue,sample_gl
Budget,4010,2024-08-05,-9815.04,North,Service Revenue,sample_gl
Budget,4010,2024-08-08,-1427.07,North,Service Revenue,sample_gl
Budget,4010,2024-08-13,-9441.09,North,Service Revenue,sample_gl
Budget,4010,2024-08-17,-5519.92,North,Service Revenue,sample_gl
Budget,4010,2024-08-22,-4748.37,North,Service Revenue,sample_gl
Budget,4010,2024-08-23,-238.9,North,Service Revenue,sample_gl
Budget,4010,2024-08-24,-7325.76,North,Service Revenue,sample_gl
Budget,4010,2024-08-03,-13732.99,South,Service Revenue,sample_gl
Budget,4010,2024-08-05,-6827.02,South,Service Revenue,sample_gl
Budget,4010,2024-08-07,-1491.54,South,Service Revenue,sample_gl
Budget,4010,2024-08-12,-3927.05,South,Service Revenue,sample_gl
Budget,4010,2024-08-15,-1047.72,South,Service Revenue,sample_gl
Budget,4010,2024-08-16,-380.73,South,Service Revenue,sample_gl
Budget,4010,2024-08-22,-3228.08,South,Service Revenue,sample_gl
Budget,4010,2024-08-29,-21444.21,South,Service Revenue,sample_gl
Budget,4010,2024-08-14,-8333.72,West,Service Revenue,sample_gl
Budget,4010,2024-08-15,-15090.41,West,Service Revenue,sample_gl
Budget,4010,2024-08-16,-1384.41,West,Service Revenue,sample_gl
Budget,4010,2024-08-23,-1075.81,West,Service Revenue,sample_gl
Budget,4010,2024-08-24,-378.69,West,Service Revenue,sample_gl
Budget,4010,2024-08-27,-816.55,West,Service Revenue,sample_gl
Budget,4010,2024-08-30,-22460.88,West,Service Revenue,sample_gl
Budget,4010,2024-08-31,-1636.02,West,Service Revenue,sample_gl
Budget,5000,2024-08-02,7009.19,North,Cost of Goods Sold,sample_gl
Budget,5000,2024-08-06,470.47,North,Cost of Goods Sold,sample_gl
Budget,5000,2024-08-12,65.04,North,Cost of Goods Sold,sample_gl
Budget,5000,2024-08-18,10851.76,North,Cost of Goods Sold,sample_gl
Budget,5000,2024-08-24,5081.77,North,Cost of Goods Sold,sample_gl
Budget,5000,2024-08-30,9731.61,North,Cost of Goods Sold,sample_gl
Budget,5000,2024-08-31,20934.3,North,Cost of Goods Sold,sample_gl
Budget,5000,2024-08-31,9381.62,North,Cost of Goods Sold,sample_gl
Budget,5000,2024-08-01,2823.35,South,Cost of Goods Sold,sample_gl
Budget,5000,2024-08-05,5425.4,South,Cost of Goods Sold,sample_gl
Budget,5000,2024-08-10,4262.01,South,Cost of Goods Sold,sample_gl
Budget,5000,2024-08-10,21706.69,South,Cost of Goods Sold,sample_gl
Budget,5000,2024-08-10,13318.54,South,Cost of Goods Sold,sample_gl
Budget,5000,2024-08-12,4058.35,South,Cost of Goods Sold,sample_gl
Budget,5000,2024-08-16,301.52,South,Cost of Goods Sold,sample_gl
Budget,5000,2024-08-26,6136.78,South,Cost of Goods Sold,sample_gl
Budget,5000,2024-08-02,29663.78,West,Cost of Goods Sold,sample_gl
Budget,5000,2024-08-03,5651.3,West,Cost of Goods Sold,sample_gl
Budget,5000,2024-08-10,2493.42,West,Cost of Goods Sold,sample_gl
Budget,5000,2024-08-12,7136.11,West,Cost of Goods Sold,sample_gl
Budget,5000,2024-08-14,2616.51,West,Cost of Goods Sold,sample_gl
Budget,5000,2024-08-16,1210.83,West,Cost of Goods Sold,sample_gl
Budget,5000,2024-08-19,7424.13,West,Cost of Goods Sold,sample_gl
Budget,5000,2024-08-28,6224.08,West,Cost of Goods Sold,sample_gl
Budget,5010,2024-08-05,6236.49,North,Direct Labor,sample_gl
Budget,5010,2024-08-15,2474.91,North,Direct Labor,sample_gl
Budget,5010,2024-08-15,1879.9,North,Direct Labor,sample_gl
Budget,5010,2024-08-15,381.2,North,Direct Labor,sample_gl
Budget,5010,2024-08-17,6827.17,North,Direct Labor,sample_gl
Budget,5010,2024-08-21,3624.46,North,Direct Labor,sample_gl
Budget,5010,2024-08-22,1782.21,North,Direct Labor,sample_gl
Budget,5010,2024-08-25,3580.13,North,Direct Labor,sample_gl
Budget,5010,2024-08-03,2295.89,South,Direct Labor,sample_gl
Budget,5010,2024-08-06,8078.93,South,Direct Labor,sample_gl
Budget,5010,2024-08-09,31.37,South,Direct Labor,sample_gl
Budget,5010,2024-08-15,203.11,South,Direct Labor,sample_gl
Budget,5010,2024-08-21,2507.93,South,Direct Labor,sample_gl
Budget,5010,2024-08-24,3.53,South,Direct Labor,sample_gl
Budget,5010,2024-08-28,1646.31,South,Direct Labor,sample_gl
Budget,5010,2024-08-29,3780.83,South,Direct Labor,sample_gl
Budget,5010,2024-08-02,2950.3,West,Direct Labor,sample_gl
Budget,5010,2024-08-07,1458.44,West,Direct Labor,sample_gl
Budget,5010,2024-08-18,236.76,West,Direct Labor,sample_gl
Budget,5010,2024-08-19,7025.78,West,Direct Labor,sample_gl
Budget,5010,2024-08-20,2315.65,West,Direct Labor,sample_gl
Budget,5010,2024-08-25,8011.32,West,Direct Labor,sample_gl
Budget,5010,2024-08-31,964.38,West,Direct Labor,sample_gl
Budget,5010,2024-08-31,1565.33,West,Direct Labor,sample_gl
Budget,6000,2024-08-03,1038.82,North,Salaries & Wages,sample_gl
Budget,6000,2024-08-08,969.92,North,Salaries & Wages,sample_gl
Budget,6000,2024-08-15,15933.46,North,Salaries & Wages,sample_gl
Budget,6000,2024-08-19,1572.72,North,Salaries & Wages,sample_gl
Budget,6000,2024-08-23,7584.05,North,Salaries & Wages,sample_gl
Budget,6000,2024-08-27,8933.91,North,Salaries & Wages,sample_gl
Budget,6000,2024-08-27,2458.39,North,Salaries & Wages,sample_gl
Budget,6000,2024-08-29,6163.51,North,Salaries & Wages,sample_gl
Budget,6000,2024-08-01,3635.12,South,Salaries & Wages,sample_gl
Budget,6000,2024-08-03,393.61,South,Salaries & Wages,sample_gl
Budget,6000,2024-08-09,620.98,South,Salaries & Wages,sample_gl
Budget,6000,2024-08-11,1191.97,South,Salaries & Wages,sample_gl
Budget,6000,2024-08-13,978.32,South,Salaries & Wages,sample_gl
Budget,6000,2024-08-14,3544.67,South,Salaries & Wages,sample_gl
Budget,6000,2024-08-17,2078.16,South,Salaries & Wages,sample_gl
Budget,6000,2024-08-28,28114.74,South,Salaries & Wages,sample_gl
Budget,6000,2024-08-01,4674.65,West,Salaries & Wages,sample_gl
Budget,6000,2024-08-02,7693.1,West,Salaries & Wages,sample_gl
Budget,6000,2024-08-06,161.39,West,Salaries & Wages,sample_gl
Budget,6000,2024-08-10,1982.27,West,Salaries & Wages,sample_gl
Budget,6000,2024-08-11,557.5,West,Salaries & Wages,sample_gl
Budget,6000,2024-08-20,884.3,West,Salaries & Wages,sample_gl
Budget,6000,2024-08-23,16034.2,West,Salaries & Wages,sample_gl
Budget,6000,2024-08-31,6656.8,West,Salaries & Wages,sample_gl
Budget,6010,2024-08-07,613.09,North,Rent & Facilities,sample_gl
Budget,6010,2024-08-08,550.57,North,Rent & Facilities,sample_gl
Budget,6010,2024-08-08,2729.82,North,Rent & Facilities,sample_gl
Budget,6010,2024-08-16,222.74,North,Rent & Facilities,sample_gl
Budget,6010,2024-08-17,583.92,North,Rent & Facilities,sample_gl
Budget,6010,2024-08-19,195.64,North,Rent & Facilities,sample_gl
Budget,6010,2024-08-20,2712.14,North,Rent & Facilities,sample_gl
Budget,6010,2024-08-25,2503.75,North,Rent & Facilities,sample_gl
Budget,6010,2024-08-01,822.03,South,Rent & Facilities,sample_gl
Budget,6010,2024-08-04,1591.06,South,Rent & Facilities,sample_gl
Budget,6010,2024-08-09,571.12,South,Rent & Facilities,sample_gl
Budget,6010,2024-08-18,1000.57,South,Rent & Facilities,sample_gl
Budget,6010,2024-08-19,1449.54,South,Rent & Facilities,sample_gl
Budget,6010,2024-08-22,794.43,South,Rent & Facilities,sample_gl
Budget,6010,2024-08-29,1463.78,South,Rent & Facilities,sample_gl
Budget,6010,2024-08-31,2104.19,South,Rent & Facilities,sample_gl
Budget,6010,2024-08-05,423.5,West,Rent & Facilities,sample_gl
Budget,6010,2024-08-06,2060.85,West,Rent & Facilities,sample_gl
Budget,6010,2024-08-07,3141.31,West,Rent & Facilities,sample_gl
Budget,6010,2024-08-12,2609.3,West,Rent & Facilities,sample_gl
Budget,6010,2024-08-18,1418.38,West,Rent & Facilities,sample_gl
Budget,6010,2024-08-26,86.15,West,Rent & Facilities,sample_gl
Budget,6010,2024-08-26,2.41,West,Rent & Facilities,sample_gl
Budget,6010,2024-08-31,391.64,West,Rent & Facilities,sample_gl
Budget,6020,2024-08-01,1713.26,North,Marketing,sample_gl
Budget,6020,2024-08-02,307.09,North,Marketing,sample_gl
Budget,6020,2024-08-06,244.98,North,Marketing,sample_gl
Budget,6020,2024-08-09,3210.53,North,Marketing,sample_gl
Budget,6020,2024-08-16,1293.97,North,Marketing,sample_gl
Budget,6020,2024-08-20,14.13,North,Marketing,sample_gl
Budget,6020,2024-08-30,1262.7,North,Marketing,sample_gl
Budget,6020,2024-08-30,6.11,North,Marketing,sample_gl
Budget,6020,2024-08-03,1756.12,South,Marketing,sample_gl
Budget,6020,2024-08-03,2448.41,South,Marketing,sample_gl
Budget,6020,2024-08-06,1612.53,South,Marketing,sample_gl
Budget,6020,2024-08-10,221.92,South,Marketing,sample_gl
Budget,6020,2024-08-13,878.06,South,Marketing,sample_gl
Budget,6020,2024-08-18,397.96,South,Marketing,sample_gl
Budget,6020,2024-08-19,1003.97,South,Marketing,sample_gl
Budget,6020,2024-08-24,9.82,South,Marketing,sample_gl
Budget,6020,2024-08-09,264.59,West,Marketing,sample_gl
Budget,6020,2024-08-09,3834.35,West,Marketing,sample_gl
Budget,6020,2024-08-11,1595.08,West,Marketing,sample_gl
Budget,6020,2024-08-15,1969.56,West,Marketing,sample_gl
Budget,6020,2024-08-21,2328.65,West,Marketing,sample_gl
Budget,6020,2024-08-23,1538.91,West,Marketing,sample_gl
Budget,6020,2024-08-25,4853.1,West,Marketing,sample_gl
Budget,6020,2024-08-31,282.98,West,Marketing,sample_gl
Budget,6030,2024-08-01,1524.48,North,Software & Subscriptions,sample_gl
Budget,6030,2024-08-01,461.11,North,Software & Subscriptions,sample_gl
Budget,6030,2024-08-01,496.55,North,Software & Subscriptions,sample_gl
Budget,6030,2024-08-16,112.88,North,Software & Subscriptions,sample_gl
Budget,6030,2024-08-20,218.31,North,Software & Subscriptions,sample_gl
Budget,6030,2024-08-21,91.65,North,Software & Subscriptions,sample_gl
Budget,6030,2024-08-29,398.36,North,Software & Subscriptions,sample_gl
Budget,6030,2024-08-30,386.44,North,Software & Subscriptions,sample_gl
Budget,6030,2024-08-01,857.82,South,Software & Subscriptions,sample_gl
Budget,6030,2024-08-04,851.15,South,Software & Subscriptions,sample_gl
Budget,6030,2024-08-15,24.07,South,Software & Subscriptions,sample_gl
Budget,6030,2024-08-22,1641.53,South,Software & Subscriptions,sample_gl
Budget,6030,2024-08-22,343.42,South,Software & Subscriptions,sample_gl
Budget,6030,2024-08-27,216.97,South,Software & Subscriptions,sample_gl
Budget,6030,2024-08-27,71.1,South,Software & Subscriptions,sample_gl
Budget,6030,2024-08-29,835.29,South,Software & Subscriptions,sample_gl
Budget,6030,2024-08-01,94.64,West,Software & Subscriptions,sample_gl
Budget,6030,2024-08-01,335.78,West,Software & Subscriptions,sample_gl
Budget,6030,2024-08-04,629.39,West,Software & Subscriptions,sample_gl
Budget,6030,2024-08-07,285.21,West,Software & Subscriptions,sample_gl
Budget,6030,2024-08-12,366.89,West,Software & Subscriptions,sample_gl
Budget,6030,2024-08-15,1222.95,West,Software & Subscriptions,sample_gl
Budget,6030,2024-08-15,1473.33,West,Software & Subscriptions,sample_gl
Budget,6030,2024-08-30,376.05,West,Software & Subscriptions,sample_gl
Budget,6040,2024-08-02,17.58,North,Travel & Entertainment,sample_gl
Budget,6040,2024-08-08,255.78,North,Travel & Entertainment,sample_gl
Budget,6040,2024-08-09,409.99,North,Travel & Entertainment,sample_gl
Budget,6040,2024-08-12,809.83,North,Travel & Entertainment,sample_gl
Budget,6040,2024-08-16,79.85,North,Travel & Entertainment,sample_gl
Budget,6040,2024-08-16,161.66,North,Travel & Entertainment,sample_gl
Budget,6040,2024-08-29,690.42,North,Travel & Entertainment,sample_gl
Budget,6040,2024-08-31,38.77,North,Travel & Entertainment,sample_gl
Budget,6040,2024-08-06,743.93,South,Travel & Entertainment,sample_gl
Budget,6040,2024-08-07,280.79,South,Travel & Entertainment,sample_gl
Budget,6040,2024-08-16,2408.92,South,Travel & Entertainment,sample_gl
Budget,6040,2024-08-17,86.45,South,Travel & Entertainment,sample_gl
Budget,6040,2024-08-18,404.0,South,Travel & Entertainment,sample_gl
Budget,6040,2024-08-19,430.82,South,Travel & Entertainment,sample_gl
Budget,6040,2024-08-22,1095.13,South,Travel & Entertainment,sample_gl
Budget,6040,2024-08-24,387.85,South,Travel & Entertainment,sample_gl
Budget,6040,2024-08-01,10.65,West,Travel & Entertainment,sample_gl
Budget,6040,2024-08-07,2316.78,West,Travel & Entertainment,sample_gl
Budget,6040,2024-08-09,1020.87,West,Travel & Entertainment,sample_gl
Budget,6040,2024-08-22,319.56,West,Travel & Entertainment,sample_gl
Budget,6040,2024-08-23,25.26,West,Travel & Entertainment,sample_gl
Budget,6040,2024-08-24,16.05,West,Travel & Entertainment,sample_gl
Budget,6040,2024-08-26,1103.04,West,Travel & Entertainment,sample_gl
Budget,6040,2024-08-28,637.0,West,Travel & Entertainment,sample_gl
Budget,7000,2024-08-02,837.32,North,Interest Expense,sample_gl
Budget,7000,2024-08-11,184.53,North,Interest Expense,sample_gl
Budget,7000,2024-08-14,326.04,North,Interest Expense,sample_gl
Budget,7000,2024-08-14,391.96,North,Interest Expense,sample_gl
Budget,7000,2024-08-21,796.45,North,Interest Expense,sample_gl
Budget,7000,2024-08-28,294.02,North,Interest Expense,sample_gl
Budget,7000,2024-08-28,465.3,North,Interest Expense,sample_gl
Budget,7000,2024-08-31,433.29,North,Interest Expense,sample_gl
Budget,7000,2024-08-01,100.72,South,Interest Expense,sample_gl
Budget,7000,2024-08-03,194.78,South,Interest Expense,sample_gl
Budget,7000,2024-08-07,696.84,South,Interest Expense,sample_gl
Budget,7000,2024-08-11,690.06,South,Interest Expense,sample_gl
Budget,7000,2024-08-11,587.5,South,Interest Expense,sample_gl
Budget,7000,2024-08-13,657.47,South,Interest Expense,sample_gl
Budget,7000,2024-08-15,955.3,South,Interest Expense,sample_gl
Budget,7000,2024-08-29,86.95,South,Interest Expense,sample_gl
Budget,7000,2024-08-01,449.84,West,Interest Expense,sample_gl
Budget,7000,2024-08-03,594.7,West,Interest Expense,sample_gl
Budget,7000,2024-08-04,349.94,West,Interest Expense,sample_gl
Budget,7000,2024-08-06,607.61,West,Interest Expense,sample_gl
Budget,7000,2024-08-10,469.54,West,Interest Expense,sample_gl
Budget,7000,2024-08-11,140.85,West,Interest Expense,sample_gl
Budget,7000,2024-08-21,758.18,West,Interest Expense,sample_gl
Budget,7000,2024-08-21,800.64,West,Interest Expense,sample_gl
Budget,4000,2024-09-02,-16051.5,North,Product Revenue,sample_gl
Budget,4000,2024-09-03,-4891.69,North,Product Revenue,sample_gl
Budget,4000,2024-09-08,-52632.66,North,Product Revenue,sample_gl
Budget,4000,2024-09-11,-1329.93,North,Product Revenue,sample_gl
Budget,4000,2024-09-17,-25755.44,North,Product Revenue,sample_gl
Budget,4000,2024-09-25,-53143.81,North,Product Revenue,sample_gl
Budget,4000,2024-09-26,-9699.48,North,Product Revenue,sample_gl
Budget,4000,2024-09-27,-4274.06,North,Product Revenue,sample_gl
Budget,4000,2024-09-03,-9962.89,South,Product Revenue,sample_gl
Budget,4000,2024-09-05,-182.05,South,Product Revenue,sample_gl
Budget,4000,2024-09-11,-1129.65,South,Product Revenue,sample_gl
Budget,4000,2024-09-13,-7241.91,South,Product Revenue,sample_gl
Budget,4000,2024-09-23,-60009.83,South,Product Revenue,sample_gl
Budget,4000,2024-09-26,-32531.41,South,Product Revenue,sample_gl
Budget,4000,2024-09-28,-34849.68,South,Product Revenue,sample_gl
Budget,4000,2024-09-29,-35934.26,South,Product Revenue,sample_gl
Budget,4000,2024-09-04,-19991.94,West,Product Revenue,sample_gl
Budget,4000,2024-09-08,-64514.75,West,Product Revenue,sample_gl
Budget,4000,2024-09-13,-4995.23,West,Product Revenue,sample_gl
Budget,4000,2024-09-14,-2131.46,West,Product Revenue,sample_gl
Budget,4000,2024-09-20,-30794.21,West,Product Revenue,sample_gl
Budget,4000,2024-09-20,-749.6,West,Product Revenue,sample_gl
Budget,4000,2024-09-25,-32267.79,West,Product Revenue,sample_gl
Budget,4000,2024-09-28,-41951.79,West,Product Revenue,sample_gl
Budget,4010,2024-09-01,-3659.76,North,Service Revenue,sample_gl
Budget,4010,2024-09-11,-1904.27,North,Service Revenue,sample_gl
Budget,4010,2024-09-15,-4865.17,North,Service Revenue,sample_gl
Budget,4010,2024-09-17,-61.4,North,Service Revenue,sample_gl
Budget,4010,2024-09-19,-20567.7,North,Service Revenue,sample_gl
Budget,4010,2024-09-21,-1190.02,North,Service Revenue,sample_gl
Budget,4010,2024-09-22,-10524.56,North,Service Revenue,sample_gl
Budget,4010,2024-09-26,-11410.03,North,Service Revenue,sample_gl
Budget,4010,2024-09-05,-2822.81,South,Service Revenue,sample_gl
Budget,4010,2024-09-06,-11698.73,South,Service Revenue,sample_gl
Budget,4010,2024-09-08,-22.33,South,Service Revenue,sample_gl
Budget,4010,2024-09-14,-5794.89,South,Service Revenue,sample_gl
Budget,4010,2024-09-15,-14863.93,South,Service Revenue,sample_gl
Budget,4010,2024-09-16,-1990.34,South,Service Revenue,sample_gl
Budget,4010,2024-09-20,-7593.1,South,Service Revenue,sample_gl
Budget,4010,2024-09-24,-1878.66,South,Service Revenue,sample_gl
Budget,4010,2024-09-05,-372.59,West,Service Revenue,sample_gl
Budget,4010,2024-09-05,-2269.86,West,Service Revenue,sample_gl
Budget,4010,2024-09-10,-13165.86,West,Service Revenue,sample_gl
Budget,4010,2024-09-16,-1195.4,West,Service Revenue,sample_gl
Budget,4010,2024-09-18,-6374.85,West,Service Revenue,sample_gl
Budget,4010,2024-09-20,-3657.35,West,Service Revenue,sample_gl
Budget,4010,2024-09-25,-4234.93,West,Service Revenue,sample_gl
Budget,4010,2024-09-29,-14830.92,West,Service Revenue,sample_gl
Budget,5000,2024-09-07,5135.37,North,Cost of Goods Sold,sample_gl
Budget,5000,2024-09-07,9080.38,North,Cost of Goods Sold,sample_gl
Budget,5000,2024-09-07,20874.18,North,Cost of Goods Sold,sample_gl
Budget,5000,2024-09-12,624.82,North,Cost of Goods Sold,sample_gl
Budget,5000,2024-09-14,16224.76,North,Cost of Goods Sold,sample_gl
Budget,5000,2024-09-21,43.01,North,Cost of Goods Sold,sample_gl
Budget,5000,2024-09-26,11981.48,North,Cost of Goods Sold,sample_gl
Budget,5000,2024-09-30,11110.35,North,Cost of Goods Sold,sample_gl
Budget,5000,2024-09-04,194.04,South,Cost of Goods Sold,sample_gl
Budget,5000,2024-09-06,2020.44,South,Cost of Goods Sold,sample_gl
Budget,5000,2024-09-10,9301.18,South,Cost of Goods Sold,sample_gl
Budget,5000,2024-09-11,189.96,South,Cost of Goods Sold,sample_gl
Budget,5000,2024-09-11,380.46,South,Cost of Goods Sold,sample_gl
Budget,5000,2024-09-14,11758.26,South,Cost of Goods Sold,sample_gl
Budget,5000,2024-09-19,17576.89,South,Cost of Goods Sold,sample_gl
Budget,5000,2024-09-20,11064.43,South,Cost of Goods Sold,sample_gl
Budget,5000,2024-09-07,418.87,West,Cost of Goods Sold,sample_gl
Budget,5000,2024-09-11,197.23,West,Cost of Goods Sold,sample_gl
Budget,5000,2024-09-13,8252.97,West,Cost of Goods Sold,sample_gl
Budget,5000,2024-09-24,13420.8,West,Cost of Goods Sold,sample_gl
Budget,5000,2024-09-24,2642.37,West,Cost of Goods Sold,sample_gl
Budget,5000,2024-09-25,9615.02,West,Cost of Goods Sold,sample_gl
Budget,5000,2024-09-26,16902.86,West,Cost of Goods Sold,sample_gl
Budget,5000,2024-09-27,10831.8,West,Cost of Goods Sold,sample_gl
Budget,5010,2024-09-02,4346.03,North,Direct Labor,sample_gl
Budget,5010,2024-09-07,619.38,North,Direct Labor,sample_gl
Budget,5010,2024-09-12,494.29,North,Direct Labor,sample_gl
Budget,5010,2024-09-15,1073.61,North,Direct Labor,sample_gl
Budget,5010,2024-09-19,551.15,North,Direct Labor,sample_gl
Budget,5010,2024-09-21,14050.01,North,Direct Labor,sample_gl
Budget,5010,2024-09-25,3186.25,North,Direct Labor,sample_gl
Budget,5010,2024-09-30,615.7,North,Direct Labor,sample_gl
Budget,5010,2024-09-01,3667.49,South,Direct Labor,sample_gl
Budget,5010,2024-09-04,1950.58,South,Direct Labor,sample_gl
Budget,5010,2024-09-06,3424.38,South,Direct Labor,sample_gl
Budget,5010,2024-09-09,835.27,South,Direct Labor,sample_gl
Budget,5010,2024-09-22,2313.18,South,Direct Labor,sample_gl
Budget,5010,2024-09-27,5308.84,South,Direct Labor,sample_gl
Budget,5010,2024-09-27,6149.98,South,Direct Labor,sample_gl
Budget,5010,2024-09-30,3072.78,South,Direct Labor,sample_gl
Budget,5010,2024-09-06,1887.3,West,Direct Labor,sample_gl
Budget,5010,2024-09-12,2282.13,West,Direct Labor,sample_gl
Budget,5010,2024-09-14,1363.97,West,Direct Labor,sample_gl
Budget,5010,2024-09-17,5384.23,West,Direct Labor,sample_gl
Budget,5010,2024-09-20,12029.24,West,Direct Labor,sample_gl
Budget,5010,2024-09-22,2410.15,West,Direct Labor,sample_gl
Budget,5010,2024-09-26,1321.21,West,Direct Labor,sample_gl
Budget,5010,2024-09-29,2189.46,West,Direct Labor,sample_gl
Budget,6000,2024-09-02,4737.25,North,Salaries & Wages,sample_gl
Budget,6000,2024-09-07,828.2,North,Salaries & Wages,sample_gl
Budget,6000,2024-09-08,3693.82,North,Salaries & Wages,sample_gl
Budget,6000,2024-09-19,1232.53,North,Salaries & Wages,sample_gl
Budget,6000,2024-09-20,528.55,North,Salaries & Wages,sample_gl
Budget,6000,2024-09-21,12559.76,North,Salaries & Wages,sample_gl
Budget,6000,2024-09-25,8427.82,North,Salaries & Wages,sample_gl
Budget,6000,2024-09-30,5452.98,North,Salaries & Wages,sample_gl
Budget,6000,2024-09-03,2761.19,South,Salaries & Wages,sample_gl
Budget,6000,2024-09-07,17271.8,South,Salaries & Wages,sample_gl
Budget,6000,2024-09-16,1615.12,South,Salaries & Wages,sample_gl
Budget,6000,2024-09-17,23.18,South,Salaries & Wages,sample_gl
Budget,6000,2024-09-19,5784.86,South,Salaries & Wages,sample_gl
Budget,6000,2024-09-24,784.46,South,Salaries & Wages,sample_gl
Budget,6000,2024-09-26,3737.28,South,Salaries & Wages,sample_gl
Budget,6000,2024-09-29,10585.06,South,Salaries & Wages,sample_gl
Budget,6000,2024-09-11,7670.69,West,Salaries & Wages,sample_gl
Budget,6000,2024-09-12,9868.21,West,Salaries & Wages,sample_gl
Budget,6000,2024-09-16,3977.09,West,Salaries & Wages,sample_gl
Budget,6000,2024-09-16,2107.18,West,Salaries & Wages,sample_gl
Budget,6000,2024-09-17,430.61,West,Salaries & Wages,sample_gl
Budget,6000,2024-09-23,5215.76,West,Salaries & Wages,sample_gl
Budget,6000,2024-09-23,3859.79,West,Salaries & Wages,sample_gl
Budget,6000,2024-09-23,3891.45,West,Salaries & Wages,sample_gl
Budget,6010,2024-09-07,847.87,North,Rent & Facilities,sample_gl
Budget,6010,2024-09-08,724.74,North,Rent & Facilities,sample_gl
Budget,6010,2024-09-10,973.52,North,Rent & Facilities,sample_gl
Budget,6010,2024-09-13,405.32,North,Rent & Facilities,sample_gl
Budget,6010,2024-09-14,820.62,North,Rent & Facilities,sample_gl
Budget,6010,2024-09-15,3746.64,North,Rent & Facilities,sample_gl
Budget,6010,2024-09-28,908.39,North,Rent & Facilities,sample_gl
Budget,6010,2024-09-29,1576.2,North,Rent & Facilities,sample_gl
Budget,6010,2024-09-02,241.26,South,Rent & Facilities,sample_gl
Budget,6010,2024-09-11,2351.39,South,Rent & Facilities,sample_gl
Budget,6010,2024-09-14,72.18,South,Rent & Facilities,sample_gl
Budget,6010,2024-09-15,922.3,South,Rent & Facilities,sample_gl
Budget,6010,2024-09-15,634.38,South,Rent & Facilities,sample_gl
Budget,6010,2024-09-15,89.63,South,Rent & Facilities,sample_gl
Budget,6010,2024-09-17,545.17,South,Rent & Facilities,sample_gl
Budget,6010,2024-09-20,4904.27,South,Rent & Facilities,sample_gl
Budget,6010,2024-09-03,779.37,West,Rent & Facilities,sample_gl
Budget,6010,2024-09-03,403.14,West,Rent & Facilities,sample_gl
Budget,6010,2024-09-10,1088.43,West,Rent & Facilities,sample_gl
Budget,6010,2024-09-12,485.45,West,Rent & Facilities,sample_gl
Budget,6010,2024-09-17,835.74,West,Rent & Facilities,sample_gl
Budget,6010,2024-09-17,1852.61,West,Rent & Facilities,sample_gl
Budget,6010,2024-09-27,6.24,West,Rent & Facilities,sample_gl
Budget,6010,2024-09-29,4520.59,West,Rent & Facilities,sample_gl
Budget,6020,2024-09-09,1318.99,North,Marketing,sample_gl
Budget,6020,2024-09-09,504.93,North,Marketing,sample_gl
Budget,6020,2024-09-10,674.42,North,Marketing,sample_gl
Budget,6020,2024-09-22,2697.87,North,Marketing,sample_gl
Budget,6020,2024-09-24,582.73,North,Marketing,sample_gl
Budget,6020,2024-09-25,1072.98,North,Marketing,sample_gl
Budget,6020,2024-09-27,1328.07,North,Marketing,sample_gl
Budget,6020,2024-09-28,1387.26,North,Marketing,sample_gl
Budget,6020,2024-09-10,235.63,South,Marketing,sample_gl
Budget,6020,2024-09-10,12726.08,South,Marketing,sample_gl
Budget,6020,2024-09-12,2055.26,South,Marketing,sample_gl
Budget,6020,2024-09-13,1269.34,South,Marketing,sample_gl
Budget,6020,2024-09-13,864.09,South,Marketing,sample_gl
Budget,6020,2024-09-25,1704.66,South,Marketing,sample_gl
Budget,6020,2024-09-26,748.78,South,Marketing,sample_gl
Budget,6020,2024-09-27,212.54,South,Marketing,sample_gl
Budget,6020,2024-09-07,1241.66,West,Marketing,sample_gl
Budget,6020,2024-09-08,3683.87,West,Marketing,sample_gl
Budget,6020,2024-09-16,1274.3,West,Marketing,sample_gl
Budget,6020,2024-09-17,577.56,West,Marketing,sample_gl
Budget,6020,2024-09-18,4997.82,West,Marketing,sample_gl
Budget,6020,2024-09-19,454.06,West,Marketing,sample_gl
Budget,6020,2024-09-25,1389.9,West,Marketing,sample_gl
Budget,6020,2024-09-26,839.63,West,Marketing,sample_gl
Budget,6030,2024-09-01,841.78,North,Software & Subscriptions,sample_gl
Budget,6030,2024-09-07,1009.42,North,Software & Subscriptions,sample_gl
Budget,6030,2024-09-12,297.4,North,Software & Subscriptions,sample_gl
Budget,6030,2024-09-14,879.26,North,Software & Subscriptions,sample_gl
Budget,6030,2024-09-15,963.53,North,Software & Subscriptions,sample_gl
Budget,6030,2024-09-15,478.33,North,Software & Subscriptions,sample_gl
Budget,6030,2024-09-18,823.57,North,Software & Subscriptions,sample_gl
Budget,6030,2024-09-28,764.84,North,Software & Subscriptions,sample_gl
Budget,6030,2024-09-10,164.51,South,Software & Subscriptions,sample_gl
Budget,6030,2024-09-11,546.14,South,Software & Subscriptions,sample_gl
Budget,6030,2024-09-13,2188.36,South,Software & Subscriptions,sample_gl
Budget,6030,2024-09-18,3.13,South,Software & Subscriptions,sample_gl
Budget,6030,2024-09-23,95.84,South,Software & Subscriptions,sample_gl
Budget,6030,2024-09-25,1993.48,South,Software & Subscriptions,sample_gl
Budget,6030,2024-09-25,86.9,South,Software & Subscriptions,sample_gl
Budget,6030,2024-09-25,29.33,South,Software & Subscriptions,sample_gl
Budget,6030,2024-09-13,618.57,West,Software & Subscriptions,sample_gl
Budget,6030,2024-09-13,453.8,West,Software & Subscriptions,sample_gl
Budget,6030,2024-09-19,90.34,West,Software & Subscriptions,sample_gl
Budget,6030,2024-09-20,1061.51,West,Software & Subscriptions,sample_gl
Budget,6030,2024-09-20,346.75,West,Software & Subscriptions,sample_gl
Budget,6030,2024-09-26,472.33,West,Software & Subscriptions,sample_gl
Budget,6030,2024-09-28,199.42,West,Software & Subscriptions,sample_gl
Budget,6030,2024-09-30,2451.11,West,Software & Subscriptions,sample_gl
Budget,6040,2024-09-02,272.08,North,Travel & Entertainment,sample_gl
Budget,6040,2024-09-04,458.87,North,Travel & Entertainment,sample_gl
Budget,6040,2024-09-06,181.46,North,Travel & Entertainment,sample_gl
Budget,6040,2024-09-18,198.81,North,Travel & Entertainment,sample_gl
Budget,6040,2024-09-20,801.83,North,Travel & Entertainment,sample_gl
Budget,6040,2024-09-22,669.34,North,Travel & Entertainment,sample_gl
Budget,6040,2024-09-23,1187.99,North,Travel & Entertainment,sample_gl
Budget,6040,2024-09-27,144.89,North,Travel & Entertainment,sample_gl
Budget,6040,2024-09-01,198.07,South,Travel & Entertainment,sample_gl
Budget,6040,2024-09-02,120.92,South,Travel & Entertainment,sample_gl
Budget,6040,2024-09-03,133.34,South,Travel & Entertainment,sample_gl
Budget,6040,2024-09-06,731.13,South,Travel & Entertainment,sample_gl
Budget,6040,2024-09-11,194.11,South,Travel & Entertainment,sample_gl
Budget,6040,2024-09-12,167.65,South,Travel & Entertainment,sample_gl
Budget,6040,2024-09-15,931.11,South,Travel & Entertainment,sample_gl
Budget,6040,2024-09-17,404.1,South,Travel & Entertainment,sample_gl
Budget,6040,2024-09-05,1801.66,West,Travel & Entertainment,sample_gl
Budget,6040,2024-09-07,1303.88,West,Travel & Entertainment,sample_gl
Budget,6040,2024-09-10,181.15,West,Travel & Entertainment,sample_gl
Budget,6040,2024-09-14,556.1,West,Travel & Entertainment,sample_gl
Budget,6040,2024-09-22,106.08,West,Travel & Entertainment,sample_gl
Budget,6040,2024-09-23,530.65,West,Travel & Entertainment,sample_gl
Budget,6040,2024-09-27,1663.5,West,Travel & Entertainment,sample_gl
Budget,6040,2024-09-28,397.99,West,Travel & Entertainment,sample_gl
Budget,7000,2024-09-01,152.71,North,Interest Expense,sample_gl
Budget,7000,2024-09-03,203.23,North,Interest Expense,sample_gl
Budget,7000,2024-09-05,608.47,North,Interest Expense,sample_gl
Budget,7000,2024-09-13,320.58,North,Interest Expense,sample_gl
Budget,7000,2024-09-15,522.77,North,Interest Expense,sample_gl
Budget,7000,2024-09-20,110.42,North,Interest Expense,sample_gl
Budget,7000,2024-09-26,305.8,North,Interest Expense,sample_gl
Budget,7000,2024-09-27,1683.03,North,Interest Expense,sample_gl
Budget,7000,2024-09-10,677.63,South,Interest Expense,sample_gl
Budget,7000,2024-09-12,773.89,South,Interest Expense,sample_gl
Budget,7000,2024-09-13,114.67,South,Interest Expense,sample_gl
Budget,7000,2024-09-20,64.24,South,Interest Expense,sample_gl
Budget,7000,2024-09-23,700.58,South,Interest Expense,sample_gl
Budget,7000,2024-09-23,776.17,South,Interest Expense,sample_gl
Budget,7000,2024-09-26,99.67,South,Interest Expense,sample_gl
Budget,7000,2024-09-27,566.61,South,Interest Expense,sample_gl
Budget,7000,2024-09-02,887.58,West,Interest Expense,sample_gl
Budget,7000,2024-09-04,126.2,West,Interest Expense,sample_gl
Budget,7000,2024-09-06,67.07,West,Interest Expense,sample_gl
Budget,7000,2024-09-13,1244.91,West,Interest Expense,sample_gl
Budget,7000,2024-09-19,259.06,West,Interest Expense,sample_gl
Budget,7000,2024-09-22,638.74,West,Interest Expense,sample_gl
Budget,7000,2024-09-23,169.44,West,Interest Expense,sample_gl
Budget,7000,2024-09-23,309.95,West,Interest Expense,sample_gl
Budget,4000,2024-10-03,-17325.7,North,Product Revenue,sample_gl
Budget,4000,2024-10-04,-24293.46,North,Product Revenue,sample_gl
Budget,4000,2024-10-12,-12060.37,North,Product Revenue,sample_gl
Budget,4000,2024-10-14,-20569.11,North,Product Revenue,sample_gl
Budget,4000,2024-10-16,-1849.32,North,Product Revenue,sample_gl
Budget,4000,2024-10-18,-7227.85,North,Product Revenue,sample_gl
Budget,4000,2024-10-25,-42888.3,North,Product Revenue,sample_gl
Budget,4000,2024-10-25,-38440.39,North,Product Revenue,sample_gl
Budget,4000,2024-10-03,-1666.18,South,Product Revenue,sample_gl
Budget,4000,2024-10-11,-16129.83,South,Product Revenue,sample_gl
Budget,4000,2024-10-13,-32963.69,South,Product Revenue,sample_gl
Budget,4000,2024-10-15,-10794.66,South,Product Revenue,sample_gl
Budget,4000,2024-10-21,-54200.39,South,Product Revenue,sample_gl
Budget,4000,2024-10-22,-17040.77,South,Product Revenue,sample_gl
Budget,4000,2024-10-23,-9522.2,South,Product Revenue,sample_gl
Budget,4000,2024-10-24,-12858.36,South,Product Revenue,sample_gl
Budget,4000,2024-10-03,-3008.14,West,Product Revenue,sample_gl
Budget,4000,2024-10-03,-13728.33,West,Product Revenue,sample_gl
Budget,4000,2024-10-08,-6617.09,West,Product Revenue,sample_gl
Budget,4000,2024-10-15,-5050.71,West,Product Revenue,sample_gl
Budget,4000,2024-10-18,-20572.87,West,Product Revenue,sample_gl
Budget,4000,2024-10-22,-87629.64,West,Product Revenue,sample_gl
Budget,4000,2024-10-23,-3519.27,West,Product Revenue,sample_gl
Budget,4000,2024-10-31,-26380.95,West,Product Revenue,sample_gl
Budget,4010,2024-10-01,-1457.8,North,Service Revenue,sample_gl
Budget,4010,2024-10-03,-5038.59,North,Service Revenue,sample_gl
Budget,4010,2024-10-06,-2652.37,North,Service Revenue,sample_gl
Budget,4010,2024-10-13,-21.41,North,Service Revenue,sample_gl
Budget,4010,2024-10-18,-5985.05,North,Service Revenue,sample_gl
Budget,4010,2024-10-22,-13414.5,North,Service Revenue,sample_gl
Budget,4010,2024-10-24,-98.99,North,Service Revenue,sample_gl
Budget,4010,2024-10-25,-13654.04,North,Service Revenue,sample_gl
Budget,4010,2024-10-04,-213.85,South,Service Revenue,sample_gl
Budget,4010,2024-10-17,-2188.51,South,Service Revenue,sample_gl
Budget,4010,2024-10-21,-11729.13,South,Service Revenue,sample_gl
Budget,4010,2024-10-22,-3771.8,South,Service Revenue,sample_gl
Budget,4010,2024-10-22,-17256.01,South,Service Revenue,sample_gl
Budget,4010,2024-10-23,-242.71,South,Service Revenue,sample_gl
Budget,4010,2024-10-26,-7168.81,South,Service Revenue,sample_gl
Budget,4010,2024-10-29,-3262.38,South,Service Revenue,sample_gl
Budget,4010,2024-10-01,-7304.89,West,Service Revenue,sample_gl
Budget,4010,2024-10-01,-1080.27,West,Service Revenue,sample_gl
Budget,4010,2024-10-03,-4430.74,West,Service Revenue,sample_gl
Budget,4010,2024-10-07,-12615.03,West,Service Revenue,sample_gl
Budget,4010,2024-10-08,-4865.11,West,Service Revenue,sample_gl
Budget,4010,2024-10-12,-3245.14,West,Service Revenue,sample_gl
Budget,4010,2024-10-14,-4067.91,West,Service Revenue,sample_gl
Budget,4010,2024-10-30,-407.13,West,Service Revenue,sample_gl
Budget,5000,2024-10-02,8349.14,North,Cost of Goods Sold,sample_gl
Budget,5000,2024-10-04,4751.08,North,Cost of Goods Sold,sample_gl
Budget,5000,2024-10-06,1214.44,North,Cost of Goods Sold,sample_gl
Budget,5000,2024-10-11,460.34,North,Cost of Goods Sold,sample_gl
Budget,5000,2024-10-11,22663.76,North,Cost of Goods Sold,sample_gl
Budget,5000,2024-10-14,1406.55,North,Cost of Goods Sold,sample_gl
Budget,5000,2024-10-17,26046.61,North,Cost of Goods Sold,sample_gl
Budget,5000,2024-10-27,4221.21,North,Cost of Goods Sold,sample_gl
Budget,5000,2024-10-01,4109.27,South,Cost of Goods Sold,sample_gl
Budget,5000,2024-10-01,81.85,South,Cost of Goods Sold,sample_gl
Budget,5000,2024-10-06,18776.5,South,Cost of Goods Sold,sample_gl
Budget,5000,2024-10-11,1257.79,South,Cost of Goods Sold,sample_gl
Budget,5000,2024-10-11,4331.67,South,Cost of Goods Sold,sample_gl
Budget,5000,2024-10-12,11899.56,South,Cost of Goods Sold,sample_gl
Budget,5000,2024-10-13,10279.34,South,Cost of Goods Sold,sample_gl
Budget,5000,2024-10-21,11510.27,South,Cost of Goods Sold,sample_gl
Budget,5000,2024-10-04,6447.58,West,Cost of Goods Sold,sample_gl
Budget,5000,2024-10-16,10697.51,West,Cost of Goods Sold,sample_gl
Budget,5000,2024-10-18,4927.94,West,Cost of Goods Sold,sample_gl
Budget,5000,2024-10-20,4369.71,West,Cost of Goods Sold,sample_gl
Budget,5000,2024-10-23,12292.93,West,Cost of Goods Sold,sample_gl
Budget,5000,2024-10-26,4196.7,West,Cost of Goods Sold,sample_gl
Budget,5000,2024-10-28,19985.54,West,Cost of Goods Sold,sample_gl
Budget,5000,2024-10-30,5134.31,West,Cost of Goods Sold,sample_gl
Budget,5010,2024-10-05,519.51,North,Direct Labor,sample_gl
Budget,5010,2024-10-06,1467.8,North,Direct Labor,sample_gl
Budget,5010,2024-10-11,11226.73,North,Direct Labor,sample_gl
Budget,5010,2024-10-21,6401.06,North,Direct Labor,sample_gl
Budget,5010,2024-10-23,625.64,North,Direct Labor,sample_gl
Budget,5010,2024-10-25,6607.68,North,Direct Labor,sample_gl
Budget,5010,2024-10-25,1940.35,North,Direct Labor,sample_gl
Budget,5010,2024-10-29,646.95,North,Direct Labor,sample_gl
Budget,5010,2024-10-01,1270.03,South,Direct Labor,sample_gl
Budget,5010,2024-10-01,5275.81,South,Direct Labor,sample_gl
Budget,5010,2024-10-08,1391.94,South,Direct Labor,sample_gl
Budget,5010,2024-10-17,5197.76,South,Direct Labor,sample_gl
Budget,5010,2024-10-19,2504.05,South,Direct Labor,sample_gl
Budget,5010,2024-10-20,409.74,South,Direct Labor,sample_gl
Budget,5010,2024-10-23,2957.32,South,Direct Labor,sample_gl
Budget,5010,2024-10-25,2187.69,South,Direct Labor,sample_gl
Budget,5010,2024-10-02,7311.09,West,Direct Labor,sample_gl
Budget,5010,2024-10-05,1329.16,West,Direct Labor,sample_gl
Budget,5010,2024-10-07,7081.32,West,Direct Labor,sample_gl
Budget,5010,2024-10-07,1196.76,West,Direct Labor,sample_gl
Budget,5010,2024-10-08,2514.44,West,Direct Labor,sample_gl
Budget,5010,2024-10-10,4840.83,West,Direct Labor,sample_gl
Budget,5010,2024-10-13,590.6,West,Direct Labor,sample_gl
Budget,5010,2024-10-21,1422.74,West,Direct Labor,sample_gl
Budget,6000,2024-10-01,2174.48,North,Salaries & Wages,sample_gl
Budget,6000,2024-10-08,6102.08,North,Salaries & Wages,sample_gl
Budget,6000,2024-10-10,5505.62,North,Salaries & Wages,sample_gl
Budget,6000,2024-10-14,15688.94,North,Salaries & Wages,sample_gl
Budget,6000,2024-10-21,2757.76,North,Salaries & Wages,sample_gl
Budget,6000,2024-10-25,4673.83,North,Salaries & Wages,sample_gl
Budget,6000,2024-10-27,2842.99,North,Salaries & Wages,sample_gl
Budget,6000,2024-10-28,467.43,North,Salaries & Wages,sample_gl
Budget,6000,2024-10-08,1916.08,South,Salaries & Wages,sample_gl
Budget,6000,2024-10-11,460.02,South,Salaries & Wages,sample_gl
Budget,6000,2024-10-13,4373.26,South,Salaries & Wages,sample_gl
Budget,6000,2024-10-17,11329.38,South,Salaries & Wages,sample_gl
Budget,6000,2024-10-20,5079.71,South,Salaries & Wages,sample_gl
Budget,6000,2024-10-23,11909.71,South,Salaries & Wages,sample_gl
Budget,6000,2024-10-24,1410.26,South,Salaries & Wages,sample_gl
Budget,6000,2024-10-28,293.71,South,Salaries & Wages,sample_gl
Budget,6000,2024-10-06,6776.28,West,Salaries & Wages,sample_gl
Budget,6000,2024-10-07,1377.78,West,Salaries & Wages,sample_gl
Budget,6000,2024-10-08,9348.84,West,Salaries & Wages,sample_gl
Budget,6000,2024-10-18,91.76,West,Salaries & Wages,sample_gl
Budget,6000,2024-10-19,1685.6,West,Salaries & Wages,sample_gl
Budget,6000,2024-10-26,1665.61,West,Salaries & Wages,sample_gl
Budget,6000,2024-10-27,4062.93,West,Salaries & Wages,sample_gl
Budget,6000,2024-10-30,16269.99,West,Salaries & Wages,sample_gl
Budget,6010,2024-10-07,3572.34,North,Rent & Facilities,sample_gl
Budget,6010,2024-10-09,180.17,North,Rent & Facilities,sample_gl
Budget,6010,2024-10-10,446.86,North,Rent & Facilities,sample_gl
Budget,6010,2024-10-10,477.03,North,Rent & Facilities,sample_gl
Budget,6010,2024-10-15,103.89,North,Rent & Facilities,sample_gl
Budget,6010,2024-10-19,3787.65,North,Rent & Facilities,sample_gl
Budget,6010,2024-10-21,880.09,North,Rent & Facilities,sample_gl
Budget,6010,2024-10-31,486.67,North,Rent & Facilities,sample_gl
Budget,6010,2024-10-01,809.47,South,Rent & Facilities,sample_gl
Budget,6010,2024-10-05,899.27,South,Rent & Facilities,sample_gl
Budget,6010,2024-10-13,1211.12,South,Rent & Facilities,sample_gl
Budget,6010,2024-10-16,1236.73,South,Rent & Facilities,sample_gl
Budget,6010,2024-10-25,1067.85,South,Rent & Facilities,sample_gl
Budget,6010,2024-10-26,152.25,South,Rent & Facilities,sample_gl
Budget,6010,2024-10-27,3438.93,South,Rent & Facilities,sample_gl
Budget,6010,2024-10-31,909.74,South,Rent & Facilities,sample_gl
Budget,6010,2024-10-10,40.86,West,Rent & Facilities,sample_gl
Budget,6010,2024-10-10,1872.17,West,Rent & Facilities,sample_gl
Budget,6010,2024-10-13,1344.18,West,Rent & Facilities,sample_gl
Budget,6010,2024-10-13,1442.82,West,Rent & Facilities,sample_gl
Budget,6010,2024-10-15,2287.43,West,Rent & Facilities,sample_gl
Budget,6010,2024-10-15,1434.82,West,Rent & Facilities,sample_gl
Budget,6010,2024-10-18,532.49,West,Rent & Facilities,sample_gl
Budget,6010,2024-10-20,819.77,West,Rent & Facilities,sample_gl
Budget,6020,2024-10-12,494.56,North,Marketing,sample_gl
Budget,6020,2024-10-13,4407.22,North,Marketing,sample_gl
Budget,6020,2024-10-13,305.21,North,Marketing,sample_gl
Budget,6020,2024-10-13,1028.74,North,Marketing,sample_gl
Budget,6020,2024-10-14,1257.94,North,Marketing,sample_gl
Budget,6020,2024-10-24,671.78,North,Marketing,sample_gl
Budget,6020,2024-10-30,3573.61,North,Marketing,sample_gl
Budget,6020,2024-10-31,998.59,North,Marketing,sample_gl
Budget,6020,2024-10-06,4167.23,South,Marketing,sample_gl
Budget,6020,2024-10-07,178.98,South,Marketing,sample_gl
Budget,6020,2024-10-09,1205.07,South,Marketing,sample_gl
Budget,6020,2024-10-14,320.53,South,Marketing,sample_gl
Budget,6020,2024-10-19,67.94,South,Marketing,sample_gl
Budget,6020,2024-10-25,219.95,South,Marketing,sample_gl
Budget,6020,2024-10-25,1627.59,South,Marketing,sample_gl
Budget,6020,2024-10-31,741.25,South,Marketing,sample_gl
Budget,6020,2024-10-02,5247.42,West,Marketing,sample_gl
Budget,6020,2024-10-08,145.33,West,Marketing,sample_gl
Budget,6020,2024-10-12,4006.22,West,Marketing,sample_gl
Budget,6020,2024-10-16,3917.96,West,Marketing,sample_gl
Budget,6020,2024-10-21,641.61,West,Marketing,sample_gl
Budget,6020,2024-10-23,95.77,West,Marketing,sample_gl
Budget,6020,2024-10-27,338.53,West,Marketing,sample_gl
Budget,6020,2024-10-30,6242.9,West,Marketing,sample_gl
Budget,6030,2024-10-01,1795.68,North,Software & Subscriptions,sample_gl
Budget,6030,2024-10-04,545.79,North,Software & Subscriptions,sample_gl
Budget,6030,2024-10-06,305.36,North,Software & Subscriptions,sample_gl
Budget,6030,2024-10-19,262.97,North,Software & Subscriptions,sample_gl
Budget,6030,2024-10-20,571.55,North,Software & Subscriptions,sample_gl
Budget,6030,2024-10-22,587.13,North,Software & Subscriptions,sample_gl
Budget,6030,2024-10-27,71.74,North,Software & Subscriptions,sample_gl
Budget,6030,2024-10-31,375.32,North,Software & Subscriptions,sample_gl
Budget,6030,2024-10-09,467.67,South,Software & Subscriptions,sample_gl
Budget,6030,2024-10-10,1152.97,South,Software & Subscriptions,sample_gl
Budget,6030,2024-10-14,393.66,South,Software & Subscriptions,sample_gl
Budget,6030,2024-10-17,151.66,South,Software & Subscriptions,sample_gl
Budget,6030,2024-10-18,1299.1,South,Software & Subscriptions,sample_gl
Budget,6030,2024-10-23,363.96,South,Software & Subscriptions,sample_gl
Budget,6030,2024-10-27,782.74,South,Software & Subscriptions,sample_gl
Budget,6030,2024-10-31,650.4,South,Software & Subscriptions,sample_gl
Budget,6030,2024-10-05,8.92,West,Software & Subscriptions,sample_gl
Budget,6030,2024-10-09,1731.26,West,Software & Subscriptions,sample_gl
Budget,6030,2024-10-12,507.59,West,Software & Subscriptions,sample_gl
Budget,6030,2024-10-19,1981.12,West,Software & Subscriptions,sample_gl
Budget,6030,2024-10-21,382.14,West,Software & Subscriptions,sample_gl
Budget,6030,2024-10-25,641.78,West,Software & Subscriptions,sample_gl
Budget,6030,2024-10-26,321.99,West,Software & Subscriptions,sample_gl
Budget,6030,2024-10-27,73.28,West,Software & Subscriptions,sample_gl
Budget,6040,2024-10-06,1030.51,North,Travel & Entertainment,sample_gl
Budget,6040,2024-10-06,90.81,North,Travel & Entertainment,sample_gl
Budget,6040,2024-10-10,1000.2,North,Travel & Entertainment,sample_gl
Budget,6040,2024-10-14,430.41,North,Travel & Entertainment,sample_gl
Budget,6040,2024-10-14,1434.84,North,Travel & Entertainment,sample_gl
Budget,6040,2024-10-17,624.72,North,Travel & Entertainment,sample_gl
Budget,6040,2024-10-21,759.43,North,Travel & Entertainment,sample_gl
Budget,6040,2024-10-24,291.72,North,Travel & Entertainment,sample_gl
Budget,6040,2024-10-02,735.37,South,Travel & Entertainment,sample_gl
Budget,6040,2024-10-06,412.67,South,Travel & Entertainment,sample_gl
Budget,6040,2024-10-06,661.51,South,Travel & Entertainment,sample_gl
Budget,6040,2024-10-07,954.5,South,Travel & Entertainment,sample_gl
Budget,6040,2024-10-07,10.69,South,Travel & Entertainment,sample_gl
Budget,6040,2024-10-24,1069.13,South,Travel & Entertainment,sample_gl
Budget,6040,2024-10-25,150.11,South,Travel & Entertainment,sample_gl
Budget,6040,2024-10-26,432.6,South,Travel & Entertainment,sample_gl
Budget,6040,2024-10-01,20.95,West,Travel & Entertainment,sample_gl
Budget,6040,2024-10-03,156.04,West,Travel & Entertainment,sample_gl
Budget,6040,2024-10-08,115.24,West,Travel & Entertainment,sample_gl
Budget,6040,2024-10-09,1396.17,West,Travel & Entertainment,sample_gl
Budget,6040,2024-10-11,261.93,West,Travel & Entertainment,sample_gl
Budget,6040,2024-10-16,228.99,West,Travel & Entertainment,sample_gl
Budget,6040,2024-10-16,683.6,West,Travel & Entertainment,sample_gl
Budget,6040,2024-10-19,35.89,West,Travel & Entertainment,sample_gl
Budget,7000,2024-10-01,1400.84,North,Interest Expense,sample_gl
Budget,7000,2024-10-04,140.3,North,Interest Expense,sample_gl
Budget,7000,2024-10-07,243.85,North,Interest Expense,sample_gl
Budget,7000,2024-10-13,181.96,North,Interest Expense,sample_gl
Budget,7000,2024-10-17,1197.6,North,Interest Expense,sample_gl
Budget,7000,2024-10-17,709.77,North,Interest Expense,sample_gl
Budget,7000,2024-10-20,227.64,North,Interest Expense,sample_gl
Budget,7000,2024-10-26,54.46,North,Interest Expense,sample_gl
Budget,7000,2024-10-08,257.45,South,Interest Expense,sample_gl
Budget,7000,2024-10-12,193.11,South,Interest Expense,sample_gl
Budget,7000,2024-10-13,1034.81,South,Interest Expense,sample_gl
Budget,7000,2024-10-13,115.92,South,Interest Expense,sample_gl
Budget,7000,2024-10-20,453.77,South,Interest Expense,sample_gl
Budget,7000,2024-10-22,1085.68,South,Interest Expense,sample_gl
Budget,7000,2024-10-27,121.04,South,Interest Expense,sample_gl
Budget,7000,2024-10-31,1235.86,South,Interest Expense,sample_gl
Budget,7000,2024-10-01,1003.04,West,Interest Expense,sample_gl
Budget,7000,2024-10-04,319.3,West,Interest Expense,sample_gl
Budget,7000,2024-10-05,383.21,West,Interest Expense,sample_gl
Budget,7000,2024-10-17,513.79,West,Interest Expense,sample_gl
Budget,7000,2024-10-20,145.45,West,Interest Expense,sample_gl
Budget,7000,2024-10-28,144.96,West,Interest Expense,sample_gl
Budget,7000,2024-10-29,415.57,West,Interest Expense,sample_gl
Budget,7000,2024-10-30,663.8,West,Interest Expense,sample_gl
Budget,4000,2024-11-01,-36779.69,North,Product Revenue,sample_gl
Budget,4000,2024-11-02,-39522.72,North,Product Revenue,sample_gl
Budget,4000,2024-11-11,-30454.64,North,Product Revenue,sample_gl
Budget,4000,2024-11-12,-9115.23,North,Product Revenue,sample_gl
Budget,4000,2024-11-21,-534.09,North,Product Revenue,sample_gl
Budget,4000,2024-11-21,-8622.67,North,Product Revenue,sample_gl
Budget,4000,2024-11-27,-27658.5,North,Product Revenue,sample_gl
Budget,4000,2024-11-28,-4787.63,North,Product Revenue,sample_gl
Budget,4000,2024-11-12,-24659.5,South,Product Revenue,sample_gl
Budget,4000,2024-11-14,-8942.42,South,Product Revenue,sample_gl
Budget,4000,2024-11-16,-17015.85,South,Product Revenue,sample_gl
Budget,4000,2024-11-22,-38961.38,South,Product Revenue,sample_gl
Budget,4000,2024-11-23,-8929.11,South,Product Revenue,sample_gl
Budget,4000,2024-11-28,-27970.77,South,Product Revenue,sample_gl
Budget,4000,2024-11-30,-29441.76,South,Product Revenue,sample_gl
Budget,4000,2024-11-30,-16328.78,South,Product Revenue,sample_gl
Budget,4000,2024-11-03,-43548.71,West,Product Revenue,sample_gl
Budget,4000,2024-11-05,-39985.99,West,Product Revenue,sample_gl
Budget,4000,2024-11-10,-2749.67,West,Product Revenue,sample_gl
Budget,4000,2024-11-16,-10468.5,West,Product Revenue,sample_gl
Budget,4000,2024-11-18,-63660.01,West,Product Revenue,sample_gl
Budget,4000,2024-11-22,-10494.14,West,Product Revenue,sample_gl
Budget,4000,2024-11-26,-5756.55,West,Product Revenue,sample_gl
Budget,4000,2024-11-27,-2287.06,West,Product Revenue,sample_gl
Budget,4010,2024-11-03,-1280.25,North,Service Revenue,sample_gl
Budget,4010,2024-11-04,-11002.64,North,Service Revenue,sample_gl
Budget,4010,2024-11-06,-2021.59,North,Service Revenue,sample_gl
Budget,4010,2024-11-14,-2496.77,North,Service Revenue,sample_gl
Budget,4010,2024-11-22,-12374.24,North,Service Revenue,sample_gl
Budget,4010,2024-11-23,-2332.62,North,Service Revenue,sample_gl
Budget,4010,2024-11-23,-9192.89,North,Service Revenue,sample_gl
Budget,4010,2024-11-25,-3110.46,North,Service Revenue,sample_gl
Budget,4010,2024-11-03,-3846.24,South,Service Revenue,sample_gl
Budget,4010,2024-11-05,-9465.22,South,Service Revenue,sample_gl
Budget,4010,2024-11-16,-6482.76,South,Service Revenue,sample_gl
Budget,4010,2024-11-18,-620.03,South,Service Revenue,sample_gl
Budget,4010,2024-11-21,-13843.19,South,Service Revenue,sample_gl
Budget,4010,2024-11-22,-13059.4,South,Service Revenue,sample_gl
Budget,4010,2024-11-24,-7631.4,South,Service Revenue,sample_gl
Budget,4010,2024-11-30,-4529.37,South,Service Revenue,sample_gl
Budget,4010,2024-11-13,-5237.12,West,Service Revenue,sample_gl
Budget,4010,2024-11-21,-5735.64,West,Service Revenue,sample_gl
Budget,4010,2024-11-21,-1209.64,West,Service Revenue,sample_gl
Budget,4010,2024-11-23,-1499.09,West,Service Revenue,sample_gl
Budget,4010,2024-11-24,-6864.14,West,Service Revenue,sample_gl
Budget,4010,2024-11-24,-16368.32,West,Service Revenue,sample_gl
Budget,4010,2024-11-24,-8518.29,West,Service Revenue,sample_gl
Budget,4010,2024-11-30,-1586.99,West,Service Revenue,sample_gl
Budget,5000,2024-11-04,101.84,North,Cost of Goods Sold,sample_gl
Budget,5000,2024-11-05,3652.84,North,Cost of Goods Sold,sample_gl
Budget,5000,2024-11-07,28741.39,North,Cost of Goods Sold,sample_gl
Budget,5000,2024-11-11,2506.59,North,Cost of Goods Sold,sample_gl
Budget,5000,2024-11-12,16393.66,North,Cost of Goods Sold,sample_gl
Budget,5000,2024-11-19,6488.86,North,Cost of Goods Sold,sample_gl
Budget,5000,2024-11-24,1564.18,North,Cost of Goods Sold,sample_gl
Budget,5000,2024-11-28,1222.57,North,Cost of Goods Sold,sample_gl
Budget,5000,2024-11-05,11009.09,South,Cost of Goods Sold,sample_gl
Budget,5000,2024-11-11,5891.83,South,Cost of Goods Sold,sample_gl
Budget,5000,2024-11-12,13175.14,South,Cost of Goods Sold,sample_gl
Budget,5000,2024-11-22,4967.41,South,Cost of Goods Sold,sample_gl
Budget,5000,2024-11-25,4500.13,South,Cost of Goods Sold,sample_gl
Budget,5000,2024-11-26,1410.67,South,Cost of Goods Sold,sample_gl
Budget,5000,2024-11-26,4817.85,South,Cost of Goods Sold,sample_gl
Budget,5000,2024-11-30,30309.62,South,Cost of Goods Sold,sample_gl
Budget,5000,2024-11-05,10066.5,West,Cost of Goods Sold,sample_gl
Budget,5000,2024-11-05,15118.62,West,Cost of Goods Sold,sample_gl
Budget,5000,2024-11-10,23643.93,West,Cost of Goods Sold,sample_gl
Budget,5000,2024-11-15,5419.59,West,Cost of Goods Sold,sample_gl
Budget,5000,2024-11-16,3066.99,West,Cost of Goods Sold,sample_gl
Budget,5000,2024-11-20,8016.82,West,Cost of Goods Sold,sample_gl
Budget,5000,2024-11-22,15413.44,West,Cost of Goods Sold,sample_gl
Budget,5000,2024-11-24,788.02,West,Cost of Goods Sold,sample_gl
Budget,5010,2024-11-07,1437.15,North,Direct Labor,sample_gl
Budget,5010,2024-11-16,2294.3,North,Direct Labor,sample_gl
Budget,5010,2024-11-16,3391.56,North,Direct Labor,sample_gl
Budget,5010,2024-11-19,10391.99,North,Direct Labor,sample_gl
Budget,5010,2024-11-21,2283.41,North,Direct Labor,sample_gl
Budget,5010,2024-11-23,925.15,North,Direct Labor,sample_gl
Budget,5010,2024-11-27,2893.87,North,Direct Labor,sample_gl
Budget,5010,2024-11-28,818.72,North,Direct Labor,sample_gl
Budget,5010,2024-11-02,622.13,South,Direct Labor,sample_gl
Budget,5010,2024-11-06,3970.26,South,Direct Labor,sample_gl
Budget,5010,2024-11-16,4036.07,South,Direct Labor,sample_gl
Budget,5010,2024-11-24,2688.16,South,Direct Labor,sample_gl
Budget,5010,2024-11-25,9667.22,South,Direct Labor,sample_gl
Budget,5010,2024-11-28,2527.56,South,Direct Labor,sample_gl
Budget,5010,2024-11-28,2808.75,South,Direct Labor,sample_gl
Budget,5010,2024-11-30,2527.76,South,Direct Labor,sample_gl
Budget,5010,2024-11-03,3365.92,West,Direct Labor,sample_gl
Budget,5010,2024-11-12,1650.59,West,Direct Labor,sample_gl
Budget,5010,2024-11-13,2261.44,West,Direct Labor,sample_gl
Budget,5010,2024-11-13,2847.32,West,Direct Labor,sample_gl
Budget,5010,2024-11-14,3447.46,West,Direct Labor,sample_gl
Budget,5010,2024-11-16,4333.55,West,Direct Labor,sample_gl
Budget,5010,2024-11-22,4110.97,West,Direct Labor,sample_gl
Budget,5010,2024-11-25,3696.26,West,Direct Labor,sample_gl
Budget,6000,2024-11-02,5509.32,North,Salaries & Wages,sample_gl
Budget,6000,2024-11-10,290.84,North,Salaries & Wages,sample_gl
Budget,6000,2024-11-15,755.81,North,Salaries & Wages,sample_gl
Budget,6000,2024-11-21,2180.4,North,Salaries & Wages,sample_gl
Budget,6000,2024-11-23,2921.45,North,Salaries & Wages,sample_gl
Budget,6000,2024-11-26,16215.22,North,Salaries & Wages,sample_gl
Budget,6000,2024-11-28,2099.7,North,Salaries & Wages,sample_gl
Budget,6000,2024-11-30,10077.29,North,Salaries & Wages,sample_gl
Budget,6000,2024-11-01,5385.53,South,Salaries & Wages,sample_gl
Budget,6000,2024-11-04,10198.04,South,Salaries & Wages,sample_gl
Budget,6000,2024-11-12,9165.53,South,Salaries & Wages,sample_gl
Budget,6000,2024-11-19,5959.7,South,Salaries & Wages,sample_gl
Budget,6000,2024-11-21,3076.69,South,Salaries & Wages,sample_gl
Budget,6000,2024-11-24,890.73,South,Salaries & Wages,sample_gl
Budget,6000,2024-11-24,1389.61,South,Salaries & Wages,sample_gl
Budget,6000,2024-11-28,420.17,South,Salaries & Wages,sample_gl
Budget,6000,2024-11-02,1561.53,West,Salaries & Wages,sample_gl
Budget,6000,2024-11-04,9502.64,West,Salaries & Wages,sample_gl
Budget,6000,2024-11-06,7494.09,West,Salaries & Wages,sample_gl
Budget,6000,2024-11-11,3887.73,West,Salaries & Wages,sample_gl
Budget,6000,2024-11-14,6355.23,West,Salaries & Wages,sample_gl
Budget,6000,2024-11-17,2802.69,West,Salaries & Wages,sample_gl
Budget,6000,2024-11-19,12942.41,West,Salaries & Wages,sample_gl
Budget,6000,2024-11-21,1390.65,West,Salaries & Wages,sample_gl
Budget,6010,2024-11-06,2892.94,North,Rent & Facilities,sample_gl
Budget,6010,2024-11-13,968.18,North,Rent & Facilities,sample_gl
Budget,6010,2024-11-21,2974.63,North,Rent & Facilities,sample_gl
Budget,6010,2024-11-22,30.32,North,Rent & Facilities,sample_gl
Budget,6010,2024-11-23,55.96,North,Rent & Facilities,sample_gl
Budget,6010,2024-11-24,1253.1,North,Rent & Facilities,sample_gl
Budget,6010,2024-11-25,916.24,North,Rent & Facilities,sample_gl
Budget,6010,2024-11-26,1420.15,North,Rent & Facilities,sample_gl
Budget,6010,2024-11-01,1829.24,South,Rent & Facilities,sample_gl
Budget,6010,2024-11-08,935.63,South,Rent & Facilities,sample_gl
Budget,6010,2024-11-16,2125.91,South,Rent & Facilities,sample_gl
Budget,6010,2024-11-17,893.32,South,Rent & Facilities,sample_gl
Budget,6010,2024-11-19,3.55,South,Rent & Facilities,sample_gl
Budget,6010,2024-11-21,1741.17,South,Rent & Facilities,sample_gl
Budget,6010,2024-11-22,494.79,South,Rent & Facilities,sample_gl
Budget,6010,2024-11-30,2077.32,South,Rent & Facilities,sample_gl
Budget,6010,2024-11-04,199.34,West,Rent & Facilities,sample_gl
Budget,6010,2024-11-05,441.67,West,Rent & Facilities,sample_gl
Budget,6010,2024-11-10,1225.42,West,Rent & Facilities,sample_gl
Budget,6010,2024-11-11,3746.88,West,Rent & Facilities,sample_gl
Budget,6010,2024-11-14,2414.31,West,Rent & Facilities,sample_gl
Budget,6010,2024-11-19,178.1,West,Rent & Facilities,sample_gl
Budget,6010,2024-11-21,969.23,West,Rent & Facilities,sample_gl
Budget,6010,2024-11-23,919.83,West,Rent & Facilities,sample_gl
Budget,6020,2024-11-03,549.39,North,Marketing,sample_gl
Budget,6020,2024-11-16,250.48,North,Marketing,sample_gl
Budget,6020,2024-11-17,1852.59,North,Marketing,sample_gl
Budget,6020,2024-11-18,681.31,North,Marketing,sample_gl
Budget,6020,2024-11-19,164.17,North,Marketing,sample_gl
Budget,6020,2024-11-23,476.1,North,Marketing,sample_gl
Budget,6020,2024-11-27,301.41,North,Marketing,sample_gl
Budget,6020,2024-11-27,151.94,North,Marketing,sample_gl
Budget,6020,2024-11-01,394.13,South,Marketing,sample_gl
Budget,6020,2024-11-02,1056.23,South,Marketing,sample_gl
Budget,6020,2024-11-04,364.73,South,Marketing,sample_gl
Budget,6020,2024-11-06,506.89,South,Marketing,sample_gl
Budget,6020,2024-11-11,4011.28,South,Marketing,sample_gl
Budget,6020,2024-11-15,3253.39,South,Marketing,sample_gl
Budget,6020,2024-11-18,1446.56,South,Marketing,sample_gl
Budget,6020,2024-11-26,225.99,South,Marketing,sample_gl
Budget,6020,2024-11-01,3819.04,West,Marketing,sample_gl
Budget,6020,2024-11-02,639.68,West,Marketing,sample_gl
Budget,6020,2024-11-06,494.66,West,Marketing,sample_gl
Budget,6020,2024-11-08,704.6,West,Marketing,sample_gl
Budget,6020,2024-11-10,308.53,West,Marketing,sample_gl
Budget,6020,2024-11-14,752.79,West,Marketing,sample_gl
Budget,6020,2024-11-18,1402.68,West,Marketing,sample_gl
Budget,6020,2024-11-22,461.67,West,Marketing,sample_gl
Budget,6030,2024-11-07,492.62,North,Software & Subscriptions,sample_gl
Budget,6030,2024-11-12,443.14,North,Software & Subscriptions,sample_gl
Budget,6030,2024-11-17,243.93,North,Software & Subscriptions,sample_gl
Budget,6030,2024-11-17,311.51,North,Software & Subscriptions,sample_gl
Budget,6030,2024-11-18,2587.54,North,Software & Subscriptions,sample_gl
Budget,6030,2024-11-20,64.01,North,Software & Subscriptions,sample_gl
Budget,6030,2024-11-23,620.92,North,Software & Subscriptions,sample_gl
Budget,6030,2024-11-30,211.84,North,Software & Subscriptions,sample_gl
Budget,6030,2024-11-03,385.25,South,Software & Subscriptions,sample_gl
Budget,6030,2024-11-05,790.94,South,Software & Subscriptions,sample_gl
Budget,6030,2024-11-09,3.65,South,Software & Subscriptions,sample_gl
Budget,6030,2024-11-12,586.83,South,Software & Subscriptions,sample_gl
Budget,6030,2024-11-14,84.58,South,Software & Subscriptions,sample_gl
Budget,6030,2024-11-18,117.0,South,Software & Subscriptions,sample_gl
Budget,6030,2024-11-20,2213.37,South,Software & Subscriptions,sample_gl
Budget,6030,2024-11-24,445.81,South,Software & Subscriptions,sample_gl
Budget,6030,2024-11-03,909.5,West,Software & Subscriptions,sample_gl
Budget,6030,2024-11-05,847.59,West,Software & Subscriptions,sample_gl
Budget,6030,2024-11-07,1099.19,West,Software & Subscriptions,sample_gl
Budget,6030,2024-11-09,247.28,West,Software & Subscriptions,sample_gl
Budget,6030,2024-11-18,186.43,West,Software & Subscriptions,sample_gl
Budget,6030,2024-11-21,584.08,West,Software & Subscriptions,sample_gl
Budget,6030,2024-11-23,825.57,West,Software & Subscriptions,sample_gl
Budget,6030,2024-11-24,21.91,West,Software & Subscriptions,sample_gl
Budget,6040,2024-11-01,164.31,North,Travel & Entertainment,sample_gl
Budget,6040,2024-11-03,109.69,North,Travel & Entertainment,sample_gl
Budget,6040,2024-11-08,36.45,North,Travel & Entertainment,sample_gl
Budget,6040,2024-11-09,520.38,North,Travel & Entertainment,sample_gl
Budget,6040,2024-11-13,72.99,North,Travel & Entertainment,sample_gl
Budget,6040,2024-11-14,462.22,North,Travel & Entertainment,sample_gl
Budget,6040,2024-11-20,228.7,North,Travel & Entertainment,sample_gl
Budget,6040,2024-11-26,896.35,North,Travel & Entertainment,sample_gl
Budget,6040,2024-11-01,398.85,South,Travel & Entertainment,sample_gl
Budget,6040,2024-11-04,268.66,South,Travel & Entertainment,sample_gl
Budget,6040,2024-11-05,765.11,South,Travel & Entertainment,sample_gl
Budget,6040,2024-11-08,5.61,South,Travel & Entertainment,sample_gl
Budget,6040,2024-11-09,1328.32,South,Travel & Entertainment,sample_gl
Budget,6040,2024-11-09,749.48,South,Travel & Entertainment,sample_gl
Budget,6040,2024-11-26,163.86,South,Travel & Entertainment,sample_gl
Budget,6040,2024-11-28,118.61,South,Travel & Entertainment,sample_gl
Budget,6040,2024-11-04,385.42,West,Travel & Entertainment,sample_gl
Budget,6040,2024-11-10,393.72,West,Travel & Entertainment,sample_gl
Budget,6040,2024-11-12,100.2,West,Travel & Entertainment,sample_gl
Budget,6040,2024-11-16,365.63,West,Travel & Entertainment,sample_gl
Budget,6040,2024-11-17,126.24,West,Travel & Entertainment,sample_gl
Budget,6040,2024-11-19,652.58,West,Travel & Entertainment,sample_gl
Budget,6040,2024-11-23,112.73,West,Travel & Entertainment,sample_gl
Budget,6040,2024-11-28,120.74,West,Travel & Entertainment,sample_gl
Budget,7000,2024-11-18,612.06,North,Interest Expense,sample_gl
Budget,7000,2024-11-18,499.32,North,Interest Expense,sample_gl
Budget,7000,2024-11-20,616.0,North,Interest Expense,sample_gl
Budget,7000,2024-11-22,813.64,North,Interest Expense,sample_gl
Budget,7000,2024-11-24,279.93,North,Interest Expense,sample_gl
Budget,7000,2024-11-26,124.82,North,Interest Expense,sample_gl
Budget,7000,2024-11-28,113.96,North,Interest Expense,sample_gl
Budget,7000,2024-11-29,1230.28,North,Interest Expense,sample_gl
Budget,7000,2024-11-08,710.48,South,Interest Expense,sample_gl
Budget,7000,2024-11-12,359.77,South,Interest Expense,sample_gl
Budget,7000,2024-11-21,878.5,South,Interest Expense,sample_gl
Budget,7000,2024-11-22,413.14,South,Interest Expense,sample_gl
Budget,7000,2024-11-23,380.58,South,Interest Expense,sample_gl
Budget,7000,2024-11-24,355.74,South,Interest Expense,sample_gl
Budget,7000,2024-11-25,728.61,South,Interest Expense,sample_gl
Budget,7000,2024-11-30,53.37,South,Interest Expense,sample_gl
Budget,7000,2024-11-08,302.62,West,Interest Expense,sample_gl
Budget,7000,2024-11-10,40.44,West,Interest Expense,sample_gl
Budget,7000,2024-11-14,863.03,West,Interest Expense,sample_gl
Budget,7000,2024-11-17,1298.25,West,Interest Expense,sample_gl
Budget,7000,2024-11-23,3.78,West,Interest Expense,sample_gl
Budget,7000,2024-11-27,532.47,West,Interest Expense,sample_gl
Budget,7000,2024-11-29,294.63,West,Interest Expense,sample_gl
Budget,7000,2024-11-30,610.64,West,Interest Expense,sample_gl
Budget,4000,2024-12-02,-1787.39,North,Product Revenue,sample_gl
Budget,4000,2024-12-03,-21013.75,North,Product Revenue,sample_gl
Budget,4000,2024-12-10,-60396.55,North,Product Revenue,sample_gl
Budget,4000,2024-12-16,-29954.17,North,Product Revenue,sample_gl
Budget,4000,2024-12-18,-21946.35,North,Product Revenue,sample_gl
Budget,4000,2024-12-19,-20739.79,North,Product Revenue,sample_gl
Budget,4000,2024-12-24,-2666.59,North,Product Revenue,sample_gl
Budget,4000,2024-12-30,-8624.41,North,Product Revenue,sample_gl
Budget,4000,2024-12-01,-42505.76,South,Product Revenue,sample_gl
Budget,4000,2024-12-04,-64754.34,South,Product Revenue,sample_gl
Budget,4000,2024-12-13,-15020.76,South,Product Revenue,sample_gl
Budget,4000,2024-12-18,-2013.39,South,Product Revenue,sample_gl
Budget,4000,2024-12-22,-5527.1,South,Product Revenue,sample_gl
Budget,4000,2024-12-22,-652.78,South,Product Revenue,sample_gl
Budget,4000,2024-12-23,-28058.87,South,Product Revenue,sample_gl
Budget,4000,2024-12-29,-15509.56,South,Product Revenue,sample_gl
Budget,4000,2024-12-02,-27611.79,West,Product Revenue,sample_gl
Budget,4000,2024-12-17,-1029.2,West,Product Revenue,sample_gl
Budget,4000,2024-12-20,-31495.45,West,Product Revenue,sample_gl
Budget,4000,2024-12-20,-13369.26,West,Product Revenue,sample_gl
Budget,4000,2024-12-22,-51618.15,West,Product Revenue,sample_gl
Budget,4000,2024-12-27,-22951.59,West,Product Revenue,sample_gl
Budget,4000,2024-12-29,-4323.12,West,Product Revenue,sample_gl
Budget,4000,2024-12-31,-11438.2,West,Product Revenue,sample_gl
Budget,4010,2024-12-02,-5740.75,North,Service Revenue,sample_gl
Budget,4010,2024-12-05,-5639.41,North,Service Revenue,sample_gl
Budget,4010,2024-12-12,-11486.09,North,Service Revenue,sample_gl
Budget,4010,2024-12-13,-5140.66,North,Service Revenue,sample_gl
Budget,4010,2024-12-14,-641.5,North,Service Revenue,sample_gl
Budget,4010,2024-12-16,-236.69,North,Service Revenue,sample_gl
Budget,4010,2024-12-17,-3768.78,North,Service Revenue,sample_gl
Budget,4010,2024-12-31,-1019.34,North,Service Revenue,sample_gl
Budget,4010,2024-12-01,-24792.94,South,Service Revenue,sample_gl
Budget,4010,2024-12-07,-18129.08,South,Service Revenue,sample_gl
Budget,4010,2024-12-07,-44.43,South,Service Revenue,sample_gl
Budget,4010,2024-12-09,-1425.38,South,Service Revenue,sample_gl
Budget,4010,2024-12-13,-291.08,South,Service Revenue,sample_gl
Budget,4010,2024-12-19,-303.24,South,Service Revenue,sample_gl
Budget,4010,2024-12-21,-1140.77,South,Service Revenue,sample_gl
Budget,4010,2024-12-24,-1965.29,South,Service Revenue,sample_gl
Budget,4010,2024-12-01,-508.94,West,Service Revenue,sample_gl
Budget,4010,2024-12-02,-5644.18,West,Service Revenue,sample_gl
Budget,4010,2024-12-11,-10977.5,West,Service Revenue,sample_gl
Budget,4010,2024-12-12,-2949.61,West,Service Revenue,sample_gl
Budget,4010,2024-12-15,-3005.61,West,Service Revenue,sample_gl
Budget,4010,2024-12-16,-1649.94,West,Service Revenue,sample_gl
Budget,4010,2024-12-20,-16744.72,West,Service Revenue,sample_gl
Budget,4010,2024-12-28,-15937.24,West,Service Revenue,sample_gl
Budget,5000,2024-12-01,17503.62,North,Cost of Goods Sold,sample_gl
Budget,5000,2024-12-04,8002.61,North,Cost of Goods Sold,sample_gl
Budget,5000,2024-12-05,686.74,North,Cost of Goods Sold,sample_gl
Budget,5000,2024-12-05,6745.01,North,Cost of Goods Sold,sample_gl
Budget,5000,2024-12-14,4599.48,North,Cost of Goods Sold,sample_gl
Budget,5000,2024-12-16,16306.0,North,Cost of Goods Sold,sample_gl
Budget,5000,2024-12-29,8589.35,North,Cost of Goods Sold,sample_gl
Budget,5000,2024-12-30,7543.96,North,Cost of Goods Sold,sample_gl
Budget,5000,2024-12-04,3073.31,South,Cost of Goods Sold,sample_gl
Budget,5000,2024-12-05,11398.9,South,Cost of Goods Sold,sample_gl
Budget,5000,2024-12-06,679.27,South,Cost of Goods Sold,sample_gl
Budget,5000,2024-12-09,11854.09,South,Cost of Goods Sold,sample_gl
Budget,5000,2024-12-15,419.81,South,Cost of Goods Sold,sample_gl
Budget,5000,2024-12-15,5704.65,South,Cost of Goods Sold,sample_gl
Budget,5000,2024-12-22,33328.05,South,Cost of Goods Sold,sample_gl
Budget,5000,2024-12-27,9885.41,South,Cost of Goods Sold,sample_gl
Budget,5000,2024-12-02,14837.47,West,Cost of Goods Sold,sample_gl
Budget,5000,2024-12-06,3298.42,West,Cost of Goods Sold,sample_gl
Budget,5000,2024-12-07,5370.5,West,Cost of Goods Sold,sample_gl
Budget,5000,2024-12-16,7202.62,West,Cost of Goods Sold,sample_gl
Budget,5000,2024-12-22,6426.19,West,Cost of Goods Sold,sample_gl
Budget,5000,2024-12-29,2739.64,West,Cost of Goods Sold,sample_gl
Budget,5000,2024-12-31,4772.73,West,Cost of Goods Sold,sample_gl
Budget,5000,2024-12-31,11174.45,West,Cost of Goods Sold,sample_gl
Budget,5010,2024-12-13,635.65,North,Direct Labor,sample_gl
Budget,5010,2024-12-17,2606.27,North,Direct Labor,sample_gl
Budget,5010,2024-12-24,55.69,North,Direct Labor,sample_gl
Budget,5010,2024-12-24,1376.63,North,Direct Labor,sample_gl
Budget,5010,2024-12-25,7011.17,North,Direct Labor,sample_gl
Budget,5010,2024-12-25,3340.28,North,Direct Labor,sample_gl
Budget,5010,2024-12-29,10309.47,North,Direct Labor,sample_gl
Budget,5010,2024-12-30,4716.17,North,Direct Labor,sample_gl
Budget,5010,2024-12-01,2225.12,South,Direct Labor,sample_gl
Budget,5010,2024-12-11,2807.7,South,Direct Labor,sample_gl
Budget,5010,2024-12-14,2568.47,South,Direct Labor,sample_gl
Budget,5010,2024-12-14,3951.93,South,Direct Labor,sample_gl
Budget,5010,2024-12-20,1380.11,South,Direct Labor,sample_gl
Budget,5010,2024-12-22,3701.22,South,Direct Labor,sample_gl
Budget,5010,2024-12-24,3006.75,South,Direct Labor,sample_gl
Budget,5010,2024-12-27,7292.32,South,Direct Labor,sample_gl
Budget,5010,2024-12-04,4390.64,West,Direct Labor,sample_gl
Budget,5010,2024-12-08,417.38,West,Direct Labor,sample_gl
Budget,5010,2024-12-09,7364.76,West,Direct Labor,sample_gl
Budget,5010,2024-12-09,4817.68,West,Direct Labor,sample_gl
Budget,5010,2024-12-22,128.82,West,Direct Labor,sample_gl
Budget,5010,2024-12-23,2507.86,West,Direct Labor,sample_gl
Budget,5010,2024-12-25,258.24,West,Direct Labor,sample_gl
Budget,5010,2024-12-28,4347.07,West,Direct Labor,sample_gl
Budget,6000,2024-12-02,2219.76,North,Salaries & Wages,sample_gl
Budget,6000,2024-12-04,1741.65,North,Salaries & Wages,sample_gl
Budget,6000,2024-12-05,13781.63,North,Salaries & Wages,sample_gl
Budget,6000,2024-12-05,827.95,North,Salaries & Wages,sample_gl
Budget,6000,2024-12-08,8284.11,North,Salaries & Wages,sample_gl
Budget,6000,2024-12-09,13619.11,North,Salaries & Wages,sample_gl
Budget,6000,2024-12-13,2670.43,North,Salaries & Wages,sample_gl
Budget,6000,2024-12-21,418.26,North,Salaries & Wages,sample_gl
Budget,6000,2024-12-08,2057.6,South,Salaries & Wages,sample_gl
Budget,6000,2024-12-08,386.15,South,Salaries & Wages,sample_gl
Budget,6000,2024-12-10,1940.08,South,Salaries & Wages,sample_gl
Budget,6000,2024-12-11,10098.54,South,Salaries & Wages,sample_gl
Budget,6000,2024-12-14,2529.27,South,Salaries & Wages,sample_gl
Budget,6000,2024-12-16,11333.04,South,Salaries & Wages,sample_gl
Budget,6000,2024-12-21,9217.91,South,Salaries & Wages,sample_gl
Budget,6000,2024-12-23,2270.54,South,Salaries & Wages,sample_gl
Budget,6000,2024-12-01,10117.73,West,Salaries & Wages,sample_gl
Budget,6000,2024-12-02,1118.86,West,Salaries & Wages,sample_gl
Budget,6000,2024-12-02,206.86,West,Salaries & Wages,sample_gl
Budget,6000,2024-12-06,1963.89,West,Salaries & Wages,sample_gl
Budget,6000,2024-12-07,3875.44,West,Salaries & Wages,sample_gl
Budget,6000,2024-12-11,2421.66,West,Salaries & Wages,sample_gl
Budget,6000,2024-12-22,4621.85,West,Salaries & Wages,sample_gl
Budget,6000,2024-12-24,15781.56,West,Salaries & Wages,sample_gl
Budget,6010,2024-12-01,1395.3,North,Rent & Facilities,sample_gl
Budget,6010,2024-12-04,1155.84,North,Rent & Facilities,sample_gl
Budget,6010,2024-12-04,1309.73,North,Rent & Facilities,sample_gl
Budget,6010,2024-12-18,2445.03,North,Rent & Facilities,sample_gl
Budget,6010,2024-12-22,169.21,North,Rent & Facilities,sample_gl
Budget,6010,2024-12-22,1480.0,North,Rent & Facilities,sample_gl
Budget,6010,2024-12-25,718.52,North,Rent & Facilities,sample_gl
Budget,6010,2024-12-28,2034.09,North,Rent & Facilities,sample_gl
Budget,6010,2024-12-03,407.45,South,Rent & Facilities,sample_gl
Budget,6010,2024-12-04,571.86,South,Rent & Facilities,sample_gl
Budget,6010,2024-12-04,936.14,South,Rent & Facilities,sample_gl
Budget,6010,2024-12-05,2510.3,South,Rent & Facilities,sample_gl
Budget,6010,2024-12-20,3689.75,South,Rent & Facilities,sample_gl
Budget,6010,2024-12-21,661.55,South,Rent & Facilities,sample_gl
Budget,6010,2024-12-24,836.85,South,Rent & Facilities,sample_gl
Budget,6010,2024-12-29,314.43,South,Rent & Facilities,sample_gl
Budget,6010,2024-12-10,457.2,West,Rent & Facilities,sample_gl
Budget,6010,2024-12-11,1543.41,West,Rent & Facilities,sample_gl
Budget,6010,2024-12-16,107.41,West,Rent & Facilities,sample_gl
Budget,6010,2024-12-18,527.28,West,Rent & Facilities,sample_gl
Budget,6010,2024-12-20,3109.56,West,Rent & Facilities,sample_gl
Budget,6010,2024-12-24,1776.95,West,Rent & Facilities,sample_gl
Budget,6010,2024-12-25,1631.18,West,Rent & Facilities,sample_gl
Budget,6010,2024-12-31,1282.82,West,Rent & Facilities,sample_gl
Budget,6020,2024-12-04,3326.18,North,Marketing,sample_gl
Budget,6020,2024-12-12,2136.23,North,Marketing,sample_gl
Budget,6020,2024-12-12,3227.39,North,Marketing,sample_gl
Budget,6020,2024-12-15,930.39,North,Marketing,sample_gl
Budget,6020,2024-12-21,815.77,North,Marketing,sample_gl
Budget,6020,2024-12-23,5322.41,North,Marketing,sample_gl
Budget,6020,2024-12-29,3219.06,North,Marketing,sample_gl
Budget,6020,2024-12-30,947.55,North,Marketing,sample_gl
Budget,6020,2024-12-02,349.51,South,Marketing,sample_gl
Budget,6020,2024-12-02,536.98,South,Marketing,sample_gl
Budget,6020,2024-12-05,1420.85,South,Marketing,sample_gl
Budget,6020,2024-12-10,86.05,South,Marketing,sample_gl
Budget,6020,2024-12-19,88.48,South,Marketing,sample_gl
Budget,6020,2024-12-26,1314.71,South,Marketing,sample_gl
Budget,6020,2024-12-31,736.17,South,Marketing,sample_gl
Budget,6020,2024-12-31,128.3,South,Marketing,sample_gl
Budget,6020,2024-12-06,28.15,West,Marketing,sample_gl
Budget,6020,2024-12-07,41.13,West,Marketing,sample_gl
Budget,6020,2024-12-09,3869.52,West,Marketing,sample_gl
Budget,6020,2024-12-13,70.19,West,Marketing,sample_gl
Budget,6020,2024-12-13,462.06,West,Marketing,sample_gl
Budget,6020,2024-12-18,158.04,West,Marketing,sample_gl
Budget,6020,2024-12-20,2630.84,West,Marketing,sample_gl
Budget,6020,2024-12-25,557.98,West,Marketing,sample_gl
Budget,6030,2024-12-08,631.64,North,Software & Subscriptions,sample_gl
Budget,6030,2024-12-09,555.92,North,Software & Subscriptions,sample_gl
Budget,6030,2024-12-10,236.45,North,Software & Subscriptions,sample_gl
Budget,6030,2024-12-10,123.72,North,Software & Subscriptions,sample_gl
Budget,6030,2024-12-17,1281.92,North,Software & Subscriptions,sample_gl
Budget,6030,2024-12-23,562.41,North,Software & Subscriptions,sample_gl
Budget,6030,2024-12-24,1603.88,North,Software & Subscriptions,sample_gl
Budget,6030,2024-12-28,307.35,North,Software & Subscriptions,sample_gl
Budget,6030,2024-12-02,573.74,South,Software & Subscriptions,sample_gl
Budget,6030,2024-12-07,1029.01,South,Software & Subscriptions,sample_gl
Budget,6030,2024-12-08,1521.56,South,Software & Subscriptions,sample_gl
Budget,6030,2024-12-18,78.83,South,Software & Subscriptions,sample_gl
Budget,6030,2024-12-21,1162.16,South,Software & Subscriptions,sample_gl
Budget,6030,2024-12-26,308.35,South,Software & Subscriptions,sample_gl
Budget,6030,2024-12-27,127.36,South,Software & Subscriptions,sample_gl
Budget,6030,2024-12-28,137.19,South,Software & Subscriptions,sample_gl
Budget,6030,2024-12-05,55.69,West,Software & Subscriptions,sample_gl
Budget,6030,2024-12-09,1314.03,West,Software & Subscriptions,sample_gl
Budget,6030,2024-12-10,126.83,West,Software & Subscriptions,sample_gl
Budget,6030,2024-12-11,405.55,West,Software & Subscriptions,sample_gl
Budget,6030,2024-12-14,1447.22,West,Software & Subscriptions,sample_gl
Budget,6030,2024-12-20,559.27,West,Software & Subscriptions,sample_gl
Budget,6030,2024-12-24,1363.28,West,Software & Subscriptions,sample_gl
Budget,6030,2024-12-29,78.86,West,Software & Subscriptions,sample_gl
Budget,6040,2024-12-04,1187.64,North,Travel & Entertainment,sample_gl
Budget,6040,2024-12-19,294.87,North,Travel & Entertainment,sample_gl
Budget,6040,2024-12-24,1064.82,North,Travel & Entertainment,sample_gl
Budget,6040,2024-12-24,934.15,North,Travel & Entertainment,sample_gl
Budget,6040,2024-12-25,126.09,North,Travel & Entertainment,sample_gl
Budget,6040,2024-12-25,356.51,North,Travel & Entertainment,sample_gl
Budget,6040,2024-12-28,1483.64,North,Travel & Entertainment,sample_gl
Budget,6040,2024-12-31,313.06,North,Travel & Entertainment,sample_gl
Budget,6040,2024-12-07,529.94,South,Travel & Entertainment,sample_gl
Budget,6040,2024-12-09,882.9,South,Travel & Entertainment,sample_gl
Budget,6040,2024-12-11,137.33,South,Travel & Entertainment,sample_gl
Budget,6040,2024-12-19,43.42,South,Travel & Entertainment,sample_gl
Budget,6040,2024-12-21,117.72,South,Travel & Entertainment,sample_gl
Budget,6040,2024-12-25,60.57,South,Travel & Entertainment,sample_gl
Budget,6040,2024-12-26,835.46,South,Travel & Entertainment,sample_gl
Budget,6040,2024-12-28,965.28,South,Travel & Entertainment,sample_gl
Budget,6040,2024-12-06,52.8,West,Travel & Entertainment,sample_gl
Budget,6040,2024-12-06,16.31,West,Travel & Entertainment,sample_gl
Budget,6040,2024-12-07,34.65,West,Travel & Entertainment,sample_gl
Budget,6040,2024-12-16,10.34,West,Travel & Entertainment,sample_gl
Budget,6040,2024-12-19,138.76,West,Travel & Entertainment,sample_gl
Budget,6040,2024-12-21,47.87,West,Travel & Entertainment,sample_gl
Budget,6040,2024-12-24,24.92,West,Travel & Entertainment,sample_gl
Budget,6040,2024-12-31,42.21,West,Travel & Entertainment,sample_gl
Budget,7000,2024-12-04,84.47,North,Interest Expense,sample_gl
Budget,7000,2024-12-08,1456.26,North,Interest Expense,sample_gl
Budget,7000,2024-12-13,607.13,North,Interest Expense,sample_gl
Budget,7000,2024-12-14,311.98,North,Interest Expense,sample_gl
Budget,7000,2024-12-15,503.44,North,Interest Expense,sample_gl
Budget,7000,2024-12-21,331.2,North,Interest Expense,sample_gl
Budget,7000,2024-12-24,75.71,North,Interest Expense,sample_gl
Budget,7000,2024-12-30,707.17,North,Interest Expense,sample_gl
Budget,7000,2024-12-02,54.26,South,Interest Expense,sample_gl
Budget,7000,2024-12-03,373.25,South,Interest Expense,sample_gl
Budget,7000,2024-12-05,932.9,South,Interest Expense,sample_gl
Budget,7000,2024-12-05,1161.82,South,Interest Expense,sample_gl
Budget,7000,2024-12-08,437.19,South,Interest Expense,sample_gl
Budget,7000,2024-12-09,890.42,South,Interest Expense,sample_gl
Budget,7000,2024-12-25,35.15,South,Interest Expense,sample_gl
Budget,7000,2024-12-31,135.24,South,Interest Expense,sample_gl
Budget,7000,2024-12-03,210.16,West,Interest Expense,sample_gl
Budget,7000,2024-12-05,370.99,West,Interest Expense,sample_gl
Budget,7000,2024-12-07,32.46,West,Interest Expense,sample_gl
Budget,7000,2024-12-16,634.18,West,Interest Expense,sample_gl
Budget,7000,2024-12-19,423.39,West,Interest Expense,sample_gl
Budget,7000,2024-12-23,688.89,West,Interest Expense,sample_gl
Budget,7000,2024-12-25,242.8,West,Interest Expense,sample_gl
Budget,7000,2024-12-29,1158.28,West,Interest Expense,sample_gl
Budget,4000,2025-01-04,-4534.53,North,Product Revenue,sample_gl
Budget,4000,2025-01-04,-22262.64,North,Product Revenue,sample_gl
Budget,4000,2025-01-10,-1046.96,North,Product Revenue,sample_gl
Budget,4000,2025-01-14,-14832.65,North,Product Revenue,sample_gl
Budget,4000,2025-01-17,-38022.76,North,Product Revenue,sample_gl
Budget,4000,2025-01-18,-43119.79,North,Product Revenue,sample_gl
Budget,4000,2025-01-27,-48518.18,North,Product Revenue,sample_gl
Budget,4000,2025-01-29,-16594.47,North,Product Revenue,sample_gl
Budget,4000,2025-01-13,-19167.1,South,Product Revenue,sample_gl
Budget,4000,2025-01-22,-1582.45,South,Product Revenue,sample_gl
Budget,4000,2025-01-22,-428.24,South,Product Revenue,sample_gl
Budget,4000,2025-01-23,-10767.13,South,Product Revenue,sample_gl
Budget,4000,2025-01-27,-35371.87,South,Product Revenue,sample_gl
Budget,4000,2025-01-29,-48680.44,South,Product Revenue,sample_gl
Budget,4000,2025-01-29,-64084.67,South,Product Revenue,sample_gl
Budget,4000,2025-01-29,-8318.03,South,Product Revenue,sample_gl
Budget,4000,2025-01-02,-29212.95,West,Product Revenue,sample_gl
Budget,4000,2025-01-03,-29431.47,West,Product Revenue,sample_gl
Budget,4000,2025-01-05,-44516.94,West,Product Revenue,sample_gl
Budget,4000,2025-01-06,-13443.72,West,Product Revenue,sample_gl
Budget,4000,2025-01-14,-13158.06,West,Product Revenue,sample_gl
Budget,4000,2025-01-20,-2364.71,West,Product Revenue,sample_gl
Budget,4000,2025-01-29,-26861.68,West,Product Revenue,sample_gl
Budget,4000,2025-01-30,-35478.2,West,Product Revenue,sample_gl
Budget,4010,2025-01-04,-131.22,North,Service Revenue,sample_gl
Budget,4010,2025-01-09,-4468.36,North,Service Revenue,sample_gl
Budget,4010,2025-01-12,-4352.89,North,Service Revenue,sample_gl
Budget,4010,2025-01-12,-33888.13,North,Service Revenue,sample_gl
Budget,4010,2025-01-16,-5987.43,North,Service Revenue,sample_gl
Budget,4010,2025-01-22,-7357.6,North,Service Revenue,sample_gl
Budget,4010,2025-01-29,-12.84,North,Service Revenue,sample_gl
Budget,4010,2025-01-30,-4029.56,North,Service Revenue,sample_gl
Budget,4010,2025-01-03,-5288.54,South,Service Revenue,sample_gl
Budget,4010,2025-01-13,-671.64,South,Service Revenue,sample_gl
Budget,4010,2025-01-15,-800.64,South,Service Revenue,sample_gl
Budget,4010,2025-01-16,-8336.57,South,Service Revenue,sample_gl
Budget,4010,2025-01-24,-4878.96,South,Service Revenue,sample_gl
Budget,4010,2025-01-26,-13985.2,South,Service Revenue,sample_gl
Budget,4010,2025-01-26,-1908.02,South,Service Revenue,sample_gl
Budget,4010,2025-01-27,-10863.87,South,Service Revenue,sample_gl
Budget,4010,2025-01-11,-11099.67,West,Service Revenue,sample_gl
Budget,4010,2025-01-12,-3952.1,West,Service Revenue,sample_gl
Budget,4010,2025-01-14,-3845.46,West,Service Revenue,sample_gl
Budget,4010,2025-01-14,-3540.7,West,Service Revenue,sample_gl
Budget,4010,2025-01-16,-7079.9,West,Service Revenue,sample_gl
Budget,4010,2025-01-16,-6298.82,West,Service Revenue,sample_gl
Budget,4010,2025-01-20,-389.96,West,Service Revenue,sample_gl
Budget,4010,2025-01-23,-8930.86,West,Service Revenue,sample_gl
Budget,5000,2025-01-03,162.28,North,Cost of Goods Sold,sample_gl
Budget,5000,2025-01-08,13154.6,North,Cost of Goods Sold,sample_gl
Budget,5000,2025-01-13,19403.1,North,Cost of Goods Sold,sample_gl
Budget,5000,2025-01-14,6546.67,North,Cost of Goods Sold,sample_gl
Budget,5000,2025-01-17,543.24,North,Cost of Goods Sold,sample_gl
Budget,5000,2025-01-19,2558.72,North,Cost of Goods Sold,sample_gl
Budget,5000,2025-01-23,13907.37,North,Cost of Goods Sold,sample_gl
Budget,5000,2025-01-27,345.09,North,Cost of Goods Sold,sample_gl
Budget,5000,2025-01-01,3842.89,South,Cost of Goods Sold,sample_gl
Budget,5000,2025-01-04,5454.52,South,Cost of Goods Sold,sample_gl
Budget,5000,2025-01-05,9711.31,South,Cost of Goods Sold,sample_gl
Budget,5000,2025-01-12,3525.08,South,Cost of Goods Sold,sample_gl
Budget,5000,2025-01-16,30294.45,South,Cost of Goods Sold,sample_gl
Budget,5000,2025-01-18,1918.37,South,Cost of Goods Sold,sample_gl
Budget,5000,2025-01-30,1162.4,South,Cost of Goods Sold,sample_gl
Budget,5000,2025-01-31,8593.51,South,Cost of Goods Sold,sample_gl
Budget,5000,2025-01-02,2111.06,West,Cost of Goods Sold,sample_gl
Budget,5000,2025-01-07,8930.34,West,Cost of Goods Sold,sample_gl
Budget,5000,2025-01-08,18739.98,West,Cost of Goods Sold,sample_gl
Budget,5000,2025-01-08,462.85,West,Cost of Goods Sold,sample_gl
Budget,5000,2025-01-14,26161.13,West,Cost of Goods Sold,sample_gl
Budget,5000,2025-01-24,20679.51,West,Cost of Goods Sold,sample_gl
Budget,5000,2025-01-27,229.26,West,Cost of Goods Sold,sample_gl
Budget,5000,2025-01-30,2811.35,West,Cost of Goods Sold,sample_gl
Budget,5010,2025-01-03,590.8,North,Direct Labor,sample_gl
Budget,5010,2025-01-04,917.54,North,Direct Labor,sample_gl
Budget,5010,2025-01-16,37.74,North,Direct Labor,sample_gl
Budget,5010,2025-01-19,5602.56,North,Direct Labor,sample_gl
Budget,5010,2025-01-20,3991.53,North,Direct Labor,sample_gl
Budget,5010,2025-01-22,4785.95,North,Direct Labor,sample_gl
Budget,5010,2025-01-23,1111.03,North,Direct Labor,sample_gl
Budget,5010,2025-01-27,2535.05,North,Direct Labor,sample_gl
Budget,5010,2025-01-05,4351.32,South,Direct Labor,sample_gl
Budget,5010,2025-01-10,3653.33,South,Direct Labor,sample_gl
Budget,5010,2025-01-16,1411.51,South,Direct Labor,sample_gl
Budget,5010,2025-01-17,2070.76,South,Direct Labor,sample_gl
Budget,5010,2025-01-23,7919.67,South,Direct Labor,sample_gl
Budget,5010,2025-01-24,2404.72,South,Direct Labor,sample_gl
Budget,5010,2025-01-24,2784.63,South,Direct Labor,sample_gl
Budget,5010,2025-01-31,3317.29,South,Direct Labor,sample_gl
Budget,5010,2025-01-01,14241.14,West,Direct Labor,sample_gl
Budget,5010,2025-01-02,1483.6,West,Direct Labor,sample_gl
Budget,5010,2025-01-06,3568.22,West,Direct Labor,sample_gl
Budget,5010,2025-01-06,4245.47,West,Direct Labor,sample_gl
Budget,5010,2025-01-13,89.72,West,Direct Labor,sample_gl
Budget,5010,2025-01-17,1228.58,West,Direct Labor,sample_gl
Budget,5010,2025-01-20,1225.1,West,Direct Labor,sample_gl
Budget,5010,2025-01-25,2294.19,West,Direct Labor,sample_gl
Budget,6000,2025-01-03,7217.83,North,Salaries & Wages,sample_gl
Budget,6000,2025-01-05,1106.9,North,Salaries & Wages,sample_gl
Budget,6000,2025-01-06,276.71,North,Salaries & Wages,sample_gl
Budget,6000,2025-01-09,13374.78,North,Salaries & Wages,sample_gl
Budget,6000,2025-01-13,2347.72,North,Salaries & Wages,sample_gl
Budget,6000,2025-01-17,4988.29,North,Salaries & Wages,sample_gl
Budget,6000,2025-01-24,3760.99,North,Salaries & Wages,sample_gl
Budget,6000,2025-01-31,6219.53,North,Salaries & Wages,sample_gl
Budget,6000,2025-01-11,2901.58,South,Salaries & Wages,sample_gl
Budget,6000,2025-01-13,1140.83,South,Salaries & Wages,sample_gl
Budget,6000,2025-01-15,2104.1,South,Salaries & Wages,sample_gl
Budget,6000,2025-01-16,1115.24,South,Salaries & Wages,sample_gl
Budget,6000,2025-01-21,16852.54,South,Salaries & Wages,sample_gl
Budget,6000,2025-01-21,5843.24,South,Salaries & Wages,sample_gl
Budget,6000,2025-01-23,891.8,South,Salaries & Wages,sample_gl
Budget,6000,2025-01-27,6441.93,South,Salaries & Wages,sample_gl
Budget,6000,2025-01-01,1161.46,West,Salaries & Wages,sample_gl
Budget,6000,2025-01-03,8497.42,West,Salaries & Wages,sample_gl
Budget,6000,2025-01-04,1433.65,West,Salaries & Wages,sample_gl
Budget,6000,2025-01-06,8704.47,West,Salaries & Wages,sample_gl
Budget,6000,2025-01-07,1629.84,West,Salaries & Wages,sample_gl
Budget,6000,2025-01-08,1481.23,West,Salaries & Wages,sample_gl
Budget,6000,2025-01-10,4239.09,West,Salaries & Wages,sample_gl
Budget,6000,2025-01-18,8737.03,West,Salaries & Wages,sample_gl
Budget,6010,2025-01-02,81.48,North,Rent & Facilities,sample_gl
Budget,6010,2025-01-02,1791.39,North,Rent & Facilities,sample_gl
Budget,6010,2025-01-02,841.07,North,Rent & Facilities,sample_gl
Budget,6010,2025-01-16,309.24,North,Rent & Facilities,sample_gl
Budget,6010,2025-01-19,404.29,North,Rent & Facilities,sample_gl
Budget,6010,2025-01-19,398.7,North,Rent & Facilities,sample_gl
Budget,6010,2025-01-19,5241.15,North,Rent & Facilities,sample_gl
Budget,6010,2025-01-26,542.89,North,Rent & Facilities,sample_gl
Budget,6010,2025-01-04,237.0,South,Rent & Facilities,sample_gl
Budget,6010,2025-01-05,4535.49,South,Rent & Facilities,sample_gl
Budget,6010,2025-01-11,252.4,South,Rent & Facilities,sample_gl
Budget,6010,2025-01-14,14.02,South,Rent & Facilities,sample_gl
Budget,6010,2025-01-22,2716.5,South,Rent & Facilities,sample_gl
Budget,6010,2025-01-23,210.22,South,Rent & Facilities,sample_gl
Budget,6010,2025-01-24,727.88,South,Rent & Facilities,sample_gl
Budget,6010,2025-01-29,1312.69,South,Rent & Facilities,sample_gl
Budget,6010,2025-01-02,1333.11,West,Rent & Facilities,sample_gl
Budget,6010,2025-01-03,707.75,West,Rent & Facilities,sample_gl
Budget,6010,2025-01-05,150.69,West,Rent & Facilities,sample_gl
Budget,6010,2025-01-06,3732.4,West,Rent & Facilities,sample_gl
Budget,6010,2025-01-10,525.31,West,Rent & Facilities,sample_gl
Budget,6010,2025-01-15,351.06,West,Rent & Facilities,sample_gl
Budget,6010,2025-01-22,2217.05,West,Rent & Facilities,sample_gl
Budget,6010,2025-01-29,446.52,West,Rent & Facilities,sample_gl
Budget,6020,2025-01-11,6519.06,North,Marketing,sample_gl
Budget,6020,2025-01-15,409.5,North,Marketing,sample_gl
Budget,6020,2025-01-17,1357.29,North,Marketing,sample_gl
Budget,6020,2025-01-20,6600.84,North,Marketing,sample_gl
Budget,6020,2025-01-21,214.92,North,Marketing,sample_gl
Budget,6020,2025-01-24,1357.59,North,Marketing,sample_gl
Budget,6020,2025-01-25,667.78,North,Marketing,sample_gl
Budget,6020,2025-01-30,2102.13,North,Marketing,sample_gl
Budget,6020,2025-01-03,195.58,South,Marketing,sample_gl
Budget,6020,2025-01-05,1079.4,South,Marketing,sample_gl
Budget,6020,2025-01-07,2776.72,South,Marketing,sample_gl
Budget,6020,2025-01-08,3368.65,South,Marketing,sample_gl
Budget,6020,2025-01-13,2610.23,South,Marketing,sample_gl
Budget,6020,2025-01-20,1324.85,South,Marketing,sample_gl
Budget,6020,2025-01-20,1660.65,South,Marketing,sample_gl
Budget,6020,2025-01-31,73.24,South,Marketing,sample_gl
Budget,6020,2025-01-04,1121.14,West,Marketing,sample_gl
Budget,6020,2025-01-06,48.89,West,Marketing,sample_gl
Budget,6020,2025-01-06,4642.24,West,Marketing,sample_gl
Budget,6020,2025-01-10,1766.08,West,Marketing,sample_gl
Budget,6020,2025-01-11,1904.21,West,Marketing,sample_gl
Budget,6020,2025-01-15,2206.41,West,Marketing,sample_gl
Budget,6020,2025-01-16,4531.28,West,Marketing,sample_gl
Budget,6020,2025-01-30,227.92,West,Marketing,sample_gl
Budget,6030,2025-01-05,144.37,North,Software & Subscriptions,sample_gl
Budget,6030,2025-01-09,307.67,North,Software & Subscriptions,sample_gl
Budget,6030,2025-01-15,1009.97,North,Software & Subscriptions,sample_gl
Budget,6030,2025-01-21,611.86,North,Software & Subscriptions,sample_gl
Budget,6030,2025-01-25,1051.16,North,Software & Subscriptions,sample_gl
Budget,6030,2025-01-29,7.3,North,Software & Subscriptions,sample_gl
Budget,6030,2025-01-30,211.99,North,Software & Subscriptions,sample_gl
Budget,6030,2025-01-31,302.15,North,Software & Subscriptions,sample_gl
Budget,6030,2025-01-03,1429.57,South,Software & Subscriptions,sample_gl
Budget,6030,2025-01-11,1322.35,South,Software & Subscriptions,sample_gl
Budget,6030,2025-01-12,623.72,South,Software & Subscriptions,sample_gl
Budget,6030,2025-01-14,126.48,South,Software & Subscriptions,sample_gl
Budget,6030,2025-01-20,210.44,South,Software & Subscriptions,sample_gl
Budget,6030,2025-01-22,318.12,South,Software & Subscriptions,sample_gl
Budget,6030,2025-01-28,731.54,South,Software & Subscriptions,sample_gl
Budget,6030,2025-01-31,676.98,South,Software & Subscriptions,sample_gl
Budget,6030,2025-01-01,398.59,West,Software & Subscriptions,sample_gl
Budget,6030,2025-01-04,112.1,West,Software & Subscriptions,sample_gl
Budget,6030,2025-01-05,353.39,West,Software & Subscriptions,sample_gl
Budget,6030,2025-01-08,723.43,West,Software & Subscriptions,sample_gl
Budget,6030,2025-01-18,532.86,West,Software & Subscriptions,sample_gl
Budget,6030,2025-01-23,60.39,West,Software & Subscriptions,sample_gl
Budget,6030,2025-01-27,344.08,West,Software & Subscriptions,sample_gl
Budget,6030,2025-01-28,2936.9,West,Software & Subscriptions,sample_gl
Budget,6040,2025-01-03,198.99,North,Travel & Entertainment,sample_gl
Budget,6040,2025-01-04,117.53,North,Travel & Entertainment,sample_gl
Budget,6040,2025-01-04,11.41,North,Travel & Entertainment,sample_gl
Budget,6040,2025-01-06,438.44,North,Travel & Entertainment,sample_gl
Budget,6040,2025-01-15,148.89,North,Travel & Entertainment,sample_gl
Budget,6040,2025-01-24,5.02,North,Travel & Entertainment,sample_gl
Budget,6040,2025-01-27,73.77,North,Travel & Entertainment,sample_gl
Budget,6040,2025-01-29,3.55,North,Travel & Entertainment,sample_gl
Budget,6040,2025-01-04,120.34,South,Travel & Entertainment,sample_gl
Budget,6040,2025-01-07,26.74,South,Travel & Entertainment,sample_gl
Budget,6040,2025-01-09,451.27,South,Travel & Entertainment,sample_gl
Budget,6040,2025-01-15,631.79,South,Travel & Entertainment,sample_gl
Budget,6040,2025-01-16,575.45,South,Travel & Entertainment,sample_gl
Budget,6040,2025-01-16,503.71,South,Travel & Entertainment,sample_gl
Budget,6040,2025-01-23,150.37,South,Travel & Entertainment,sample_gl
Budget,6040,2025-01-24,1382.26,South,Travel & Entertainment,sample_gl
Budget,6040,2025-01-02,10.92,West,Travel & Entertainment,sample_gl
Budget,6040,2025-01-07,56.56,West,Travel & Entertainment,sample_gl
Budget,6040,2025-01-07,16.36,West,Travel & Entertainment,sample_gl
Budget,6040,2025-01-12,36.17,West,Travel & Entertainment,sample_gl
Budget,6040,2025-01-14,10.39,West,Travel & Entertainment,sample_gl
Budget,6040,2025-01-16,70.94,West,Travel & Entertainment,sample_gl
Budget,6040,2025-01-26,159.82,West,Travel & Entertainment,sample_gl
Budget,6040,2025-01-28,114.92,West,Travel & Entertainment,sample_gl
Budget,7000,2025-01-03,229.34,North,Interest Expense,sample_gl
Budget,7000,2025-01-10,556.19,North,Interest Expense,sample_gl
Budget,7000,2025-01-14,128.13,North,Interest Expense,sample_gl
Budget,7000,2025-01-15,915.05,North,Interest Expense,sample_gl
Budget,7000,2025-01-17,1982.35,North,Interest Expense,sample_gl
Budget,7000,2025-01-23,8.04,North,Interest Expense,sample_gl
Budget,7000,2025-01-28,291.93,North,Interest Expense,sample_gl
Budget,7000,2025-01-28,156.33,North,Interest Expense,sample_gl
Budget,7000,2025-01-06,1733.07,South,Interest Expense,sample_gl
Budget,7000,2025-01-14,492.5,South,Interest Expense,sample_gl
Budget,7000,2025-01-16,37.33,South,Interest Expense,sample_gl
Budget,7000,2025-01-16,1002.65,South,Interest Expense,sample_gl
Budget,7000,2025-01-18,280.77,South,Interest Expense,sample_gl
Budget,7000,2025-01-23,74.67,South,Interest Expense,sample_gl
Budget,7000,2025-01-26,210.26,South,Interest Expense,sample_gl
Budget,7000,2025-01-31,136.53,South,Interest Expense,sample_gl
Budget,7000,2025-01-03,58.25,West,Interest Expense,sample_gl
Budget,7000,2025-01-05,2668.47,West,Interest Expense,sample_gl
Budget,7000,2025-01-07,283.58,West,Interest Expense,sample_gl
Budget,7000,2025-01-11,5.05,West,Interest Expense,sample_gl
Budget,7000,2025-01-19,366.05,West,Interest Expense,sample_gl
Budget,7000,2025-01-20,7.11,West,Interest Expense,sample_gl
Budget,7000,2025-01-22,292.63,West,Interest Expense,sample_gl
Budget,7000,2025-01-24,424.98,West,Interest Expense,sample_gl
Budget,4000,2025-02-04,-678.77,North,Product Revenue,sample_gl
Budget,4000,2025-02-09,-17310.12,North,Product Revenue,sample_gl
Budget,4000,2025-02-11,-5218.96,North,Product Revenue,sample_gl
Budget,4000,2025-02-14,-59739.83,North,Product Revenue,sample_gl
Budget,4000,2025-02-17,-227.12,North,Product Revenue,sample_gl
Budget,4000,2025-02-22,-70509.68,North,Product Revenue,sample_gl
Budget,4000,2025-02-24,-25280.85,North,Product Revenue,sample_gl
Budget,4000,2025-02-26,-5638.25,North,Product Revenue,sample_gl
Budget,4000,2025-02-06,-30345.76,South,Product Revenue,sample_gl
Budget,4000,2025-02-07,-2953.33,South,Product Revenue,sample_gl
Budget,4000,2025-02-07,-1011.88,South,Product Revenue,sample_gl
Budget,4000,2025-02-14,-24465.83,South,Product Revenue,sample_gl
Budget,4000,2025-02-18,-36620.67,South,Product Revenue,sample_gl
Budget,4000,2025-02-23,-12490.93,South,Product Revenue,sample_gl
Budget,4000,2025-02-24,-43730.8,South,Product Revenue,sample_gl
Budget,4000,2025-02-25,-7127.0,South,Product Revenue,sample_gl
Budget,4000,2025-02-04,-52859.76,West,Product Revenue,sample_gl
Budget,4000,2025-02-10,-2503.06,West,Product Revenue,sample_gl
Budget,4000,2025-02-16,-9810.04,West,Product Revenue,sample_gl
Budget,4000,2025-02-17,-1856.63,West,Product Revenue,sample_gl
Budget,4000,2025-02-21,-63328.57,West,Product Revenue,sample_gl
Budget,4000,2025-02-23,-22962.47,West,Product Revenue,sample_gl
Budget,4000,2025-02-27,-3931.59,West,Product Revenue,sample_gl
Budget,4000,2025-02-28,-149.82,West,Product Revenue,sample_gl
Budget,4010,2025-02-06,-15371.4,North,Service Revenue,sample_gl
Budget,4010,2025-02-06,-5335.38,North,Service Revenue,sample_gl
Budget,4010,2025-02-06,-3035.24,North,Service Revenue,sample_gl
Budget,4010,2025-02-12,-5712.78,North,Service Revenue,sample_gl
Budget,4010,2025-02-14,-4211.96,North,Service Revenue,sample_gl
Budget,4010,2025-02-15,-3699.69,North,Service Revenue,sample_gl
Budget,4010,2025-02-18,-8495.2,North,Service Revenue,sample_gl
Budget,4010,2025-02-20,-8406.61,North,Service Revenue,sample_gl
Budget,4010,2025-02-01,-6398.88,South,Service Revenue,sample_gl
Budget,4010,2025-02-03,-24668.77,South,Service Revenue,sample_gl
Budget,4010,2025-02-03,-2553.51,South,Service Revenue,sample_gl
Budget,4010,2025-02-04,-4881.58,South,Service Revenue,sample_gl
Budget,4010,2025-02-20,-598.65,South,Service Revenue,sample_gl
Budget,4010,2025-02-21,-7185.39,South,Service Revenue,sample_gl
Budget,4010,2025-02-26,-11267.24,South,Service Revenue,sample_gl
Budget,4010,2025-02-27,-4166.32,South,Service Revenue,sample_gl
Budget,4010,2025-02-02,-5042.72,West,Service Revenue,sample_gl
Budget,4010,2025-02-07,-10398.58,West,Service Revenue,sample_gl
Budget,4010,2025-02-08,-8851.06,West,Service Revenue,sample_gl
Budget,4010,2025-02-10,-9922.04,West,Service Revenue,sample_gl
Budget,4010,2025-02-14,-743.01,West,Service Revenue,sample_gl
Budget,4010,2025-02-22,-2756.57,West,Service Revenue,sample_gl
Budget,4010,2025-02-26,-4149.03,West,Service Revenue,sample_gl
Budget,4010,2025-02-28,-2177.75,West,Service Revenue,sample_gl
Budget,5000,2025-02-01,10956.78,North,Cost of Goods Sold,sample_gl
Budget,5000,2025-02-12,1984.64,North,Cost of Goods Sold,sample_gl
Budget,5000,2025-02-13,934.79,North,Cost of Goods Sold,sample_gl
Budget,5000,2025-02-21,6415.06,North,Cost of Goods Sold,sample_gl
Budget,5000,2025-02-23,18613.28,North,Cost of Goods Sold,sample_gl
Budget,5000,2025-02-24,2120.83,North,Cost of Goods Sold,sample_gl
Budget,5000,2025-02-26,2012.07,North,Cost of Goods Sold,sample_gl
Budget,5000,2025-02-26,5890.58,North,Cost of Goods Sold,sample_gl
Budget,5000,2025-02-01,23709.33,South,Cost of Goods Sold,sample_gl
Budget,5000,2025-02-01,2781.79,South,Cost of Goods Sold,sample_gl
Budget,5000,2025-02-01,15958.1,South,Cost of Goods Sold,sample_gl
Budget,5000,2025-02-02,15336.97,South,Cost of Goods Sold,sample_gl
Budget,5000,2025-02-05,235.43,South,Cost of Goods Sold,sample_gl
Budget,5000,2025-02-08,9843.89,South,Cost of Goods Sold,sample_gl
Budget,5000,2025-02-14,2382.22,South,Cost of Goods Sold,sample_gl
Budget,5000,2025-02-26,507.38,South,Cost of Goods Sold,sample_gl
Budget,5000,2025-02-02,10745.44,West,Cost of Goods Sold,sample_gl
Budget,5000,2025-02-07,10829.37,West,Cost of Goods Sold,sample_gl
Budget,5000,2025-02-13,4902.39,West,Cost of Goods Sold,sample_gl
Budget,5000,2025-02-19,861.79,West,Cost of Goods Sold,sample_gl
Budget,5000,2025-02-20,1762.16,West,Cost of Goods Sold,sample_gl
Budget,5000,2025-02-21,20278.48,West,Cost of Goods Sold,sample_gl
Budget,5000,2025-02-26,14328.66,West,Cost of Goods Sold,sample_gl
Budget,5000,2025-02-27,4110.37,West,Cost of Goods Sold,sample_gl
Budget,5010,2025-02-04,5668.11,North,Direct Labor,sample_gl
Budget,5010,2025-02-04,5821.29,North,Direct Labor,sample_gl
Budget,5010,2025-02-05,2480.58,North,Direct Labor,sample_gl
Budget,5010,2025-02-08,6589.98,North,Direct Labor,sample_gl
Budget,5010,2025-02-17,6601.26,North,Direct Labor,sample_gl
Budget,5010,2025-02-21,2678.66,North,Direct Labor,sample_gl
Budget,5010,2025-02-23,2826.96,North,Direct Labor,sample_gl
Budget,5010,2025-02-26,2969.76,North,Direct Labor,sample_gl
Budget,5010,2025-02-01,690.41,South,Direct Labor,sample_gl
Budget,5010,2025-02-01,14151.68,South,Direct Labor,sample_gl
Budget,5010,2025-02-05,767.7,South,Direct Labor,sample_gl
Budget,5010,2025-02-19,1710.85,South,Direct Labor,sample_gl
Budget,5010,2025-02-20,2721.94,South,Direct Labor,sample_gl
Budget,5010,2025-02-21,6503.62,South,Direct Labor,sample_gl
Budget,5010,2025-02-23,300.69,South,Direct Labor,sample_gl
Budget,5010,2025-02-25,452.79,South,Direct Labor,sample_gl
Budget,5010,2025-02-06,6643.15,West,Direct Labor,sample_gl
Budget,5010,2025-02-07,804.76,West,Direct Labor,sample_gl
Budget,5010,2025-02-08,7054.82,West,Direct Labor,sample_gl
Budget,5010,2025-02-08,3354.44,West,Direct Labor,sample_gl
Budget,5010,2025-02-10,3010.26,West,Direct Labor,sample_gl
Budget,5010,2025-02-12,261.05,West,Direct Labor,sample_gl
Budget,5010,2025-02-21,163.04,West,Direct Labor,sample_gl
Budget,5010,2025-02-25,5795.27,West,Direct Labor,sample_gl
Budget,6000,2025-02-04,4030.14,North,Salaries & Wages,sample_gl
Budget,6000,2025-02-04,621.15,North,Salaries & Wages,sample_gl
Budget,6000,2025-02-04,7618.59,North,Salaries & Wages,sample_gl
Budget,6000,2025-02-15,3428.82,North,Salaries & Wages,sample_gl
Budget,6000,2025-02-19,5770.76,North,Salaries & Wages,sample_gl
Budget,6000,2025-02-20,14946.05,North,Salaries & Wages,sample_gl
Budget,6000,2025-02-21,2445.13,North,Salaries & Wages,sample_gl
Budget,6000,2025-02-28,4578.25,North,Salaries & Wages,sample_gl
Budget,6000,2025-02-01,2938.9,South,Salaries & Wages,sample_gl
Budget,6000,2025-02-03,9137.65,South,Salaries & Wages,sample_gl
Budget,6000,2025-02-04,2374.97,South,Salaries & Wages,sample_gl
Budget,6000,2025-02-13,12018.67,South,Salaries & Wages,sample_gl
Budget,6000,2025-02-14,4668.05,South,Salaries & Wages,sample_gl
Budget,6000,2025-02-16,3841.63,South,Salaries & Wages,sample_gl
Budget,6000,2025-02-16,1960.79,South,Salaries & Wages,sample_gl
Budget,6000,2025-02-26,1570.6,South,Salaries & Wages,sample_gl
Budget,6000,2025-02-02,6361.27,West,Salaries & Wages,sample_gl
Budget,6000,2025-02-04,13073.81,West,Salaries & Wages,sample_gl
Budget,6000,2025-02-06,2513.04,West,Salaries & Wages,sample_gl
Budget,6000,2025-02-19,2711.86,West,Salaries & Wages,sample_gl
Budget,6000,2025-02-20,5128.43,West,Salaries & Wages,sample_gl
Budget,6000,2025-02-21,9406.83,West,Salaries & Wages,sample_gl
Budget,6000,2025-02-22,715.84,West,Salaries & Wages,sample_gl
Budget,6000,2025-02-28,251.43,West,Salaries & Wages,sample_gl
Budget,6010,2025-02-01,296.25,North,Rent & Facilities,sample_gl
Budget,6010,2025-02-01,541.77,North,Rent & Facilities,sample_gl
Budget,6010,2025-02-04,553.59,North,Rent & Facilities,sample_gl
Budget,6010,2025-02-07,780.76,North,Rent & Facilities,sample_gl
Budget,6010,2025-02-17,1492.24,North,Rent & Facilities,sample_gl
Budget,6010,2025-02-17,3977.75,North,Rent & Facilities,sample_gl
Budget,6010,2025-02-18,1382.04,North,Rent & Facilities,sample_gl
Budget,6010,2025-02-20,1018.64,North,Rent & Facilities,sample_gl
Budget,6010,2025-02-03,1718.83,South,Rent & Facilities,sample_gl
Budget,6010,2025-02-07,199.7,South,Rent & Facilities,sample_gl
Budget,6010,2025-02-09,1006.37,South,Rent & Facilities,sample_gl
Budget,6010,2025-02-12,1049.64,South,Rent & Facilities,sample_gl
Budget,6010,2025-02-16,952.63,South,Rent & Facilities,sample_gl
Budget,6010,2025-02-18,167.5,South,Rent & Facilities,sample_gl
Budget,6010,2025-02-21,2310.91,South,Rent & Facilities,sample_gl
Budget,6010,2025-02-23,2532.2,South,Rent & Facilities,sample_gl
Budget,6010,2025-02-04,3065.41,West,Rent & Facilities,sample_gl
Budget,6010,2025-02-09,1103.37,West,Rent & Facilities,sample_gl
Budget,6010,2025-02-13,630.57,West,Rent & Facilities,sample_gl
Budget,6010,2025-02-19,2741.07,West,Rent & Facilities,sample_gl
Budget,6010,2025-02-22,272.03,West,Rent & Facilities,sample_gl
Budget,6010,2025-02-23,873.21,West,Rent & Facilities,sample_gl
Budget,6010,2025-02-26,697.57,West,Rent & Facilities,sample_gl
Budget,6010,2025-02-28,454.89,West,Rent & Facilities,sample_gl
Budget,6020,2025-02-04,444.43,North,Marketing,sample_gl
Budget,6020,2025-02-07,401.6,North,Marketing,sample_gl
Budget,6020,2025-02-12,1355.72,North,Marketing,sample_gl
Budget,6020,2025-02-13,2721.26,North,Marketing,sample_gl
Budget,6020,2025-02-14,1808.76,North,Marketing,sample_gl
Budget,6020,2025-02-19,994.09,North,Marketing,sample_gl
Budget,6020,2025-02-20,603.32,North,Marketing,sample_gl
Budget,6020,2025-02-20,4835.35,North,Marketing,sample_gl
Budget,6020,2025-02-01,474.24,South,Marketing,sample_gl
Budget,6020,2025-02-10,294.78,South,Marketing,sample_gl
Budget,6020,2025-02-12,121.07,South,Marketing,sample_gl
Budget,6020,2025-02-13,124.65,South,Marketing,sample_gl
Budget,6020,2025-02-17,522.6,South,Marketing,sample_gl
Budget,6020,2025-02-20,238.78,South,Marketing,sample_gl
Budget,6020,2025-02-21,1570.41,South,Marketing,sample_gl
Budget,6020,2025-02-27,789.89,South,Marketing,sample_gl
Budget,6020,2025-02-01,1059.46,West,Marketing,sample_gl
Budget,6020,2025-02-01,2334.37,West,Marketing,sample_gl
Budget,6020,2025-02-07,84.59,West,Marketing,sample_gl
Budget,6020,2025-02-11,242.9,West,Marketing,sample_gl
Budget,6020,2025-02-11,815.21,West,Marketing,sample_gl
Budget,6020,2025-02-15,606.98,West,Marketing,sample_gl
Budget,6020,2025-02-23,3933.4,West,Marketing,sample_gl
Budget,6020,2025-02-23,6918.51,West,Marketing,sample_gl
Budget,6030,2025-02-03,271.03,North,Software & Subscriptions,sample_gl
Budget,6030,2025-02-09,810.44,North,Software & Subscriptions,sample_gl
Budget,6030,2025-02-18,1293.81,North,Software & Subscriptions,sample_gl
Budget,6030,2025-02-20,757.23,North,Software & Subscriptions,sample_gl
Budget,6030,2025-02-22,394.72,North,Software & Subscriptions,sample_gl
Budget,6030,2025-02-23,195.73,North,Software & Subscriptions,sample_gl
Budget,6030,2025-02-26,716.41,North,Software & Subscriptions,sample_gl
Budget,6030,2025-02-28,1018.46,North,Software & Subscriptions,sample_gl
Budget,6030,2025-02-04,22.28,South,Software & Subscriptions,sample_gl
Budget,6030,2025-02-04,63.23,South,Software & Subscriptions,sample_gl
Budget,6030,2025-02-06,16.45,South,Software & Subscriptions,sample_gl
Budget,6030,2025-02-09,1031.39,South,Software & Subscriptions,sample_gl
Budget,6030,2025-02-11,1626.7,South,Software & Subscriptions,sample_gl
Budget,6030,2025-02-14,73.88,South,Software & Subscriptions,sample_gl
Budget,6030,2025-02-15,921.05,South,Software & Subscriptions,sample_gl
Budget,6030,2025-02-20,1038.78,South,Software & Subscriptions,sample_gl
Budget,6030,2025-02-02,195.91,West,Software & Subscriptions,sample_gl
Budget,6030,2025-02-05,151.91,West,Software & Subscriptions,sample_gl
Budget,6030,2025-02-10,128.53,West,Software & Subscriptions,sample_gl
Budget,6030,2025-02-13,899.18,West,Software & Subscriptions,sample_gl
Budget,6030,2025-02-15,1853.42,West,Software & Subscriptions,sample_gl
Budget,6030,2025-02-17,393.01,West,Software & Subscriptions,sample_gl
Budget,6030,2025-02-18,396.92,West,Software & Subscriptions,sample_gl
Budget,6030,2025-02-27,988.99,West,Software & Subscriptions,sample_gl
Budget,6040,2025-02-02,409.46,North,Travel & Entertainment,sample_gl
Budget,6040,2025-02-10,851.52,North,Travel & Entertainment,sample_gl
Budget,6040,2025-02-11,272.07,North,Travel & Entertainment,sample_gl
Budget,6040,2025-02-13,551.04,North,Travel & Entertainment,sample_gl
Budget,6040,2025-02-16,264.67,North,Travel & Entertainment,sample_gl
Budget,6040,2025-02-18,513.34,North,Travel & Entertainment,sample_gl
Budget,6040,2025-02-20,399.57,North,Travel & Entertainment,sample_gl
Budget,6040,2025-02-25,110.78,North,Travel & Entertainment,sample_gl
Budget,6040,2025-02-01,145.07,South,Travel & Entertainment,sample_gl
Budget,6040,2025-02-01,227.99,South,Travel & Entertainment,sample_gl
Budget,6040,2025-02-02,820.43,South,Travel & Entertainment,sample_gl
Budget,6040,2025-02-04,0.24,South,Travel & Entertainment,sample_gl
Budget,6040,2025-02-05,145.09,South,Travel & Entertainment,sample_gl
Budget,6040,2025-02-08,6.37,South,Travel & Entertainment,sample_gl
Budget,6040,2025-02-11,74.57,South,Travel & Entertainment,sample_gl
Budget,6040,2025-02-27,228.46,South,Travel & Entertainment,sample_gl
Budget,6040,2025-02-02,238.04,West,Travel & Entertainment,sample_gl
Budget,6040,2025-02-02,302.28,West,Travel & Entertainment,sample_gl
Budget,6040,2025-02-02,315.85,West,Travel & Entertainment,sample_gl
Budget,6040,2025-02-04,188.47,West,Travel & Entertainment,sample_gl
Budget,6040,2025-02-09,899.02,West,Travel & Entertainment,sample_gl
Budget,6040,2025-02-23,633.57,West,Travel & Entertainment,sample_gl
Budget,6040,2025-02-26,427.14,West,Travel & Entertainment,sample_gl
Budget,6040,2025-02-28,167.66,West,Travel & Entertainment,sample_gl
Budget,7000,2025-02-04,489.02,North,Interest Expense,sample_gl
Budget,7000,2025-02-05,1162.55,North,Interest Expense,sample_gl
Budget,7000,2025-02-05,133.81,North,Interest Expense,sample_gl
Budget,7000,2025-02-05,322.92,North,Interest Expense,sample_gl
Budget,7000,2025-02-11,900.91,North,Interest Expense,sample_gl
Budget,7000,2025-02-15,538.53,North,Interest Expense,sample_gl
Budget,7000,2025-02-19,311.85,North,Interest Expense,sample_gl
Budget,7000,2025-02-28,136.52,North,Interest Expense,sample_gl
Budget,7000,2025-02-03,917.04,South,Interest Expense,sample_gl
Budget,7000,2025-02-08,418.59,South,Interest Expense,sample_gl
Budget,7000,2025-02-09,1112.83,South,Interest Expense,sample_gl
Budget,7000,2025-02-09,243.08,South,Interest Expense,sample_gl
Budget,7000,2025-02-11,207.42,South,Interest Expense,sample_gl
Budget,7000,2025-02-16,262.35,South,Interest Expense,sample_gl
Budget,7000,2025-02-24,76.89,South,Interest Expense,sample_gl
Budget,7000,2025-02-25,545.35,South,Interest Expense,sample_gl
Budget,7000,2025-02-01,406.09,West,Interest Expense,sample_gl
Budget,7000,2025-02-02,323.92,West,Interest Expense,sample_gl
Budget,7000,2025-02-03,80.58,West,Interest Expense,sample_gl
Budget,7000,2025-02-03,29.03,West,Interest Expense,sample_gl
Budget,7000,2025-02-07,1210.13,West,Interest Expense,sample_gl
Budget,7000,2025-02-16,244.27,West,Interest Expense,sample_gl
Budget,7000,2025-02-22,885.67,West,Interest Expense,sample_gl
Budget,7000,2025-02-23,705.03,West,Interest Expense,sample_gl
Budget,4000,2025-03-04,-40347.56,North,Product Revenue,sample_gl
Budget,4000,2025-03-05,-26714.4,North,Product Revenue,sample_gl
Budget,4000,2025-03-10,-27629.35,North,Product Revenue,sample_gl
Budget,4000,2025-03-15,-49157.54,North,Product Revenue,sample_gl
Budget,4000,2025-03-17,-16198.74,North,Product Revenue,sample_gl
Budget,4000,2025-03-21,-8532.31,North,Product Revenue,sample_gl
Budget,4000,2025-03-23,-11238.24,North,Product Revenue,sample_gl
Budget,4000,2025-03-28,-4598.49,North,Product Revenue,sample_gl
Budget,4000,2025-03-03,-21324.99,South,Product Revenue,sample_gl
Budget,4000,2025-03-06,-13504.27,South,Product Revenue,sample_gl
Budget,4000,2025-03-07,-59045.31,South,Product Revenue,sample_gl
Budget,4000,2025-03-09,-13992.23,South,Product Revenue,sample_gl
Budget,4000,2025-03-10,-18069.65,South,Product Revenue,sample_gl
Budget,4000,2025-03-14,-921.52,South,Product Revenue,sample_gl
Budget,4000,2025-03-22,-2591.87,South,Product Revenue,sample_gl
Budget,4000,2025-03-31,-15332.76,South,Product Revenue,sample_gl
Budget,4000,2025-03-04,-8941.75,West,Product Revenue,sample_gl
Budget,4000,2025-03-09,-5199.43,West,Product Revenue,sample_gl
Budget,4000,2025-03-12,-11195.18,West,Product Revenue,sample_gl
Budget,4000,2025-03-15,-20516.83,West,Product Revenue,sample_gl
Budget,4000,2025-03-17,-26726.6,West,Product Revenue,sample_gl
Budget,4000,2025-03-18,-11895.53,West,Product Revenue,sample_gl
Budget,4000,2025-03-22,-964.95,West,Product Revenue,sample_gl
Budget,4000,2025-03-30,-82773.46,West,Product Revenue,sample_gl
Budget,4010,2025-03-02,-15135.89,North,Service Revenue,sample_gl
Budget,4010,2025-03-04,-5595.34,North,Service Revenue,sample_gl
Budget,4010,2025-03-07,-1589.4,North,Service Revenue,sample_gl
Budget,4010,2025-03-13,-3091.51,North,Service Revenue,sample_gl
Budget,4010,2025-03-14,-1850.58,North,Service Revenue,sample_gl
Budget,4010,2025-03-21,-3319.86,North,Service Revenue,sample_gl
Budget,4010,2025-03-24,-4484.63,North,Service Revenue,sample_gl
Budget,4010,2025-03-30,-16414.36,North,Service Revenue,sample_gl
Budget,4010,2025-03-02,-2619.83,South,Service Revenue,sample_gl
Budget,4010,2025-03-02,-1399.87,South,Service Revenue,sample_gl
Budget,4010,2025-03-04,-10.83,South,Service Revenue,sample_gl
Budget,4010,2025-03-08,-4979.7,South,Service Revenue,sample_gl
Budget,4010,2025-03-08,-6582.38,South,Service Revenue,sample_gl
Budget,4010,2025-03-09,-9083.74,South,Service Revenue,sample_gl
Budget,4010,2025-03-19,-3803.68,South,Service Revenue,sample_gl
Budget,4010,2025-03-29,-11306.37,South,Service Revenue,sample_gl
Budget,4010,2025-03-06,-3449.32,West,Service Revenue,sample_gl
Budget,4010,2025-03-07,-7091.33,West,Service Revenue,sample_gl
Budget,4010,2025-03-09,-2182.87,West,Service Revenue,sample_gl
Budget,4010,2025-03-16,-5695.28,West,Service Revenue,sample_gl
Budget,4010,2025-03-23,-3406.52,West,Service Revenue,sample_gl
Budget,4010,2025-03-24,-5035.08,West,Service Revenue,sample_gl
Budget,4010,2025-03-27,-1897.56,West,Service Revenue,sample_gl
Budget,4010,2025-03-29,-7842.46,West,Service Revenue,sample_gl
Budget,5000,2025-03-06,812.0,North,Cost of Goods Sold,sample_gl
Budget,5000,2025-03-08,3616.59,North,Cost of Goods Sold,sample_gl
Budget,5000,2025-03-10,4615.06,North,Cost of Goods Sold,sample_gl
Budget,5000,2025-03-11,2901.88,North,Cost of Goods Sold,sample_gl
Budget,5000,2025-03-22,9354.57,North,Cost of Goods Sold,sample_gl
Budget,5000,2025-03-23,8961.59,North,Cost of Goods Sold,sample_gl
Budget,5000,2025-03-28,27116.16,North,Cost of Goods Sold,sample_gl
Budget,5000,2025-03-30,6384.58,North,Cost of Goods Sold,sample_gl
Budget,5000,2025-03-03,58.01,South,Cost of Goods Sold,sample_gl
Budget,5000,2025-03-06,503.03,South,Cost of Goods Sold,sample_gl
Budget,5000,2025-03-06,2042.83,South,Cost of Goods Sold,sample_gl
Budget,5000,2025-03-09,17692.82,South,Cost of Goods Sold,sample_gl
Budget,5000,2025-03-22,6940.98,South,Cost of Goods Sold,sample_gl
Budget,5000,2025-03-25,72.73,South,Cost of Goods Sold,sample_gl
Budget,5000,2025-03-28,23019.76,South,Cost of Goods Sold,sample_gl
Budget,5000,2025-03-29,7307.37,South,Cost of Goods Sold,sample_gl
Budget,5000,2025-03-05,7916.64,West,Cost of Goods Sold,sample_gl
Budget,5000,2025-03-06,18659.73,West,Cost of Goods Sold,sample_gl
Budget,5000,2025-03-08,1195.8,West,Cost of Goods Sold,sample_gl
Budget,5000,2025-03-10,11074.69,West,Cost of Goods Sold,sample_gl
Budget,5000,2025-03-17,4358.69,West,Cost of Goods Sold,sample_gl
Budget,5000,2025-03-17,18173.34,West,Cost of Goods Sold,sample_gl
Budget,5000,2025-03-25,2267.19,West,Cost of Goods Sold,sample_gl
Budget,5000,2025-03-27,15526.29,West,Cost of Goods Sold,sample_gl
Budget,5010,2025-03-01,8195.5,North,Direct Labor,sample_gl
Budget,5010,2025-03-09,887.36,North,Direct Labor,sample_gl
Budget,5010,2025-03-12,4099.08,North,Direct Labor,sample_gl
Budget,5010,2025-03-12,911.07,North,Direct Labor,sample_gl
Budget,5010,2025-03-15,3976.34,North,Direct Labor,sample_gl
Budget,5010,2025-03-16,4892.25,North,Direct Labor,sample_gl
Budget,5010,2025-03-22,583.24,North,Direct Labor,sample_gl
Budget,5010,2025-03-27,3670.61,North,Direct Labor,sample_gl
Budget,5010,2025-03-01,808.55,South,Direct Labor,sample_gl
Budget,5010,2025-03-05,1527.09,South,Direct Labor,sample_gl
Budget,5010,2025-03-05,3061.9,South,Direct Labor,sample_gl
Budget,5010,2025-03-08,3947.59,South,Direct Labor,sample_gl
Budget,5010,2025-03-14,1923.63,South,Direct Labor,sample_gl
Budget,5010,2025-03-21,3842.33,South,Direct Labor,sample_gl
Budget,5010,2025-03-22,3092.99,South,Direct Labor,sample_gl
Budget,5010,2025-03-28,7958.49,South,Direct Labor,sample_gl
Budget,5010,2025-03-04,5365.73,West,Direct Labor,sample_gl
Budget,5010,2025-03-09,11346.69,West,Direct Labor,sample_gl
Budget,5010,2025-03-13,2514.16,West,Direct Labor,sample_gl
Budget,5010,2025-03-21,7642.93,West,Direct Labor,sample_gl
Budget,5010,2025-03-29,1049.96,West,Direct Labor,sample_gl
Budget,5010,2025-03-30,63.28,West,Direct Labor,sample_gl
Budget,5010,2025-03-31,2298.43,West,Direct Labor,sample_gl
Budget,5010,2025-03-31,388.53,West,Direct Labor,sample_gl
Budget,6000,2025-03-02,13253.2,North,Salaries & Wages,sample_gl
Budget,6000,2025-03-07,3481.88,North,Salaries & Wages,sample_gl
Budget,6000,2025-03-09,832.7,North,Salaries & Wages,sample_gl
Budget,6000,2025-03-10,2511.46,North,Salaries & Wages,sample_gl
Budget,6000,2025-03-14,3563.14,North,Salaries & Wages,sample_gl
Budget,6000,2025-03-19,6948.43,North,Salaries & Wages,sample_gl
Budget,6000,2025-03-19,6787.8,North,Salaries & Wages,sample_gl
Budget,6000,2025-03-31,1229.55,North,Salaries & Wages,sample_gl
Budget,6000,2025-03-01,2710.35,South,Salaries & Wages,sample_gl
Budget,6000,2025-03-04,4110.23,South,Salaries & Wages,sample_gl
Budget,6000,2025-03-05,5334.38,South,Salaries & Wages,sample_gl
Budget,6000,2025-03-10,8265.01,South,Salaries & Wages,sample_gl
Budget,6000,2025-03-15,1525.19,South,Salaries & Wages,sample_gl
Budget,6000,2025-03-16,1466.18,South,Salaries & Wages,sample_gl
Budget,6000,2025-03-22,5150.13,South,Salaries & Wages,sample_gl
Budget,6000,2025-03-30,13383.75,South,Salaries & Wages,sample_gl
Budget,6000,2025-03-02,199.47,West,Salaries & Wages,sample_gl
Budget,6000,2025-03-04,1756.02,West,Salaries & Wages,sample_gl
Budget,6000,2025-03-07,3441.23,West,Salaries & Wages,sample_gl
Budget,6000,2025-03-10,8406.95,West,Salaries & Wages,sample_gl
Budget,6000,2025-03-10,16968.08,West,Salaries & Wages,sample_gl
Budget,6000,2025-03-16,1914.14,West,Salaries & Wages,sample_gl
Budget,6000,2025-03-19,1748.19,West,Salaries & Wages,sample_gl
Budget,6000,2025-03-27,4752.46,West,Salaries & Wages,sample_gl
Budget,6010,2025-03-03,332.69,North,Rent & Facilities,sample_gl
Budget,6010,2025-03-05,1144.0,North,Rent & Facilities,sample_gl
Budget,6010,2025-03-17,1533.77,North,Rent & Facilities,sample_gl
Budget,6010,2025-03-18,1462.24,North,Rent & Facilities,sample_gl
Budget,6010,2025-03-22,2910.5,North,Rent & Facilities,sample_gl
Budget,6010,2025-03-25,205.55,North,Rent & Facilities,sample_gl
Budget,6010,2025-03-31,1917.31,North,Rent & Facilities,sample_gl
Budget,6010,2025-03-31,846.19,North,Rent & Facilities,sample_gl
Budget,6010,2025-03-04,1772.89,South,Rent & Facilities,sample_gl
Budget,6010,2025-03-13,2685.53,South,Rent & Facilities,sample_gl
Budget,6010,2025-03-13,1649.31,South,Rent & Facilities,sample_gl
Budget,6010,2025-03-14,2121.11,South,Rent & Facilities,sample_gl
Budget,6010,2025-03-21,731.98,South,Rent & Facilities,sample_gl
Budget,6010,2025-03-22,174.95,South,Rent & Facilities,sample_gl
Budget,6010,2025-03-29,277.85,South,Rent & Facilities,sample_gl
Budget,6010,2025-03-31,816.42,South,Rent & Facilities,sample_gl
Budget,6010,2025-03-05,1814.81,West,Rent & Facilities,sample_gl
Budget,6010,2025-03-05,159.84,West,Rent & Facilities,sample_gl
Budget,6010,2025-03-07,968.02,West,Rent & Facilities,sample_gl
Budget,6010,2025-03-09,75.83,West,Rent & Facilities,sample_gl
Budget,6010,2025-03-14,1545.48,West,Rent & Facilities,sample_gl
Budget,6010,2025-03-18,3179.39,West,Rent & Facilities,sample_gl
Budget,6010,2025-03-22,1432.21,West,Rent & Facilities,sample_gl
Budget,6010,2025-03-25,721.3,West,Rent & Facilities,sample_gl
Budget,6020,2025-03-11,382.15,North,Marketing,sample_gl
Budget,6020,2025-03-15,4740.61,North,Marketing,sample_gl
Budget,6020,2025-03-17,48.67,North,Marketing,sample_gl
Budget,6020,2025-03-17,1500.19,North,Marketing,sample_gl
Budget,6020,2025-03-22,76.2,North,Marketing,sample_gl
Budget,6020,2025-03-23,6450.64,North,Marketing,sample_gl
Budget,6020,2025-03-23,707.08,North,Marketing,sample_gl
Budget,6020,2025-03-30,557.6,North,Marketing,sample_gl
Budget,6020,2025-03-03,609.84,South,Marketing,sample_gl
Budget,6020,2025-03-05,3640.32,South,Marketing,sample_gl
Budget,6020,2025-03-10,2360.37,South,Marketing,sample_gl
Budget,6020,2025-03-14,462.11,South,Marketing,sample_gl
Budget,6020,2025-03-20,1887.99,South,Marketing,sample_gl
Budget,6020,2025-03-25,1038.56,South,Marketing,sample_gl
Budget,6020,2025-03-25,251.83,South,Marketing,sample_gl
Budget,6020,2025-03-30,1140.11,South,Marketing,sample_gl
Budget,6020,2025-03-01,1252.36,West,Marketing,sample_gl
Budget,6020,2025-03-15,331.21,West,Marketing,sample_gl
Budget,6020,2025-03-15,2413.12,West,Marketing,sample_gl
Budget,6020,2025-03-17,4795.36,West,Marketing,sample_gl
Budget,6020,2025-03-22,3366.88,West,Marketing,sample_gl
Budget,6020,2025-03-25,255.3,West,Marketing,sample_gl
Budget,6020,2025-03-26,2174.2,West,Marketing,sample_gl
Budget,6020,2025-03-28,204.53,West,Marketing,sample_gl
Budget,6030,2025-03-02,2408.03,North,Software & Subscriptions,sample_gl
Budget,6030,2025-03-04,25.66,North,Software & Subscriptions,sample_gl
Budget,6030,2025-03-11,215.83,North,Software & Subscriptions,sample_gl
Budget,6030,2025-03-16,106.39,North,Software & Subscriptions,sample_gl
Budget,6030,2025-03-19,551.33,North,Software & Subscriptions,sample_gl
Budget,6030,2025-03-23,72.5,North,Software & Subscriptions,sample_gl
Budget,6030,2025-03-24,1180.05,North,Software & Subscriptions,sample_gl
Budget,6030,2025-03-28,154.25,North,Software & Subscriptions,sample_gl
Budget,6030,2025-03-05,0.21,South,Software & Subscriptions,sample_gl
Budget,6030,2025-03-10,38.02,South,Software & Subscriptions,sample_gl
Budget,6030,2025-03-10,641.62,South,Software & Subscriptions,sample_gl
Budget,6030,2025-03-21,37.49,South,Software & Subscriptions,sample_gl
Budget,6030,2025-03-21,2156.86,South,Software & Subscriptions,sample_gl
Budget,6030,2025-03-24,704.31,South,Software & Subscriptions,sample_gl
Budget,6030,2025-03-28,497.75,South,Software & Subscriptions,sample_gl
Budget,6030,2025-03-30,1850.48,South,Software & Subscriptions,sample_gl
Budget,6030,2025-03-01,337.82,West,Software & Subscriptions,sample_gl
Budget,6030,2025-03-04,401.58,West,Software & Subscriptions,sample_gl
Budget,6030,2025-03-04,1716.28,West,Software & Subscriptions,sample_gl
Budget,6030,2025-03-07,238.3,West,Software & Subscriptions,sample_gl
Budget,6030,2025-03-08,2285.1,West,Software & Subscriptions,sample_gl
Budget,6030,2025-03-16,130.2,West,Software & Subscriptions,sample_gl
Budget,6030,2025-03-17,855.73,West,Software & Subscriptions,sample_gl
Budget,6030,2025-03-27,105.03,West,Software & Subscriptions,sample_gl
Budget,6040,2025-03-04,63.31,North,Travel & Entertainment,sample_gl
Budget,6040,2025-03-05,5.2,North,Travel & Entertainment,sample_gl
Budget,6040,2025-03-14,134.16,North,Travel & Entertainment,sample_gl
Budget,6040,2025-03-15,33.19,North,Travel & Entertainment,sample_gl
Budget,6040,2025-03-20,7.88,North,Travel & Entertainment,sample_gl
Budget,6040,2025-03-22,31.22,North,Travel & Entertainment,sample_gl
Budget,6040,2025-03-22,28.5,North,Travel & Entertainment,sample_gl
Budget,6040,2025-03-28,67.27,North,Travel & Entertainment,sample_gl
Budget,6040,2025-03-04,261.66,South,Travel & Entertainment,sample_gl
Budget,6040,2025-03-10,691.98,South,Travel & Entertainment,sample_gl
Budget,6040,2025-03-10,62.67,South,Travel & Entertainment,sample_gl
Budget,6040,2025-03-16,19.35,South,Travel & Entertainment,sample_gl
Budget,6040,2025-03-16,166.09,South,Travel & Entertainment,sample_gl
Budget,6040,2025-03-19,425.97,South,Travel & Entertainment,sample_gl
Budget,6040,2025-03-22,73.02,South,Travel & Entertainment,sample_gl
Budget,6040,2025-03-31,737.06,South,Travel & Entertainment,sample_gl
Budget,6040,2025-03-01,219.43,West,Travel & Entertainment,sample_gl
Budget,6040,2025-03-02,2188.92,West,Travel & Entertainment,sample_gl
Budget,6040,2025-03-10,782.19,West,Travel & Entertainment,sample_gl
Budget,6040,2025-03-13,531.12,West,Travel & Entertainment,sample_gl
Budget,6040,2025-03-19,875.8,West,Travel & Entertainment,sample_gl
Budget,6040,2025-03-19,71.22,West,Travel & Entertainment,sample_gl
Budget,6040,2025-03-21,286.89,West,Travel & Entertainment,sample_gl
Budget,6040,2025-03-21,191.49,West,Travel & Entertainment,sample_gl
Budget,7000,2025-03-01,610.49,North,Interest Expense,sample_gl
Budget,7000,2025-03-06,93.12,North,Interest Expense,sample_gl
Budget,7000,2025-03-09,146.3,North,Interest Expense,sample_gl
Budget,7000,2025-03-12,1218.8,North,Interest Expense,sample_gl
Budget,7000,2025-03-17,48.43,North,Interest Expense,sample_gl
Budget,7000,2025-03-17,527.73,North,Interest Expense,sample_gl
Budget,7000,2025-03-28,994.41,North,Interest Expense,sample_gl
Budget,7000,2025-03-28,392.94,North,Interest Expense,sample_gl
Budget,7000,2025-03-05,261.21,South,Interest Expense,sample_gl
Budget,7000,2025-03-09,429.53,South,Interest Expense,sample_gl
Budget,7000,2025-03-10,1161.75,South,Interest Expense,sample_gl
Budget,7000,2025-03-22,467.57,South,Interest Expense,sample_gl
Budget,7000,2025-03-25,894.12,South,Interest Expense,sample_gl
Budget,7000,2025-03-26,322.26,South,Interest Expense,sample_gl
Budget,7000,2025-03-26,149.65,South,Interest Expense,sample_gl
Budget,7000,2025-03-28,143.4,South,Interest Expense,sample_gl
Budget,7000,2025-03-05,115.98,West,Interest Expense,sample_gl
Budget,7000,2025-03-09,149.47,West,Interest Expense,sample_gl
Budget,7000,2025-03-17,2015.96,West,Interest Expense,sample_gl
Budget,7000,2025-03-17,14.8,West,Interest Expense,sample_gl
Budget,7000,2025-03-22,17.12,West,Interest Expense,sample_gl
Budget,7000,2025-03-23,427.89,West,Interest Expense,sample_gl
Budget,7000,2025-03-25,519.03,West,Interest Expense,sample_gl
Budget,7000,2025-03-30,668.3,West,Interest Expense,sample_gl
Budget,4000,2025-04-04,-17434.97,North,Product Revenue,sample_gl
Budget,4000,2025-04-11,-20853.27,North,Product Revenue,sample_gl
Budget,4000,2025-04-16,-82126.13,North,Product Revenue,sample_gl
Budget,4000,2025-04-16,-7206.73,North,Product Revenue,sample_gl
Budget,4000,2025-04-22,-3945.93,North,Product Revenue,sample_gl
Budget,4000,2025-04-22,-14081.11,North,Product Revenue,sample_gl
Budget,4000,2025-04-25,-6038.03,North,Product Revenue,sample_gl
Budget,4000,2025-04-30,-13681.12,North,Product Revenue,sample_gl
Budget,4000,2025-04-02,-11270.11,South,Product Revenue,sample_gl
Budget,4000,2025-04-03,-6431.62,South,Product Revenue,sample_gl
Budget,4000,2025-04-09,-76089.94,South,Product Revenue,sample_gl
Budget,4000,2025-04-13,-24249.75,South,Product Revenue,sample_gl
Budget,4000,2025-04-14,-11957.57,South,Product Revenue,sample_gl
Budget,4000,2025-04-20,-946.76,South,Product Revenue,sample_gl
Budget,4000,2025-04-25,-11868.13,South,Product Revenue,sample_gl
Budget,4000,2025-04-30,-11821.76,South,Product Revenue,sample_gl
Budget,4000,2025-04-05,-35065.72,West,Product Revenue,sample_gl
Budget,4000,2025-04-07,-32433.02,West,Product Revenue,sample_gl
Budget,4000,2025-04-07,-8869.98,West,Product Revenue,sample_gl
Budget,4000,2025-04-09,-5819.98,West,Product Revenue,sample_gl
Budget,4000,2025-04-13,-23375.36,West,Product Revenue,sample_gl
Budget,4000,2025-04-18,-9844.19,West,Product Revenue,sample_gl
Budget,4000,2025-04-19,-7440.94,West,Product Revenue,sample_gl
Budget,4000,2025-04-21,-32655.28,West,Product Revenue,sample_gl
Budget,4010,2025-04-01,-4268.37,North,Service Revenue,sample_gl
Budget,4010,2025-04-02,-6722.34,North,Service Revenue,sample_gl
Budget,4010,2025-04-03,-10335.46,North,Service Revenue,sample_gl
Budget,4010,2025-04-04,-2874.62,North,Service Revenue,sample_gl
Budget,4010,2025-04-07,-8217.84,North,Service Revenue,sample_gl
Budget,4010,2025-04-19,-15624.36,North,Service Revenue,sample_gl
Budget,4010,2025-04-21,-4939.61,North,Service Revenue,sample_gl
Budget,4010,2025-04-22,-6329.09,North,Service Revenue,sample_gl
Budget,4010,2025-04-07,-3234.17,South,Service Revenue,sample_gl
Budget,4010,2025-04-07,-3405.83,South,Service Revenue,sample_gl
Budget,4010,2025-04-16,-10317.45,South,Service Revenue,sample_gl
Budget,4010,2025-04-17,-3631.54,South,Service Revenue,sample_gl
Budget,4010,2025-04-19,-2226.01,South,Service Revenue,sample_gl
Budget,4010,2025-04-21,-4091.89,South,Service Revenue,sample_gl
Budget,4010,2025-04-27,-2879.08,South,Service Revenue,sample_gl
Budget,4010,2025-04-27,-18374.09,South,Service Revenue,sample_gl
Budget,4010,2025-04-03,-4180.8,West,Service Revenue,sample_gl
Budget,4010,2025-04-03,-3761.27,West,Service Revenue,sample_gl
Budget,4010,2025-04-05,-232.29,West,Service Revenue,sample_gl
Budget,4010,2025-04-13,-2398.47,West,Service Revenue,sample_gl
Budget,4010,2025-04-17,-1159.03,West,Service Revenue,sample_gl
Budget,4010,2025-04-19,-9592.32,West,Service Revenue,sample_gl
Budget,4010,2025-04-26,-12022.86,West,Service Revenue,sample_gl
Budget,4010,2025-04-28,-2105.24,West,Service Revenue,sample_gl
Budget,5000,2025-04-03,17445.05,North,Cost of Goods Sold,sample_gl
Budget,5000,2025-04-03,5119.44,North,Cost of Goods Sold,sample_gl
Budget,5000,2025-04-06,14852.27,North,Cost of Goods Sold,sample_gl
Budget,5000,2025-04-10,1204.26,North,Cost of Goods Sold,sample_gl
Budget,5000,2025-04-12,832.35,North,Cost of Goods Sold,sample_gl
Budget,5000,2025-04-23,4719.43,North,Cost of Goods Sold,sample_gl
Budget,5000,2025-04-28,534.6,North,Cost of Goods Sold,sample_gl
Budget,5000,2025-04-28,27559.25,North,Cost of Goods Sold,sample_gl
Budget,5000,2025-04-04,1909.34,South,Cost of Goods Sold,sample_gl
Budget,5000,2025-04-09,6962.15,South,Cost of Goods Sold,sample_gl
Budget,5000,2025-04-16,7744.4,South,Cost of Goods Sold,sample_gl
Budget,5000,2025-04-19,4691.52,South,Cost of Goods Sold,sample_gl
Budget,5000,2025-04-21,223.17,South,Cost of Goods Sold,sample_gl
Budget,5000,2025-04-29,13314.19,South,Cost of Goods Sold,sample_gl
Budget,5000,2025-04-30,13862.34,South,Cost of Goods Sold,sample_gl
Budget,5000,2025-04-30,14984.3,South,Cost of Goods Sold,sample_gl
Budget,5000,2025-04-02,2289.77,West,Cost of Goods Sold,sample_gl
Budget,5000,2025-04-03,43236.8,West,Cost of Goods Sold,sample_gl
Budget,5000,2025-04-08,4045.93,West,Cost of Goods Sold,sample_gl
Budget,5000,2025-04-16,8984.32,West,Cost of Goods Sold,sample_gl
Budget,5000,2025-04-22,2827.96,West,Cost of Goods Sold,sample_gl
Budget,5000,2025-04-26,123.69,West,Cost of Goods Sold,sample_gl
Budget,5000,2025-04-29,2016.91,West,Cost of Goods Sold,sample_gl
Budget,5000,2025-04-30,1226.66,West,Cost of Goods Sold,sample_gl
Budget,5010,2025-04-03,681.19,North,Direct Labor,sample_gl
Budget,5010,2025-04-16,117.5,North,Direct Labor,sample_gl
Budget,5010,2025-04-18,4377.38,North,Direct Labor,sample_gl
Budget,5010,2025-04-20,3080.81,North,Direct Labor,sample_gl
Budget,5010,2025-04-20,1455.93,North,Direct Labor,sample_gl
Budget,5010,2025-04-24,2731.14,North,Direct Labor,sample_gl
Budget,5010,2025-04-29,5668.9,North,Direct Labor,sample_gl
Budget,5010,2025-04-30,1021.78,North,Direct Labor,sample_gl
Budget,5010,2025-04-01,443.84,South,Direct Labor,sample_gl
Budget,5010,2025-04-01,4368.06,South,Direct Labor,sample_gl
Budget,5010,2025-04-02,4494.01,South,Direct Labor,sample_gl
Budget,5010,2025-04-08,189.76,South,Direct Labor,sample_gl
Budget,5010,2025-04-25,2331.42,South,Direct Labor,sample_gl
Budget,5010,2025-04-26,3089.77,South,Direct Labor,sample_gl
Budget,5010,2025-04-26,1850.84,South,Direct Labor,sample_gl
Budget,5010,2025-04-30,7761.0,South,Direct Labor,sample_gl
Budget,5010,2025-04-05,3790.61,West,Direct Labor,sample_gl
Budget,5010,2025-04-05,79.02,West,Direct Labor,sample_gl
Budget,5010,2025-04-13,7383.35,West,Direct Labor,sample_gl
Budget,5010,2025-04-14,284.12,West,Direct Labor,sample_gl
Budget,5010,2025-04-14,8653.56,West,Direct Labor,sample_gl
Budget,5010,2025-04-18,9441.76,West,Direct Labor,sample_gl
Budget,5010,2025-04-23,476.1,West,Direct Labor,sample_gl
Budget,5010,2025-04-23,2686.98,West,Direct Labor,sample_gl
Budget,6000,2025-04-01,1835.17,North,Salaries & Wages,sample_gl
Budget,6000,2025-04-08,435.94,North,Salaries & Wages,sample_gl
Budget,6000,2025-04-14,9.18,North,Salaries & Wages,sample_gl
Budget,6000,2025-04-24,7738.34,North,Salaries & Wages,sample_gl
Budget,6000,2025-04-25,11476.71,North,Salaries & Wages,sample_gl
Budget,6000,2025-04-26,10645.08,North,Salaries & Wages,sample_gl
Budget,6000,2025-04-26,2865.77,North,Salaries & Wages,sample_gl
Budget,6000,2025-04-29,5080.79,North,Salaries & Wages,sample_gl
Budget,6000,2025-04-02,3144.35,South,Salaries & Wages,sample_gl
Budget,6000,2025-04-06,2195.85,South,Salaries & Wages,sample_gl
Budget,6000,2025-04-10,11037.32,South,Salaries & Wages,sample_gl
Budget,6000,2025-04-11,10653.18,South,Salaries & Wages,sample_gl
Budget,6000,2025-04-12,40.86,South,Salaries & Wages,sample_gl
Budget,6000,2025-04-15,9585.7,South,Salaries & Wages,sample_gl
Budget,6000,2025-04-20,4432.35,South,Salaries & Wages,sample_gl
Budget,6000,2025-04-21,78.68,South,Salaries & Wages,sample_gl
Budget,6000,2025-04-08,10177.65,West,Salaries & Wages,sample_gl
Budget,6000,2025-04-12,2438.62,West,Salaries & Wages,sample_gl
Budget,6000,2025-04-23,2676.25,West,Salaries & Wages,sample_gl
Budget,6000,2025-04-24,3192.76,West,Salaries & Wages,sample_gl
Budget,6000,2025-04-27,4495.4,West,Salaries & Wages,sample_gl
Budget,6000,2025-04-28,13235.01,West,Salaries & Wages,sample_gl
Budget,6000,2025-04-29,1000.55,West,Salaries & Wages,sample_gl
Budget,6000,2025-04-30,4460.28,West,Salaries & Wages,sample_gl
Budget,6010,2025-04-02,777.76,North,Rent & Facilities,sample_gl
Budget,6010,2025-04-04,3295.47,North,Rent & Facilities,sample_gl
Budget,6010,2025-04-11,747.3,North,Rent & Facilities,sample_gl
Budget,6010,2025-04-12,344.9,North,Rent & Facilities,sample_gl
Budget,6010,2025-04-17,3176.92,North,Rent & Facilities,sample_gl
Budget,6010,2025-04-18,700.2,North,Rent & Facilities,sample_gl
Budget,6010,2025-04-23,381.85,North,Rent & Facilities,sample_gl
Budget,6010,2025-04-29,490.14,North,Rent & Facilities,sample_gl
Budget,6010,2025-04-02,332.73,South,Rent & Facilities,sample_gl
Budget,6010,2025-04-04,793.31,South,Rent & Facilities,sample_gl
Budget,6010,2025-04-05,1613.85,South,Rent & Facilities,sample_gl
Budget,6010,2025-04-08,1732.8,South,Rent & Facilities,sample_gl
Budget,6010,2025-04-12,444.98,South,Rent & Facilities,sample_gl
Budget,6010,2025-04-24,1488.39,South,Rent & Facilities,sample_gl
Budget,6010,2025-04-26,477.41,South,Rent & Facilities,sample_gl
Budget,6010,2025-04-27,2973.4,South,Rent & Facilities,sample_gl
Budget,6010,2025-04-02,195.99,West,Rent & Facilities,sample_gl
Budget,6010,2025-04-03,2137.84,West,Rent & Facilities,sample_gl
Budget,6010,2025-04-09,1610.43,West,Rent & Facilities,sample_gl
Budget,6010,2025-04-10,33.91,West,Rent & Facilities,sample_gl
Budget,6010,2025-04-13,14.02,West,Rent & Facilities,sample_gl
Budget,6010,2025-04-20,624.75,West,Rent & Facilities,sample_gl
Budget,6010,2025-04-27,2245.0,West,Rent & Facilities,sample_gl
Budget,6010,2025-04-28,3536.1,West,Rent & Facilities,sample_gl
Budget,6020,2025-04-01,167.83,North,Marketing,sample_gl
Budget,6020,2025-04-02,1161.21,North,Marketing,sample_gl
Budget,6020,2025-04-12,282.25,North,Marketing,sample_gl
Budget,6020,2025-04-18,452.24,North,Marketing,sample_gl
Budget,6020,2025-04-20,2559.95,North,Marketing,sample_gl
Budget,6020,2025-04-25,7.12,North,Marketing,sample_gl
Budget,6020,2025-04-30,452.21,North,Marketing,sample_gl
Budget,6020,2025-04-30,1054.68,North,Marketing,sample_gl
Budget,6020,2025-04-14,3404.05,South,Marketing,sample_gl
Budget,6020,2025-04-14,3148.91,South,Marketing,sample_gl
Budget,6020,2025-04-20,2358.12,South,Marketing,sample_gl
Budget,6020,2025-04-24,651.35,South,Marketing,sample_gl
Budget,6020,2025-04-24,1435.08,South,Marketing,sample_gl
Budget,6020,2025-04-26,46.26,South,Marketing,sample_gl
Budget,6020,2025-04-27,236.88,South,Marketing,sample_gl
Budget,6020,2025-04-28,562.88,South,Marketing,sample_gl
Budget,6020,2025-04-06,4647.5,West,Marketing,sample_gl
Budget,6020,2025-04-09,828.6,West,Marketing,sample_gl
Budget,6020,2025-04-14,3640.95,West,Marketing,sample_gl
Budget,6020,2025-04-17,4199.56,West,Marketing,sample_gl
Budget,6020,2025-04-19,4391.68,West,Marketing,sample_gl
Budget,6020,2025-04-19,1026.01,West,Marketing,sample_gl
Budget,6020,2025-04-24,630.29,West,Marketing,sample_gl
Budget,6020,2025-04-25,144.11,West,Marketing,sample_gl
Budget,6030,2025-04-03,1791.41,North,Software & Subscriptions,sample_gl
Budget,6030,2025-04-08,162.98,North,Software & Subscriptions,sample_gl
Budget,6030,2025-04-09,1056.92,North,Software & Subscriptions,sample_gl
Budget,6030,2025-04-10,37.38,North,Software & Subscriptions,sample_gl
Budget,6030,2025-04-11,216.35,North,Software & Subscriptions,sample_gl
Budget,6030,2025-04-18,610.17,North,Software & Subscriptions,sample_gl
Budget,6030,2025-04-19,137.85,North,Software & Subscriptions,sample_gl
Budget,6030,2025-04-25,939.75,North,Software & Subscriptions,sample_gl
Budget,6030,2025-04-01,328.88,South,Software & Subscriptions,sample_gl
Budget,6030,2025-04-06,894.04,South,Software & Subscriptions,sample_gl
Budget,6030,2025-04-09,1246.64,South,Software & Subscriptions,sample_gl
Budget,6030,2025-04-11,148.94,South,Software & Subscriptions,sample_gl
Budget,6030,2025-04-15,77.29,South,Software & Subscriptions,sample_gl
Budget,6030,2025-04-15,2044.08,South,Software & Subscriptions,sample_gl
Budget,6030,2025-04-27,682.41,South,Software & Subscriptions,sample_gl
Budget,6030,2025-04-28,191.51,South,Software & Subscriptions,sample_gl
Budget,6030,2025-04-03,713.52,West,Software & Subscriptions,sample_gl
Budget,6030,2025-04-03,110.37,West,Software & Subscriptions,sample_gl
Budget,6030,2025-04-09,184.53,West,Software & Subscriptions,sample_gl
Budget,6030,2025-04-11,540.32,West,Software & Subscriptions,sample_gl
Budget,6030,2025-04-15,1986.49,West,Software & Subscriptions,sample_gl
Budget,6030,2025-04-18,760.73,West,Software & Subscriptions,sample_gl
Budget,6030,2025-04-20,578.11,West,Software & Subscriptions,sample_gl
Budget,6030,2025-04-29,734.4,West,Software & Subscriptions,sample_gl
Budget,6040,2025-04-02,123.4,North,Travel & Entertainment,sample_gl
Budget,6040,2025-04-04,55.46,North,Travel & Entertainment,sample_gl
Budget,6040,2025-04-06,578.34,North,Travel & Entertainment,sample_gl
Budget,6040,2025-04-15,4.73,North,Travel & Entertainment,sample_gl
Budget,6040,2025-04-17,943.65,North,Travel & Entertainment,sample_gl
Budget,6040,2025-04-21,396.06,North,Travel & Entertainment,sample_gl
Budget,6040,2025-04-22,8.26,North,Travel & Entertainment,sample_gl
Budget,6040,2025-04-28,831.31,North,Travel & Entertainment,sample_gl
Budget,6040,2025-04-02,230.46,South,Travel & Entertainment,sample_gl
Budget,6040,2025-04-12,474.43,South,Travel & Entertainment,sample_gl
Budget,6040,2025-04-18,264.17,South,Travel & Entertainment,sample_gl
Budget,6040,2025-04-22,71.21,South,Travel & Entertainment,sample_gl
Budget,6040,2025-04-23,279.85,South,Travel & Entertainment,sample_gl
Budget,6040,2025-04-28,199.96,South,Travel & Entertainment,sample_gl
Budget,6040,2025-04-28,266.35,South,Travel & Entertainment,sample_gl
Budget,6040,2025-04-28,1188.08,South,Travel & Entertainment,sample_gl
Budget,6040,2025-04-01,389.23,West,Travel & Entertainment,sample_gl
Budget,6040,2025-04-03,10.07,West,Travel & Entertainment,sample_gl
Budget,6040,2025-04-05,87.19,West,Travel & Entertainment,sample_gl
Budget,6040,2025-04-10,74.55,West,Travel & Entertainment,sample_gl
Budget,6040,2025-04-14,216.1,West,Travel & Entertainment,sample_gl
Budget,6040,2025-04-14,162.33,West,Travel & Entertainment,sample_gl
Budget,6040,2025-04-21,220.92,West,Travel & Entertainment,sample_gl
Budget,6040,2025-04-29,31.59,West,Travel & Entertainment,sample_gl
Budget,7000,2025-04-01,107.87,North,Interest Expense,sample_gl
Budget,7000,2025-04-02,2038.78,North,Interest Expense,sample_gl
Budget,7000,2025-04-05,11.04,North,Interest Expense,sample_gl
Budget,7000,2025-04-06,414.99,North,Interest Expense,sample_gl
Budget,7000,2025-04-10,725.86,North,Interest Expense,sample_gl
Budget,7000,2025-04-12,114.73,North,Interest Expense,sample_gl
Budget,7000,2025-04-20,438.63,North,Interest Expense,sample_gl
Budget,7000,2025-04-30,372.26,North,Interest Expense,sample_gl
Budget,7000,2025-04-02,298.93,South,Interest Expense,sample_gl
Budget,7000,2025-04-05,4.38,South,Interest Expense,sample_gl
Budget,7000,2025-04-07,565.05,South,Interest Expense,sample_gl
Budget,7000,2025-04-13,605.15,South,Interest Expense,sample_gl
Budget,7000,2025-04-19,473.29,South,Interest Expense,sample_gl
Budget,7000,2025-04-22,1670.44,South,Interest Expense,sample_gl
Budget,7000,2025-04-24,240.9,South,Interest Expense,sample_gl
Budget,7000,2025-04-27,8.43,South,Interest Expense,sample_gl
Budget,7000,2025-04-04,201.87,West,Interest Expense,sample_gl
Budget,7000,2025-04-14,854.68,West,Interest Expense,sample_gl
Budget,7000,2025-04-18,674.45,West,Interest Expense,sample_gl
Budget,7000,2025-04-18,122.9,West,Interest Expense,sample_gl
Budget,7000,2025-04-19,204.57,West,Interest Expense,sample_gl
Budget,7000,2025-04-21,12.99,West,Interest Expense,sample_gl
Budget,7000,2025-04-24,1255.37,West,Interest Expense,sample_gl
Budget,7000,2025-04-24,598.19,West,Interest Expense,sample_gl
Budget,4000,2025-05-08,-13850.78,North,Product Revenue,sample_gl
Budget,4000,2025-05-08,-40866.87,North,Product Revenue,sample_gl
Budget,4000,2025-05-08,-16530.8,North,Product Revenue,sample_gl
Budget,4000,2025-05-11,-6097.48,North,Product Revenue,sample_gl
Budget,4000,2025-05-12,-43115.83,North,Product Revenue,sample_gl
Budget,4000,2025-05-15,-45978.41,North,Product Revenue,sample_gl
Budget,4000,2025-05-25,-2570.33,North,Product Revenue,sample_gl
Budget,4000,2025-05-26,-4797.65,North,Product Revenue,sample_gl
Budget,4000,2025-05-03,-35559.07,South,Product Revenue,sample_gl
Budget,4000,2025-05-12,-90.77,South,Product Revenue,sample_gl
Budget,4000,2025-05-16,-2258.64,South,Product Revenue,sample_gl
Budget,4000,2025-05-17,-83783.03,South,Product Revenue,sample_gl
Budget,4000,2025-05-18,-6425.33,South,Product Revenue,sample_gl
Budget,4000,2025-05-20,-15150.75,South,Product Revenue,sample_gl
Budget,4000,2025-05-21,-9444.94,South,Product Revenue,sample_gl
Budget,4000,2025-05-30,-2051.4,South,Product Revenue,sample_gl
Budget,4000,2025-05-05,-22139.14,West,Product Revenue,sample_gl
Budget,4000,2025-05-09,-5711.87,West,Product Revenue,sample_gl
Budget,4000,2025-05-10,-9328.61,West,Product Revenue,sample_gl
Budget,4000,2025-05-11,-39486.99,West,Product Revenue,sample_gl
Budget,4000,2025-05-11,-16083.45,West,Product Revenue,sample_gl
Budget,4000,2025-05-20,-2031.74,West,Product Revenue,sample_gl
Budget,4000,2025-05-22,-70644.53,West,Product Revenue,sample_gl
Budget,4000,2025-05-26,-22250.76,West,Product Revenue,sample_gl
Budget,4010,2025-05-01,-1067.63,North,Service Revenue,sample_gl
Budget,4010,2025-05-04,-3437.98,North,Service Revenue,sample_gl
Budget,4010,2025-05-06,-16455.8,North,Service Revenue,sample_gl
Budget,4010,2025-05-06,-10774.76,North,Service Revenue,sample_gl
Budget,4010,2025-05-09,-2414.74,North,Service Revenue,sample_gl
Budget,4010,2025-05-14,-3049.19,North,Service Revenue,sample_gl
Budget,4010,2025-05-15,-1588.2,North,Service Revenue,sample_gl
Budget,4010,2025-05-29,-5823.71,North,Service Revenue,sample_gl
Budget,4010,2025-05-12,-6537.6,South,Service Revenue,sample_gl
Budget,4010,2025-05-13,-5846.61,South,Service Revenue,sample_gl
Budget,4010,2025-05-14,-2665.09,South,Service Revenue,sample_gl
Budget,4010,2025-05-17,-2218.4,South,Service Revenue,sample_gl
Budget,4010,2025-05-17,-8.61,South,Service Revenue,sample_gl
Budget,4010,2025-05-28,-18472.09,South,Service Revenue,sample_gl
Budget,4010,2025-05-29,-6554.73,South,Service Revenue,sample_gl
Budget,4010,2025-05-30,-8991.08,South,Service Revenue,sample_gl
Budget,4010,2025-05-02,-15115.58,West,Service Revenue,sample_gl
Budget,4010,2025-05-03,-3431.1,West,Service Revenue,sample_gl
Budget,4010,2025-05-04,-2817.19,West,Service Revenue,sample_gl
Budget,4010,2025-05-20,-2091.09,West,Service Revenue,sample_gl
Budget,4010,2025-05-20,-44.85,West,Service Revenue,sample_gl
Budget,4010,2025-05-24,-1429.17,West,Service Revenue,sample_gl
Budget,4010,2025-05-24,-18689.9,West,Service Revenue,sample_gl
Budget,4010,2025-05-30,-8631.52,West,Service Revenue,sample_gl
Budget,5000,2025-05-03,25959.64,North,Cost of Goods Sold,sample_gl
Budget,5000,2025-05-05,666.81,North,Cost of Goods Sold,sample_gl
Budget,5000,2025-05-17,4155.83,North,Cost of Goods Sold,sample_gl
Budget,5000,2025-05-19,4918.58,North,Cost of Goods Sold,sample_gl
Budget,5000,2025-05-25,5957.74,North,Cost of Goods Sold,sample_gl
Budget,5000,2025-05-27,3919.94,North,Cost of Goods Sold,sample_gl
Budget,5000,2025-05-30,17279.18,North,Cost of Goods Sold,sample_gl
Budget,5000,2025-05-30,7327.38,North,Cost of Goods Sold,sample_gl
Budget,5000,2025-05-04,22801.85,South,Cost of Goods Sold,sample_gl
Budget,5000,2025-05-08,1293.88,South,Cost of Goods Sold,sample_gl
Budget,5000,2025-05-09,6044.63,South,Cost of Goods Sold,sample_gl
Budget,5000,2025-05-10,9708.57,South,Cost of Goods Sold,sample_gl
Budget,5000,2025-05-16,1108.79,South,Cost of Goods Sold,sample_gl
Budget,5000,2025-05-19,18665.1,South,Cost of Goods Sold,sample_gl
Budget,5000,2025-05-25,3760.48,South,Cost of Goods Sold,sample_gl
Budget,5000,2025-05-31,7254.37,South,Cost of Goods Sold,sample_gl
Budget,5000,2025-05-02,10678.16,West,Cost of Goods Sold,sample_gl
Budget,5000,2025-05-05,7265.07,West,Cost of Goods Sold,sample_gl
Budget,5000,2025-05-07,618.21,West,Cost of Goods Sold,sample_gl
Budget,5000,2025-05-24,1710.4,West,Cost of Goods Sold,sample_gl
Budget,5000,2025-05-24,2126.59,West,Cost of Goods Sold,sample_gl
Budget,5000,2025-05-27,5364.6,West,Cost of Goods Sold,sample_gl
Budget,5000,2025-05-29,28956.53,West,Cost of Goods Sold,sample_gl
Budget,5000,2025-05-31,7764.99,West,Cost of Goods Sold,sample_gl
Budget,5010,2025-05-06,2741.59,North,Direct Labor,sample_gl
Budget,5010,2025-05-08,289.75,North,Direct Labor,sample_gl
Budget,5010,2025-05-10,3586.53,North,Direct Labor,sample_gl
Budget,5010,2025-05-15,792.82,North,Direct Labor,sample_gl
Budget,5010,2025-05-16,548.45,North,Direct Labor,sample_gl
Budget,5010,2025-05-29,7813.63,North,Direct Labor,sample_gl
Budget,5010,2025-05-30,1542.73,North,Direct Labor,sample_gl
Budget,5010,2025-05-31,11249.91,North,Direct Labor,sample_gl
Budget,5010,2025-05-02,4808.54,South,Direct Labor,sample_gl
Budget,5010,2025-05-18,2136.62,South,Direct Labor,sample_gl
Budget,5010,2025-05-18,2161.21,South,Direct Labor,sample_gl
Budget,5010,2025-05-20,1403.68,South,Direct Labor,sample_gl
Budget,5010,2025-05-26,1524.46,South,Direct Labor,sample_gl
Budget,5010,2025-05-29,8231.36,South,Direct Labor,sample_gl
Budget,5010,2025-05-29,3092.17,South,Direct Labor,sample_gl
Budget,5010,2025-05-31,1284.37,South,Direct Labor,sample_gl
Budget,5010,2025-05-04,2306.75,West,Direct Labor,sample_gl
Budget,5010,2025-05-05,878.38,West,Direct Labor,sample_gl
Budget,5010,2025-05-10,448.2,West,Direct Labor,sample_gl
Budget,5010,2025-05-15,9465.53,West,Direct Labor,sample_gl
Budget,5010,2025-05-15,5921.85,West,Direct Labor,sample_gl
Budget,5010,2025-05-17,4584.32,West,Direct Labor,sample_gl
Budget,5010,2025-05-27,804.75,West,Direct Labor,sample_gl
Budget,5010,2025-05-30,2146.15,West,Direct Labor,sample_gl
Budget,6000,2025-05-03,2911.32,North,Salaries & Wages,sample_gl
Budget,6000,2025-05-08,10.29,North,Salaries & Wages,sample_gl
Budget,6000,2025-05-12,3237.01,North,Salaries & Wages,sample_gl
Budget,6000,2025-05-24,7018.5,North,Salaries & Wages,sample_gl
Budget,6000,2025-05-24,4641.81,North,Salaries & Wages,sample_gl
Budget,6000,2025-05-26,8590.6,North,Salaries & Wages,sample_gl
Budget,6000,2025-05-26,2492.89,North,Salaries & Wages,sample_gl
Budget,6000,2025-05-31,10392.7,North,Salaries & Wages,sample_gl
Budget,6000,2025-05-02,8358.64,South,Salaries & Wages,sample_gl
Budget,6000,2025-05-04,14526.66,South,Salaries & Wages,sample_gl
Budget,6000,2025-05-11,1618.77,South,Salaries & Wages,sample_gl
Budget,6000,2025-05-14,2981.32,South,Salaries & Wages,sample_gl
Budget,6000,2025-05-23,3469.16,South,Salaries & Wages,sample_gl
Budget,6000,2025-05-29,5818.22,South,Salaries & Wages,sample_gl
Budget,6000,2025-05-30,4897.01,South,Salaries & Wages,sample_gl
Budget,6000,2025-05-30,2230.92,South,Salaries & Wages,sample_gl
Budget,6000,2025-05-07,3424.61,West,Salaries & Wages,sample_gl
Budget,6000,2025-05-08,1663.06,West,Salaries & Wages,sample_gl
Budget,6000,2025-05-09,2135.29,West,Salaries & Wages,sample_gl
Budget,6000,2025-05-13,10925.27,West,Salaries & Wages,sample_gl
Budget,6000,2025-05-19,555.58,West,Salaries & Wages,sample_gl
Budget,6000,2025-05-22,471.71,West,Salaries & Wages,sample_gl
Budget,6000,2025-05-28,5329.11,West,Salaries & Wages,sample_gl
Budget,6000,2025-05-31,14099.15,West,Salaries & Wages,sample_gl
Budget,6010,2025-05-01,381.16,North,Rent & Facilities,sample_gl
Budget,6010,2025-05-03,4437.62,North,Rent & Facilities,sample_gl
Budget,6010,2025-05-07,1183.61,North,Rent & Facilities,sample_gl
Budget,6010,2025-05-14,21.22,North,Rent & Facilities,sample_gl
Budget,6010,2025-05-17,173.31,North,Rent & Facilities,sample_gl
Budget,6010,2025-05-24,559.32,North,Rent & Facilities,sample_gl
Budget,6010,2025-05-24,216.14,North,Rent & Facilities,sample_gl
Budget,6010,2025-05-28,2848.01,North,Rent & Facilities,sample_gl
Budget,6010,2025-05-06,2962.92,South,Rent & Facilities,sample_gl
Budget,6010,2025-05-08,1953.81,South,Rent & Facilities,sample_gl
Budget,6010,2025-05-10,533.49,South,Rent & Facilities,sample_gl
Budget,6010,2025-05-17,545.9,South,Rent & Facilities,sample_gl
Budget,6010,2025-05-22,322.81,South,Rent & Facilities,sample_gl
Budget,6010,2025-05-27,380.61,South,Rent & Facilities,sample_gl
Budget,6010,2025-05-29,2076.76,South,Rent & Facilities,sample_gl
Budget,6010,2025-05-31,1253.31,South,Rent & Facilities,sample_gl
Budget,6010,2025-05-04,1816.08,West,Rent & Facilities,sample_gl
Budget,6010,2025-05-08,733.9,West,Rent & Facilities,sample_gl
Budget,6010,2025-05-10,1774.89,West,Rent & Facilities,sample_gl
Budget,6010,2025-05-25,54.33,West,Rent & Facilities,sample_gl
Budget,6010,2025-05-25,229.93,West,Rent & Facilities,sample_gl
Budget,6010,2025-05-29,2199.98,West,Rent & Facilities,sample_gl
Budget,6010,2025-05-29,3047.89,West,Rent & Facilities,sample_gl
Budget,6010,2025-05-31,450.27,West,Rent & Facilities,sample_gl
Budget,6020,2025-05-05,302.21,North,Marketing,sample_gl
Budget,6020,2025-05-16,1942.29,North,Marketing,sample_gl
Budget,6020,2025-05-16,551.12,North,Marketing,sample_gl
Budget,6020,2025-05-25,1472.1,North,Marketing,sample_gl
Budget,6020,2025-05-26,2003.95,North,Marketing,sample_gl
Budget,6020,2025-05-27,899.06,North,Marketing,sample_gl
Budget,6020,2025-05-28,1708.8,North,Marketing,sample_gl
Budget,6020,2025-05-29,1554.84,North,Marketing,sample_gl
Budget,6020,2025-05-09,953.56,South,Marketing,sample_gl
Budget,6020,2025-05-11,2867.92,South,Marketing,sample_gl
Budget,6020,2025-05-11,728.72,South,Marketing,sample_gl
Budget,6020,2025-05-13,2871.15,South,Marketing,sample_gl
Budget,6020,2025-05-14,1052.57,South,Marketing,sample_gl
Budget,6020,2025-05-18,2631.35,South,Marketing,sample_gl
Budget,6020,2025-05-22,3015.4,South,Marketing,sample_gl
Budget,6020,2025-05-25,3333.14,South,Marketing,sample_gl
Budget,6020,2025-05-06,391.92,West,Marketing,sample_gl
Budget,6020,2025-05-07,1655.4,West,Marketing,sample_gl
Budget,6020,2025-05-08,350.75,West,Marketing,sample_gl
Budget,6020,2025-05-18,7619.3,West,Marketing,sample_gl
Budget,6020,2025-05-19,1317.37,West,Marketing,sample_gl
Budget,6020,2025-05-21,6301.18,West,Marketing,sample_gl
Budget,6020,2025-05-25,333.63,West,Marketing,sample_gl
Budget,6020,2025-05-29,589.13,West,Marketing,sample_gl
Budget,6030,2025-05-03,256.18,North,Software & Subscriptions,sample_gl
Budget,6030,2025-05-11,74.17,North,Software & Subscriptions,sample_gl
Budget,6030,2025-05-12,765.19,North,Software & Subscriptions,sample_gl
Budget,6030,2025-05-13,1691.8,North,Software & Subscriptions,sample_gl
Budget,6030,2025-05-23,1200.05,North,Software & Subscriptions,sample_gl
Budget,6030,2025-05-25,375.5,North,Software & Subscriptions,sample_gl
Budget,6030,2025-05-25,765.55,North,Software & Subscriptions,sample_gl
Budget,6030,2025-05-30,76.95,North,Software & Subscriptions,sample_gl
Budget,6030,2025-05-06,56.74,South,Software & Subscriptions,sample_gl
Budget,6030,2025-05-07,977.84,South,Software & Subscriptions,sample_gl
Budget,6030,2025-05-10,1051.61,South,Software & Subscriptions,sample_gl
Budget,6030,2025-05-11,104.23,South,Software & Subscriptions,sample_gl
Budget,6030,2025-05-12,109.8,South,Software & Subscriptions,sample_gl
Budget,6030,2025-05-14,841.01,South,Software & Subscriptions,sample_gl
Budget,6030,2025-05-26,375.89,South,Software & Subscriptions,sample_gl
Budget,6030,2025-05-30,642.78,South,Software & Subscriptions,sample_gl
Budget,6030,2025-05-01,190.75,West,Software & Subscriptions,sample_gl
Budget,6030,2025-05-02,1943.08,West,Software & Subscriptions,sample_gl
Budget,6030,2025-05-06,129.29,West,Software & Subscriptions,sample_gl
Budget,6030,2025-05-08,1303.4,West,Software & Subscriptions,sample_gl
Budget,6030,2025-05-10,319.15,West,Software & Subscriptions,sample_gl
Budget,6030,2025-05-10,349.25,West,Software & Subscriptions,sample_gl
Budget,6030,2025-05-16,356.23,West,Software & Subscriptions,sample_gl
Budget,6030,2025-05-26,1056.05,West,Software & Subscriptions,sample_gl
Budget,6040,2025-05-03,95.77,North,Travel & Entertainment,sample_gl
Budget,6040,2025-05-03,358.31,North,Travel & Entertainment,sample_gl
Budget,6040,2025-05-03,2120.03,North,Travel & Entertainment,sample_gl
Budget,6040,2025-05-17,220.95,North,Travel & Entertainment,sample_gl
Budget,6040,2025-05-23,686.38,North,Travel & Entertainment,sample_gl
Budget,6040,2025-05-24,47.58,North,Travel & Entertainment,sample_gl
Budget,6040,2025-05-25,837.87,North,Travel & Entertainment,sample_gl
Budget,6040,2025-05-28,385.03,North,Travel & Entertainment,sample_gl
Budget,6040,2025-05-07,23.22,South,Travel & Entertainment,sample_gl
Budget,6040,2025-05-10,47.16,South,Travel & Entertainment,sample_gl
Budget,6040,2025-05-11,28.65,South,Travel & Entertainment,sample_gl
Budget,6040,2025-05-13,7.86,South,Travel & Entertainment,sample_gl
Budget,6040,2025-05-20,27.32,South,Travel & Entertainment,sample_gl
Budget,6040,2025-05-26,38.96,South,Travel & Entertainment,sample_gl
Budget,6040,2025-05-27,52.59,South,Travel & Entertainment,sample_gl
Budget,6040,2025-05-28,7.16,South,Travel & Entertainment,sample_gl
Budget,6040,2025-05-08,792.47,West,Travel & Entertainment,sample_gl
Budget,6040,2025-05-09,257.35,West,Travel & Entertainment,sample_gl
Budget,6040,2025-05-10,406.77,West,Travel & Entertainment,sample_gl
Budget,6040,2025-05-14,51.14,West,Travel & Entertainment,sample_gl
Budget,6040,2025-05-16,72.83,West,Travel & Entertainment,sample_gl
Budget,6040,2025-05-18,391.17,West,Travel & Entertainment,sample_gl
Budget,6040,2025-05-30,86.41,West,Travel & Entertainment,sample_gl
Budget,6040,2025-05-31,14.19,West,Travel & Entertainment,sample_gl
Budget,7000,2025-05-01,957.16,North,Interest Expense,sample_gl
Budget,7000,2025-05-04,413.68,North,Interest Expense,sample_gl
Budget,7000,2025-05-08,154.17,North,Interest Expense,sample_gl
Budget,7000,2025-05-13,797.23,North,Interest Expense,sample_gl
Budget,7000,2025-05-15,328.51,North,Interest Expense,sample_gl
Budget,7000,2025-05-19,688.08,North,Interest Expense,sample_gl
Budget,7000,2025-05-23,685.08,North,Interest Expense,sample_gl
Budget,7000,2025-05-25,99.72,North,Interest Expense,sample_gl
Budget,7000,2025-05-03,949.2,South,Interest Expense,sample_gl
Budget,7000,2025-05-05,80.02,South,Interest Expense,sample_gl
Budget,7000,2025-05-08,904.53,South,Interest Expense,sample_gl
Budget,7000,2025-05-13,380.3,South,Interest Expense,sample_gl
Budget,7000,2025-05-16,203.57,South,Interest Expense,sample_gl
Budget,7000,2025-05-19,435.1,South,Interest Expense,sample_gl
Budget,7000,2025-05-28,181.22,South,Interest Expense,sample_gl
Budget,7000,2025-05-31,949.86,South,Interest Expense,sample_gl
Budget,7000,2025-05-02,22.61,West,Interest Expense,sample_gl
Budget,7000,2025-05-05,1626.81,West,Interest Expense,sample_gl
Budget,7000,2025-05-10,564.18,West,Interest Expense,sample_gl
Budget,7000,2025-05-11,80.02,West,Interest Expense,sample_gl
Budget,7000,2025-05-11,507.5,West,Interest Expense,sample_gl
Budget,7000,2025-05-23,262.26,West,Interest Expense,sample_gl
Budget,7000,2025-05-24,160.9,West,Interest Expense,sample_gl
Budget,7000,2025-05-27,832.97,West,Interest Expense,sample_gl
Budget,4000,2025-06-11,-12811.81,North,Product Revenue,sample_gl
Budget,4000,2025-06-15,-3714.42,North,Product Revenue,sample_gl
Budget,4000,2025-06-16,-8975.38,North,Product Revenue,sample_gl
Budget,4000,2025-06-17,-33603.93,North,Product Revenue,sample_gl
Budget,4000,2025-06-18,-50906.21,North,Product Revenue,sample_gl
Budget,4000,2025-06-23,-9066.93,North,Product Revenue,sample_gl
Budget,4000,2025-06-24,-37108.5,North,Product Revenue,sample_gl
Budget,4000,2025-06-28,-1139.78,North,Product Revenue,sample_gl
Budget,4000,2025-06-02,-26435.89,South,Product Revenue,sample_gl
Budget,4000,2025-06-04,-52597.93,South,Product Revenue,sample_gl
Budget,4000,2025-06-04,-14560.76,South,Product Revenue,sample_gl
Budget,4000,2025-06-06,-5557.74,South,Product Revenue,sample_gl
Budget,4000,2025-06-07,-19198.79,South,Product Revenue,sample_gl
Budget,4000,2025-06-15,-46883.83,South,Product Revenue,sample_gl
Budget,4000,2025-06-24,-2133.5,South,Product Revenue,sample_gl
Budget,4000,2025-06-28,-21641.05,South,Product Revenue,sample_gl
Budget,4000,2025-06-09,-24764.01,West,Product Revenue,sample_gl
Budget,4000,2025-06-10,-11014.55,West,Product Revenue,sample_gl
Budget,4000,2025-06-11,-29252.89,West,Product Revenue,sample_gl
Budget,4000,2025-06-17,-26531.72,West,Product Revenue,sample_gl
Budget,4000,2025-06-22,-15880.0,West,Product Revenue,sample_gl
Budget,4000,2025-06-24,-192.6,West,Product Revenue,sample_gl
Budget,4000,2025-06-29,-6145.65,West,Product Revenue,sample_gl
Budget,4000,2025-06-30,-61207.5,West,Product Revenue,sample_gl
Budget,4010,2025-06-07,-6793.2,North,Service Revenue,sample_gl
Budget,4010,2025-06-09,-19527.38,North,Service Revenue,sample_gl
Budget,4010,2025-06-12,-9825.54,North,Service Revenue,sample_gl
Budget,4010,2025-06-15,-5485.07,North,Service Revenue,sample_gl
Budget,4010,2025-06-16,-1153.86,North,Service Revenue,sample_gl
Budget,4010,2025-06-17,-3748.65,North,Service Revenue,sample_gl
Budget,4010,2025-06-20,-457.91,North,Service Revenue,sample_gl
Budget,4010,2025-06-23,-3202.24,North,Service Revenue,sample_gl
Budget,4010,2025-06-01,-3477.31,South,Service Revenue,sample_gl
Budget,4010,2025-06-03,-5425.58,South,Service Revenue,sample_gl
Budget,4010,2025-06-05,-9934.52,South,Service Revenue,sample_gl
Budget,4010,2025-06-07,-1104.95,South,Service Revenue,sample_gl
Budget,4010,2025-06-07,-6728.47,South,Service Revenue,sample_gl
Budget,4010,2025-06-10,-3928.54,South,Service Revenue,sample_gl
Budget,4010,2025-06-16,-8894.97,South,Service Revenue,sample_gl
Budget,4010,2025-06-23,-17410.23,South,Service Revenue,sample_gl
Budget,4010,2025-06-01,-13846.17,West,Service Revenue,sample_gl
Budget,4010,2025-06-07,-1571.78,West,Service Revenue,sample_gl
Budget,4010,2025-06-08,-4917.5,West,Service Revenue,sample_gl
Budget,4010,2025-06-12,-9137.3,West,Service Revenue,sample_gl
Budget,4010,2025-06-18,-2018.71,West,Service Revenue,sample_gl
Budget,4010,2025-06-21,-9896.4,West,Service Revenue,sample_gl
Budget,4010,2025-06-29,-2387.13,West,Service Revenue,sample_gl
Budget,4010,2025-06-30,-6651.62,West,Service Revenue,sample_gl
Budget,5000,2025-06-03,6789.72,North,Cost of Goods Sold,sample_gl
Budget,5000,2025-06-04,10657.86,North,Cost of Goods Sold,sample_gl
Budget,5000,2025-06-05,1131.24,North,Cost of Goods Sold,sample_gl
Budget,5000,2025-06-07,3329.41,North,Cost of Goods Sold,sample_gl
Budget,5000,2025-06-07,17064.0,North,Cost of Goods Sold,sample_gl
Budget,5000,2025-06-19,11860.36,North,Cost of Goods Sold,sample_gl
Budget,5000,2025-06-22,2045.78,North,Cost of Goods Sold,sample_gl
Budget,5000,2025-06-24,13478.01,North,Cost of Goods Sold,sample_gl
Budget,5000,2025-06-09,205.82,South,Cost of Goods Sold,sample_gl
Budget,5000,2025-06-19,15923.77,South,Cost of Goods Sold,sample_gl
Budget,5000,2025-06-20,549.97,South,Cost of Goods Sold,sample_gl
Budget,5000,2025-06-24,1185.8,South,Cost of Goods Sold,sample_gl
Budget,5000,2025-06-25,29596.12,South,Cost of Goods Sold,sample_gl
Budget,5000,2025-06-26,22605.55,South,Cost of Goods Sold,sample_gl
Budget,5000,2025-06-28,1565.7,South,Cost of Goods Sold,sample_gl
Budget,5000,2025-06-28,5429.24,South,Cost of Goods Sold,sample_gl
Budget,5000,2025-06-01,7411.75,West,Cost of Goods Sold,sample_gl
Budget,5000,2025-06-02,13256.42,West,Cost of Goods Sold,sample_gl
Budget,5000,2025-06-03,7114.96,West,Cost of Goods Sold,sample_gl
Budget,5000,2025-06-05,3834.64,West,Cost of Goods Sold,sample_gl
Budget,5000,2025-06-11,715.93,West,Cost of Goods Sold,sample_gl
Budget,5000,2025-06-16,3060.82,West,Cost of Goods Sold,sample_gl
Budget,5000,2025-06-28,6615.61,West,Cost of Goods Sold,sample_gl
Budget,5000,2025-06-29,21177.99,West,Cost of Goods Sold,sample_gl
Budget,5010,2025-06-10,13279.92,North,Direct Labor,sample_gl
Budget,5010,2025-06-12,221.33,North,Direct Labor,sample_gl
Budget,5010,2025-06-13,7706.62,North,Direct Labor,sample_gl
Budget,5010,2025-06-13,218.45,North,Direct Labor,sample_gl
Budget,5010,2025-06-16,1045.49,North,Direct Labor,sample_gl
Budget,5010,2025-06-23,1582.55,North,Direct Labor,sample_gl
Budget,5010,2025-06-25,251.11,North,Direct Labor,sample_gl
Budget,5010,2025-06-27,1135.69,North,Direct Labor,sample_gl
Budget,5010,2025-06-04,635.74,South,Direct Labor,sample_gl
Budget,5010,2025-06-09,8114.86,South,Direct Labor,sample_gl
Budget,5010,2025-06-15,439.98,South,Direct Labor,sample_gl
Budget,5010,2025-06-16,1752.38,South,Direct Labor,sample_gl
Budget,5010,2025-06-18,770.62,South,Direct Labor,sample_gl
Budget,5010,2025-06-22,2307.88,South,Direct Labor,sample_gl
Budget,5010,2025-06-23,2818.19,South,Direct Labor,sample_gl
Budget,5010,2025-06-26,8292.7,South,Direct Labor,sample_gl
Budget,5010,2025-06-07,114.95,West,Direct Labor,sample_gl
Budget,5010,2025-06-07,103.55,West,Direct Labor,sample_gl
Budget,5010,2025-06-14,3446.4,West,Direct Labor,sample_gl
Budget,5010,2025-06-18,4165.41,West,Direct Labor,sample_gl
Budget,5010,2025-06-20,1220.71,West,Direct Labor,sample_gl
Budget,5010,2025-06-24,1718.2,West,Direct Labor,sample_gl
Budget,5010,2025-06-29,4537.5,West,Direct Labor,sample_gl
Budget,5010,2025-06-30,5166.98,West,Direct Labor,sample_gl
Budget,6000,2025-06-01,1326.4,North,Salaries & Wages,sample_gl
Budget,6000,2025-06-09,411.01,North,Salaries & Wages,sample_gl
Budget,6000,2025-06-09,8272.99,North,Salaries & Wages,sample_gl
Budget,6000,2025-06-12,866.92,North,Salaries & Wages,sample_gl
Budget,6000,2025-06-17,8061.85,North,Salaries & Wages,sample_gl
Budget,6000,2025-06-20,5797.07,North,Salaries & Wages,sample_gl
Budget,6000,2025-06-30,2778.31,North,Salaries & Wages,sample_gl
Budget,6000,2025-06-30,12046.31,North,Salaries & Wages,sample_gl
Budget,6000,2025-06-01,1569.81,South,Salaries & Wages,sample_gl
Budget,6000,2025-06-16,17889.53,South,Salaries & Wages,sample_gl
Budget,6000,2025-06-19,692.64,South,Salaries & Wages,sample_gl
Budget,6000,2025-06-20,5833.9,South,Salaries & Wages,sample_gl
Budget,6000,2025-06-23,4864.18,South,Salaries & Wages,sample_gl
Budget,6000,2025-06-27,2336.37,South,Salaries & Wages,sample_gl
Budget,6000,2025-06-28,2774.59,South,Salaries & Wages,sample_gl
Budget,6000,2025-06-30,5140.26,South,Salaries & Wages,sample_gl
Budget,6000,2025-06-03,2553.56,West,Salaries & Wages,sample_gl
Budget,6000,2025-06-05,286.0,West,Salaries & Wages,sample_gl
Budget,6000,2025-06-05,1601.44,West,Salaries & Wages,sample_gl
Budget,6000,2025-06-06,14674.85,West,Salaries & Wages,sample_gl
Budget,6000,2025-06-23,5672.76,West,Salaries & Wages,sample_gl
Budget,6000,2025-06-24,4255.09,West,Salaries & Wages,sample_gl
Budget,6000,2025-06-28,9491.35,West,Salaries & Wages,sample_gl
Budget,6000,2025-06-28,7025.26,West,Salaries & Wages,sample_gl
Budget,6010,2025-06-01,1713.68,North,Rent & Facilities,sample_gl
Budget,6010,2025-06-07,1995.52,North,Rent & Facilities,sample_gl
Budget,6010,2025-06-11,3096.27,North,Rent & Facilities,sample_gl
Budget,6010,2025-06-20,507.83,North,Rent & Facilities,sample_gl
Budget,6010,2025-06-21,1778.37,North,Rent & Facilities,sample_gl
Budget,6010,2025-06-24,19.55,North,Rent & Facilities,sample_gl
Budget,6010,2025-06-27,877.07,North,Rent & Facilities,sample_gl
Budget,6010,2025-06-28,139.05,North,Rent & Facilities,sample_gl
Budget,6010,2025-06-02,466.92,South,Rent & Facilities,sample_gl
Budget,6010,2025-06-03,1080.6,South,Rent & Facilities,sample_gl
Budget,6010,2025-06-07,263.01,South,Rent & Facilities,sample_gl
Budget,6010,2025-06-14,986.66,South,Rent & Facilities,sample_gl
Budget,6010,2025-06-22,3586.69,South,Rent & Facilities,sample_gl
Budget,6010,2025-06-22,841.22,South,Rent & Facilities,sample_gl
Budget,6010,2025-06-27,761.38,South,Rent & Facilities,sample_gl
Budget,6010,2025-06-27,2504.2,South,Rent & Facilities,sample_gl
Budget,6010,2025-06-01,2749.62,West,Rent & Facilities,sample_gl
Budget,6010,2025-06-06,679.86,West,Rent & Facilities,sample_gl
Budget,6010,2025-06-10,92.73,West,Rent & Facilities,sample_gl
Budget,6010,2025-06-14,1128.13,West,Rent & Facilities,sample_gl
Budget,6010,2025-06-21,1036.36,West,Rent & Facilities,sample_gl
Budget,6010,2025-06-24,19.93,West,Rent & Facilities,sample_gl
Budget,6010,2025-06-27,1286.8,West,Rent & Facilities,sample_gl
Budget,6010,2025-06-27,3050.38,West,Rent & Facilities,sample_gl
Budget,6020,2025-06-01,156.12,North,Marketing,sample_gl
Budget,6020,2025-06-03,2376.48,North,Marketing,sample_gl
Budget,6020,2025-06-06,2070.62,North,Marketing,sample_gl
Budget,6020,2025-06-11,2281.8,North,Marketing,sample_gl
Budget,6020,2025-06-19,2656.15,North,Marketing,sample_gl
Budget,6020,2025-06-21,3578.28,North,Marketing,sample_gl
Budget,6020,2025-06-24,987.68,North,Marketing,sample_gl
Budget,6020,2025-06-25,848.95,North,Marketing,sample_gl
Budget,6020,2025-06-07,788.67,South,Marketing,sample_gl
Budget,6020,2025-06-21,1174.08,South,Marketing,sample_gl
Budget,6020,2025-06-22,113.73,South,Marketing,sample_gl
Budget,6020,2025-06-24,555.67,South,Marketing,sample_gl
Budget,6020,2025-06-24,709.13,South,Marketing,sample_gl
Budget,6020,2025-06-25,1324.63,South,Marketing,sample_gl
Budget,6020,2025-06-28,5772.44,South,Marketing,sample_gl
Budget,6020,2025-06-29,4348.65,South,Marketing,sample_gl
Budget,6020,2025-06-03,2941.81,West,Marketing,sample_gl
Budget,6020,2025-06-06,3186.92,West,Marketing,sample_gl
Budget,6020,2025-06-09,145.99,West,Marketing,sample_gl
Budget,6020,2025-06-09,2751.21,West,Marketing,sample_gl
Budget,6020,2025-06-10,2830.03,West,Marketing,sample_gl
Budget,6020,2025-06-15,1472.52,West,Marketing,sample_gl
Budget,6020,2025-06-16,985.86,West,Marketing,sample_gl
Budget,6020,2025-06-23,2942.25,West,Marketing,sample_gl
Budget,6030,2025-06-05,1812.91,North,Software & Subscriptions,sample_gl
Budget,6030,2025-06-07,335.92,North,Software & Subscriptions,sample_gl
Budget,6030,2025-06-13,575.68,North,Software & Subscriptions,sample_gl
Budget,6030,2025-06-18,739.5,North,Software & Subscriptions,sample_gl
Budget,6030,2025-06-19,592.79,North,Software & Subscriptions,sample_gl
Budget,6030,2025-06-19,226.13,North,Software & Subscriptions,sample_gl
Budget,6030,2025-06-23,1798.99,North,Software & Subscriptions,sample_gl
Budget,6030,2025-06-27,197.87,North,Software & Subscriptions,sample_gl
Budget,6030,2025-06-02,1607.6,South,Software & Subscriptions,sample_gl
Budget,6030,2025-06-07,718.0,South,Software & Subscriptions,sample_gl
Budget,6030,2025-06-07,39.63,South,Software & Subscriptions,sample_gl
Budget,6030,2025-06-09,208.15,South,Software & Subscriptions,sample_gl
Budget,6030,2025-06-09,232.63,South,Software & Subscriptions,sample_gl
Budget,6030,2025-06-15,335.19,South,Software & Subscriptions,sample_gl
Budget,6030,2025-06-17,1447.41,South,Software & Subscriptions,sample_gl
Budget,6030,2025-06-25,388.63,South,Software & Subscriptions,sample_gl
Budget,6030,2025-06-02,710.06,West,Software & Subscriptions,sample_gl
Budget,6030,2025-06-04,126.85,West,Software & Subscriptions,sample_gl
Budget,6030,2025-06-11,668.95,West,Software & Subscriptions,sample_gl
Budget,6030,2025-06-19,99.35,West,Software & Subscriptions,sample_gl
Budget,6030,2025-06-21,521.58,West,Software & Subscriptions,sample_gl
Budget,6030,2025-06-22,1903.3,West,Software & Subscriptions,sample_gl
Budget,6030,2025-06-23,8.75,West,Software & Subscriptions,sample_gl
Budget,6030,2025-06-29,433.95,West,Software & Subscriptions,sample_gl
Budget,6040,2025-06-01,660.07,North,Travel & Entertainment,sample_gl
Budget,6040,2025-06-06,623.2,North,Travel & Entertainment,sample_gl
Budget,6040,2025-06-15,325.18,North,Travel & Entertainment,sample_gl
Budget,6040,2025-06-15,19.96,North,Travel & Entertainment,sample_gl
Budget,6040,2025-06-18,253.52,North,Travel & Entertainment,sample_gl
Budget,6040,2025-06-20,78.24,North,Travel & Entertainment,sample_gl
Budget,6040,2025-06-25,20.55,North,Travel & Entertainment,sample_gl
Budget,6040,2025-06-26,729.05,North,Travel & Entertainment,sample_gl
Budget,6040,2025-06-02,1645.73,South,Travel & Entertainment,sample_gl
Budget,6040,2025-06-08,83.1,South,Travel & Entertainment,sample_gl
Budget,6040,2025-06-10,353.07,South,Travel & Entertainment,sample_gl
Budget,6040,2025-06-13,1052.17,South,Travel & Entertainment,sample_gl
Budget,6040,2025-06-16,44.76,South,Travel & Entertainment,sample_gl
Budget,6040,2025-06-22,520.69,South,Travel & Entertainment,sample_gl
Budget,6040,2025-06-29,218.13,South,Travel & Entertainment,sample_gl
Budget,6040,2025-06-30,188.98,South,Travel & Entertainment,sample_gl
Budget,6040,2025-06-07,688.2,West,Travel & Entertainment,sample_gl
Budget,6040,2025-06-10,950.42,West,Travel & Entertainment,sample_gl
Budget,6040,2025-06-17,126.49,West,Travel & Entertainment,sample_gl
Budget,6040,2025-06-19,2218.41,West,Travel & Entertainment,sample_gl
Budget,6040,2025-06-20,74.03,West,Travel & Entertainment,sample_gl
Budget,6040,2025-06-23,1028.35,West,Travel & Entertainment,sample_gl
Budget,6040,2025-06-29,55.16,West,Travel & Entertainment,sample_gl
Budget,6040,2025-06-30,157.23,West,Travel & Entertainment,sample_gl
Budget,7000,2025-06-01,324.37,North,Interest Expense,sample_gl
Budget,7000,2025-06-06,39.52,North,Interest Expense,sample_gl
Budget,7000,2025-06-12,231.34,North,Interest Expense,sample_gl
Budget,7000,2025-06-13,225.31,North,Interest Expense,sample_gl
Budget,7000,2025-06-15,132.62,North,Interest Expense,sample_gl
Budget,7000,2025-06-15,262.72,North,Interest Expense,sample_gl
Budget,7000,2025-06-22,2347.42,North,Interest Expense,sample_gl
Budget,7000,2025-06-26,472.35,North,Interest Expense,sample_gl
Budget,7000,2025-06-01,1887.15,South,Interest Expense,sample_gl
Budget,7000,2025-06-04,792.2,South,Interest Expense,sample_gl
Budget,7000,2025-06-06,73.55,South,Interest Expense,sample_gl
Budget,7000,2025-06-12,48.07,South,Interest Expense,sample_gl
Budget,7000,2025-06-12,29.84,South,Interest Expense,sample_gl
Budget,7000,2025-06-16,501.54,South,Interest Expense,sample_gl
Budget,7000,2025-06-25,326.63,South,Interest Expense,sample_gl
Budget,7000,2025-06-28,349.4,South,Interest Expense,sample_gl
Budget,7000,2025-06-04,567.9,West,Interest Expense,sample_gl
Budget,7000,2025-06-05,1107.18,West,Interest Expense,sample_gl
Budget,7000,2025-06-11,130.75,West,Interest Expense,sample_gl
Budget,7000,2025-06-13,1300.51,West,Interest Expense,sample_gl
Budget,7000,2025-06-25,182.41,West,Interest Expense,sample_gl
Budget,7000,2025-06-25,197.9,West,Interest Expense,sample_gl
Budget,7000,2025-06-30,332.72,West,Interest Expense,sample_gl
Budget,7000,2025-06-30,433.72,West,Interest Expense,sample_gl
Budget,4000,2025-07-01,-292.9,North,Product Revenue,sample_gl
Budget,4000,2025-07-06,-13927.61,North,Product Revenue,sample_gl
Budget,4000,2025-07-08,-29057.31,North,Product Revenue,sample_gl
Budget,4000,2025-07-19,-23395.38,North,Product Revenue,sample_gl
Budget,4000,2025-07-20,-6607.01,North,Product Revenue,sample_gl
Budget,4000,2025-07-24,-19006.51,North,Product Revenue,sample_gl
Budget,4000,2025-07-25,-17983.09,North,Product Revenue,sample_gl
Budget,4000,2025-07-29,-73767.73,North,Product Revenue,sample_gl
Budget,4000,2025-07-02,-16254.64,South,Product Revenue,sample_gl
Budget,4000,2025-07-05,-10135.65,South,Product Revenue,sample_gl
Budget,4000,2025-07-07,-5099.24,South,Product Revenue,sample_gl
Budget,4000,2025-07-07,-22971.11,South,Product Revenue,sample_gl
Budget,4000,2025-07-08,-12775.11,South,Product Revenue,sample_gl
Budget,4000,2025-07-10,-16908.53,South,Product Revenue,sample_gl
Budget,4000,2025-07-14,-34070.87,South,Product Revenue,sample_gl
Budget,4000,2025-07-16,-56847.61,South,Product Revenue,sample_gl
Budget,4000,2025-07-04,-26351.95,West,Product Revenue,sample_gl
Budget,4000,2025-07-06,-30368.09,West,Product Revenue,sample_gl
Budget,4000,2025-07-06,-9530.68,West,Product Revenue,sample_gl
Budget,4000,2025-07-13,-41177.24,West,Product Revenue,sample_gl
Budget,4000,2025-07-15,-12579.79,West,Product Revenue,sample_gl
Budget,4000,2025-07-17,-12048.47,West,Product Revenue,sample_gl
Budget,4000,2025-07-22,-112.48,West,Product Revenue,sample_gl
Budget,4000,2025-07-27,-31626.25,West,Product Revenue,sample_gl
Budget,4010,2025-07-01,-3628.49,North,Service Revenue,sample_gl
Budget,4010,2025-07-05,-4090.17,North,Service Revenue,sample_gl
Budget,4010,2025-07-13,-20401.78,North,Service Revenue,sample_gl
Budget,4010,2025-07-15,-168.02,North,Service Revenue,sample_gl
Budget,4010,2025-07-16,-15232.25,North,Service Revenue,sample_gl
Budget,4010,2025-07-17,-1090.17,North,Service Revenue,sample_gl
Budget,4010,2025-07-19,-4783.96,North,Service Revenue,sample_gl
Budget,4010,2025-07-22,-17169.19,North,Service Revenue,sample_gl
Budget,4010,2025-07-11,-4409.95,South,Service Revenue,sample_gl
Budget,4010,2025-07-12,-1745.2,South,Service Revenue,sample_gl
Budget,4010,2025-07-16,-3702.14,South,Service Revenue,sample_gl
Budget,4010,2025-07-17,-13516.36,South,Service Revenue,sample_gl
Budget,4010,2025-07-18,-18494.63,South,Service Revenue,sample_gl
Budget,4010,2025-07-23,-6101.76,South,Service Revenue,sample_gl
Budget,4010,2025-07-25,-5592.06,South,Service Revenue,sample_gl
Budget,4010,2025-07-28,-1555.97,South,Service Revenue,sample_gl
Budget,4010,2025-07-01,-1448.68,West,Service Revenue,sample_gl
Budget,4010,2025-07-07,-14363.12,West,Service Revenue,sample_gl
Budget,4010,2025-07-09,-1086.21,West,Service Revenue,sample_gl
Budget,4010,2025-07-11,-1822.76,West,Service Revenue,sample_gl
Budget,4010,2025-07-19,-3622.16,West,Service Revenue,sample_gl
Budget,4010,2025-07-23,-9212.35,West,Service Revenue,sample_gl
Budget,4010,2025-07-30,-156.65,West,Service Revenue,sample_gl
Budget,4010,2025-07-31,-4646.41,West,Service Revenue,sample_gl
Budget,5000,2025-07-09,1507.79,North,Cost of Goods Sold,sample_gl
Budget,5000,2025-07-10,15616.25,North,Cost of Goods Sold,sample_gl
Budget,5000,2025-07-11,1666.31,North,Cost of Goods Sold,sample_gl
Budget,5000,2025-07-12,284.74,North,Cost of Goods Sold,sample_gl
Budget,5000,2025-07-14,7649.48,North,Cost of Goods Sold,sample_gl
Budget,5000,2025-07-20,1903.76,North,Cost of Goods Sold,sample_gl
Budget,5000,2025-07-22,20509.17,North,Cost of Goods Sold,sample_gl
Budget,5000,2025-07-22,14940.93,North,Cost of Goods Sold,sample_gl
Budget,5000,2025-07-02,8486.86,South,Cost of Goods Sold,sample_gl
Budget,5000,2025-07-02,1251.59,South,Cost of Goods Sold,sample_gl
Budget,5000,2025-07-04,2059.48,South,Cost of Goods Sold,sample_gl
Budget,5000,2025-07-12,14877.95,South,Cost of Goods Sold,sample_gl
Budget,5000,2025-07-18,6546.58,South,Cost of Goods Sold,sample_gl
Budget,5000,2025-07-20,2796.42,South,Cost of Goods Sold,sample_gl
Budget,5000,2025-07-24,24084.94,South,Cost of Goods Sold,sample_gl
Budget,5000,2025-07-24,7223.05,South,Cost of Goods Sold,sample_gl
Budget,5000,2025-07-08,2353.28,West,Cost of Goods Sold,sample_gl
Budget,5000,2025-07-20,144.66,West,Cost of Goods Sold,sample_gl
Budget,5000,2025-07-24,17575.39,West,Cost of Goods Sold,sample_gl
Budget,5000,2025-07-27,14903.71,West,Cost of Goods Sold,sample_gl
Budget,5000,2025-07-27,2476.08,West,Cost of Goods Sold,sample_gl
Budget,5000,2025-07-29,7034.93,West,Cost of Goods Sold,sample_gl
Budget,5000,2025-07-30,5942.03,West,Cost of Goods Sold,sample_gl
Budget,5000,2025-07-30,11033.62,West,Cost of Goods Sold,sample_gl
Budget,5010,2025-07-03,665.08,North,Direct Labor,sample_gl
Budget,5010,2025-07-04,6966.97,North,Direct Labor,sample_gl
Budget,5010,2025-07-11,4922.63,North,Direct Labor,sample_gl
Budget,5010,2025-07-13,6844.88,North,Direct Labor,sample_gl
Budget,5010,2025-07-17,2863.5,North,Direct Labor,sample_gl
Budget,5010,2025-07-24,5294.09,North,Direct Labor,sample_gl
Budget,5010,2025-07-26,680.97,North,Direct Labor,sample_gl
Budget,5010,2025-07-29,1474.99,North,Direct Labor,sample_gl
Budget,5010,2025-07-04,1531.98,South,Direct Labor,sample_gl
Budget,5010,2025-07-07,5219.76,South,Direct Labor,sample_gl
Budget,5010,2025-07-09,10163.2,South,Direct Labor,sample_gl
Budget,5010,2025-07-10,1072.28,South,Direct Labor,sample_gl
Budget,5010,2025-07-14,1325.36,South,Direct Labor,sample_gl
Budget,5010,2025-07-19,2468.28,South,Direct Labor,sample_gl
Budget,5010,2025-07-26,3120.55,South,Direct Labor,sample_gl
Budget,5010,2025-07-31,6471.49,South,Direct Labor,sample_gl
Budget,5010,2025-07-06,113.18,West,Direct Labor,sample_gl
Budget,5010,2025-07-09,911.78,West,Direct Labor,sample_gl
Budget,5010,2025-07-09,3036.59,West,Direct Labor,sample_gl
Budget,5010,2025-07-14,579.81,West,Direct Labor,sample_gl
Budget,5010,2025-07-23,1742.75,West,Direct Labor,sample_gl
Budget,5010,2025-07-24,2549.01,West,Direct Labor,sample_gl
Budget,5010,2025-07-25,2305.54,West,Direct Labor,sample_gl
Budget,5010,2025-07-30,11168.6,West,Direct Labor,sample_gl
Budget,6000,2025-07-04,737.02,North,Salaries & Wages,sample_gl
Budget,6000,2025-07-09,1861.61,North,Salaries & Wages,sample_gl
Budget,6000,2025-07-09,6427.06,North,Salaries & Wages,sample_gl
Budget,6000,2025-07-11,2712.22,North,Salaries & Wages,sample_gl
Budget,6000,2025-07-15,1499.81,North,Salaries & Wages,sample_gl
Budget,6000,2025-07-20,15799.38,North,Salaries & Wages,sample_gl
Budget,6000,2025-07-21,4687.37,North,Salaries & Wages,sample_gl
Budget,6000,2025-07-26,7056.05,North,Salaries & Wages,sample_gl
Budget,6000,2025-07-11,454.64,South,Salaries & Wages,sample_gl
Budget,6000,2025-07-13,11866.99,South,Salaries & Wages,sample_gl
Budget,6000,2025-07-14,208.75,South,Salaries & Wages,sample_gl
Budget,6000,2025-07-16,3545.92,South,Salaries & Wages,sample_gl
Budget,6000,2025-07-18,635.42,South,Salaries & Wages,sample_gl
Budget,6000,2025-07-19,10152.03,South,Salaries & Wages,sample_gl
Budget,6000,2025-07-20,6775.95,South,Salaries & Wages,sample_gl
Budget,6000,2025-07-21,2536.97,South,Salaries & Wages,sample_gl
Budget,6000,2025-07-02,8511.64,West,Salaries & Wages,sample_gl
Budget,6000,2025-07-09,5649.02,West,Salaries & Wages,sample_gl
Budget,6000,2025-07-13,979.82,West,Salaries & Wages,sample_gl
Budget,6000,2025-07-13,7879.4,West,Salaries & Wages,sample_gl
Budget,6000,2025-07-19,2873.08,West,Salaries & Wages,sample_gl
Budget,6000,2025-07-22,13793.23,West,Salaries & Wages,sample_gl
Budget,6000,2025-07-22,703.11,West,Salaries & Wages,sample_gl
Budget,6000,2025-07-28,620.54,West,Salaries & Wages,sample_gl
Budget,6010,2025-07-01,245.79,North,Rent & Facilities,sample_gl
Budget,6010,2025-07-05,1504.91,North,Rent & Facilities,sample_gl
Budget,6010,2025-07-10,1941.36,North,Rent & Facilities,sample_gl
Budget,6010,2025-07-11,838.99,North,Rent & Facilities,sample_gl
Budget,6010,2025-07-15,2029.97,North,Rent & Facilities,sample_gl
Budget,6010,2025-07-15,3659.17,North,Rent & Facilities,sample_gl
Budget,6010,2025-07-22,235.92,North,Rent & Facilities,sample_gl
Budget,6010,2025-07-25,43.83,North,Rent & Facilities,sample_gl
Budget,6010,2025-07-05,934.58,South,Rent & Facilities,sample_gl
Budget,6010,2025-07-08,598.81,South,Rent & Facilities,sample_gl
Budget,6010,2025-07-13,187.97,South,Rent & Facilities,sample_gl
Budget,6010,2025-07-13,382.42,South,Rent & Facilities,sample_gl
Budget,6010,2025-07-18,3396.41,South,Rent & Facilities,sample_gl
Budget,6010,2025-07-20,2687.94,South,Rent & Facilities,sample_gl
Budget,6010,2025-07-30,1372.89,South,Rent & Facilities,sample_gl
Budget,6010,2025-07-31,75.83,South,Rent & Facilities,sample_gl
Budget,6010,2025-07-07,1042.18,West,Rent & Facilities,sample_gl
Budget,6010,2025-07-12,2108.9,West,Rent & Facilities,sample_gl
Budget,6010,2025-07-13,431.83,West,Rent & Facilities,sample_gl
Budget,6010,2025-07-14,542.66,West,Rent & Facilities,sample_gl
Budget,6010,2025-07-18,1786.34,West,Rent & Facilities,sample_gl
Budget,6010,2025-07-24,2816.7,West,Rent & Facilities,sample_gl
Budget,6010,2025-07-25,744.67,West,Rent & Facilities,sample_gl
Budget,6010,2025-07-25,392.26,West,Rent & Facilities,sample_gl
Budget,6020,2025-07-08,2425.66,North,Marketing,sample_gl
Budget,6020,2025-07-13,1512.82,North,Marketing,sample_gl
Budget,6020,2025-07-13,2199.26,North,Marketing,sample_gl
Budget,6020,2025-07-16,197.44,North,Marketing,sample_gl
Budget,6020,2025-07-18,938.87,North,Marketing,sample_gl
Budget,6020,2025-07-18,4007.65,North,Marketing,sample_gl
Budget,6020,2025-07-25,1335.17,North,Marketing,sample_gl
Budget,6020,2025-07-28,1039.07,North,Marketing,sample_gl
Budget,6020,2025-07-04,1243.36,South,Marketing,sample_gl
Budget,6020,2025-07-06,2196.33,South,Marketing,sample_gl
Budget,6020,2025-07-11,241.73,South,Marketing,sample_gl
Budget,6020,2025-07-15,1871.53,South,Marketing,sample_gl
Budget,6020,2025-07-21,157.39,South,Marketing,sample_gl
Budget,6020,2025-07-22,149.73,South,Marketing,sample_gl
Budget,6020,2025-07-25,2881.5,South,Marketing,sample_gl
Budget,6020,2025-07-30,231.07,South,Marketing,sample_gl
Budget,6020,2025-07-01,0.0,West,Marketing,sample_gl
Budget,6020,2025-07-11,0.0,West,Marketing,sample_gl
Budget,6020,2025-07-14,0.0,West,Marketing,sample_gl
Budget,6020,2025-07-19,0.0,West,Marketing,sample_gl
Budget,6020,2025-07-20,0.0,West,Marketing,sample_gl
Budget,6020,2025-07-20,0.0,West,Marketing,sample_gl
Budget,6020,2025-07-24,0.0,West,Marketing,sample_gl
Budget,6020,2025-07-31,0.0,West,Marketing,sample_gl
Budget,6030,2025-07-07,535.01,North,Software & Subscriptions,sample_gl
Budget,6030,2025-07-13,45.86,North,Software & Subscriptions,sample_gl
Budget,6030,2025-07-17,489.04,North,Software & Subscriptions,sample_gl
Budget,6030,2025-07-18,153.63,North,Software & Subscriptions,sample_gl
Budget,6030,2025-07-21,1676.15,North,Software & Subscriptions,sample_gl
Budget,6030,2025-07-28,154.94,North,Software & Subscriptions,sample_gl
Budget,6030,2025-07-28,52.23,North,Software & Subscriptions,sample_gl
Budget,6030,2025-07-30,208.39,North,Software & Subscriptions,sample_gl
Budget,6030,2025-07-07,513.86,South,Software & Subscriptions,sample_gl
Budget,6030,2025-07-08,1017.49,South,Software & Subscriptions,sample_gl
Budget,6030,2025-07-15,781.05,South,Software & Subscriptions,sample_gl
Budget,6030,2025-07-15,479.81,South,Software & Subscriptions,sample_gl
Budget,6030,2025-07-15,891.03,South,Software & Subscriptions,sample_gl
Budget,6030,2025-07-19,813.86,South,Software & Subscriptions,sample_gl
Budget,6030,2025-07-20,78.16,South,Software & Subscriptions,sample_gl
Budget,6030,2025-07-22,47.55,South,Software & Subscriptions,sample_gl
Budget,6030,2025-07-03,43.8,West,Software & Subscriptions,sample_gl
Budget,6030,2025-07-06,161.86,West,Software & Subscriptions,sample_gl
Budget,6030,2025-07-08,242.05,West,Software & Subscriptions,sample_gl
Budget,6030,2025-07-15,3858.9,West,Software & Subscriptions,sample_gl
Budget,6030,2025-07-24,1178.95,West,Software & Subscriptions,sample_gl
Budget,6030,2025-07-30,31.14,West,Software & Subscriptions,sample_gl
Budget,6030,2025-07-30,817.4,West,Software & Subscriptions,sample_gl
Budget,6030,2025-07-31,28.41,West,Software & Subscriptions,sample_gl
Budget,6040,2025-07-04,132.21,North,Travel & Entertainment,sample_gl
Budget,6040,2025-07-18,837.55,North,Travel & Entertainment,sample_gl
Budget,6040,2025-07-18,610.9,North,Travel & Entertainment,sample_gl
Budget,6040,2025-07-20,22.97,North,Travel & Entertainment,sample_gl
Budget,6040,2025-07-21,191.32,North,Travel & Entertainment,sample_gl
Budget,6040,2025-07-23,35.59,North,Travel & Entertainment,sample_gl
Budget,6040,2025-07-23,1.22,North,Travel & Entertainment,sample_gl
Budget,6040,2025-07-25,379.69,North,Travel & Entertainment,sample_gl
Budget,6040,2025-07-02,412.12,South,Travel & Entertainment,sample_gl
Budget,6040,2025-07-12,1337.98,South,Travel & Entertainment,sample_gl
Budget,6040,2025-07-13,555.86,South,Travel & Entertainment,sample_gl
Budget,6040,2025-07-17,708.43,South,Travel & Entertainment,sample_gl
Budget,6040,2025-07-21,117.26,South,Travel & Entertainment,sample_gl
Budget,6040,2025-07-21,16.68,South,Travel & Entertainment,sample_gl
Budget,6040,2025-07-23,220.54,South,Travel & Entertainment,sample_gl
Budget,6040,2025-07-30,608.21,South,Travel & Entertainment,sample_gl
Budget,6040,2025-07-05,807.96,West,Travel & Entertainment,sample_gl
Budget,6040,2025-07-07,200.13,West,Travel & Entertainment,sample_gl
Budget,6040,2025-07-08,391.65,West,Travel & Entertainment,sample_gl
Budget,6040,2025-07-11,719.27,West,Travel & Entertainment,sample_gl
Budget,6040,2025-07-16,46.94,West,Travel & Entertainment,sample_gl
Budget,6040,2025-07-22,132.63,West,Travel & Entertainment,sample_gl
Budget,6040,2025-07-26,13.68,West,Travel & Entertainment,sample_gl
Budget,6040,2025-07-30,742.32,West,Travel & Entertainment,sample_gl
Budget,7000,2025-07-10,99.69,North,Interest Expense,sample_gl
Budget,7000,2025-07-11,37.68,North,Interest Expense,sample_gl
Budget,7000,2025-07-11,400.76,North,Interest Expense,sample_gl
Budget,7000,2025-07-15,453.12,North,Interest Expense,sample_gl
Budget,7000,2025-07-15,66.78,North,Interest Expense,sample_gl
Budget,7000,2025-07-23,947.28,North,Interest Expense,sample_gl
Budget,7000,2025-07-23,1377.38,North,Interest Expense,sample_gl
Budget,7000,2025-07-26,460.53,North,Interest Expense,sample_gl
Budget,7000,2025-07-06,482.99,South,Interest Expense,sample_gl
Budget,7000,2025-07-10,97.26,South,Interest Expense,sample_gl
Budget,7000,2025-07-10,1701.99,South,Interest Expense,sample_gl
Budget,7000,2025-07-16,247.33,South,Interest Expense,sample_gl
Budget,7000,2025-07-19,149.53,South,Interest Expense,sample_gl
Budget,7000,2025-07-21,346.1,South,Interest Expense,sample_gl
Budget,7000,2025-07-23,202.69,South,Interest Expense,sample_gl
Budget,7000,2025-07-31,529.2,South,Interest Expense,sample_gl
Budget,7000,2025-07-01,47.03,West,Interest Expense,sample_gl
Budget,7000,2025-07-07,531.22,West,Interest Expense,sample_gl
Budget,7000,2025-07-08,841.08,West,Interest Expense,sample_gl
Budget,7000,2025-07-09,439.69,West,Interest Expense,sample_gl
Budget,7000,2025-07-10,123.23,West,Interest Expense,sample_gl
Budget,7000,2025-07-19,32.06,West,Interest Expense,sample_gl
Budget,7000,2025-07-21,1377.44,West,Interest Expense,sample_gl
Budget,7000,2025-07-28,505.77,West,Interest Expense,sample_gl
Budget,4000,2025-08-05,-76653.21,North,Product Revenue,sample_gl
Budget,4000,2025-08-11,-384.02,North,Product Revenue,sample_gl
Budget,4000,2025-08-12,-20721.89,North,Product Revenue,sample_gl
Budget,4000,2025-08-17,-394.63,North,Product Revenue,sample_gl
Budget,4000,2025-08-17,-33335.49,North,Product Revenue,sample_gl
Budget,4000,2025-08-19,-45103.37,North,Product Revenue,sample_gl
Budget,4000,2025-08-21,-11214.72,North,Product Revenue,sample_gl
Budget,4000,2025-08-28,-14990.34,North,Product Revenue,sample_gl
Budget,4000,2025-08-03,-16792.71,South,Product Revenue,sample_gl
Budget,4000,2025-08-07,-4282.32,South,Product Revenue,sample_gl
Budget,4000,2025-08-08,-6579.07,South,Product Revenue,sample_gl
Budget,4000,2025-08-08,-42384.7,South,Product Revenue,sample_gl
Budget,4000,2025-08-10,-9915.96,South,Product Revenue,sample_gl
Budget,4000,2025-08-11,-5509.03,South,Product Revenue,sample_gl
Budget,4000,2025-08-22,-16867.01,South,Product Revenue,sample_gl
Budget,4000,2025-08-31,-38086.54,South,Product Revenue,sample_gl
Budget,4000,2025-08-08,-5418.19,West,Product Revenue,sample_gl
Budget,4000,2025-08-17,-39370.84,West,Product Revenue,sample_gl
Budget,4000,2025-08-24,-15192.92,West,Product Revenue,sample_gl
Budget,4000,2025-08-26,-23734.09,West,Product Revenue,sample_gl
Budget,4000,2025-08-26,-19630.81,West,Product Revenue,sample_gl
Budget,4000,2025-08-27,-18969.27,West,Product Revenue,sample_gl
Budget,4000,2025-08-28,-34754.13,West,Product Revenue,sample_gl
Budget,4000,2025-08-29,-7914.61,West,Product Revenue,sample_gl
Budget,4010,2025-08-03,-2754.01,North,Service Revenue,sample_gl
Budget,4010,2025-08-18,-9446.42,North,Service Revenue,sample_gl
Budget,4010,2025-08-18,-398.53,North,Service Revenue,sample_gl
Budget,4010,2025-08-24,-15283.27,North,Service Revenue,sample_gl
Budget,4010,2025-08-26,-4138.04,North,Service Revenue,sample_gl
Budget,4010,2025-08-28,-1913.51,North,Service Revenue,sample_gl
Budget,4010,2025-08-28,-2447.09,North,Service Revenue,sample_gl
Budget,4010,2025-08-31,-12819.98,North,Service Revenue,sample_gl
Budget,4010,2025-08-02,-6669.17,South,Service Revenue,sample_gl
Budget,4010,2025-08-03,-3782.82,South,Service Revenue,sample_gl
Budget,4010,2025-08-06,-4781.35,South,Service Revenue,sample_gl
Budget,4010,2025-08-09,-21664.35,South,Service Revenue,sample_gl
Budget,4010,2025-08-09,-491.74,South,Service Revenue,sample_gl
Budget,4010,2025-08-15,-8202.84,South,Service Revenue,sample_gl
Budget,4010,2025-08-18,-569.86,South,Service Revenue,sample_gl
Budget,4010,2025-08-20,-4152.64,South,Service Revenue,sample_gl
Budget,4010,2025-08-04,-3074.84,West,Service Revenue,sample_gl
Budget,4010,2025-08-08,-1322.55,West,Service Revenue,sample_gl
Budget,4010,2025-08-15,-22201.89,West,Service Revenue,sample_gl
Budget,4010,2025-08-16,-2054.86,West,Service Revenue,sample_gl
Budget,4010,2025-08-18,-136.23,West,Service Revenue,sample_gl
Budget,4010,2025-08-19,-18763.26,West,Service Revenue,sample_gl
Budget,4010,2025-08-19,-5515.18,West,Service Revenue,sample_gl
Budget,4010,2025-08-25,-7124.43,West,Service Revenue,sample_gl
Budget,5000,2025-08-01,33493.31,North,Cost of Goods Sold,sample_gl
Budget,5000,2025-08-10,11069.74,North,Cost of Goods Sold,sample_gl
Budget,5000,2025-08-14,3480.3,North,Cost of Goods Sold,sample_gl
Budget,5000,2025-08-16,582.24,North,Cost of Goods Sold,sample_gl
Budget,5000,2025-08-19,5853.14,North,Cost of Goods Sold,sample_gl
Budget,5000,2025-08-19,2690.83,North,Cost of Goods Sold,sample_gl
Budget,5000,2025-08-20,11308.09,North,Cost of Goods Sold,sample_gl
Budget,5000,2025-08-28,7189.19,North,Cost of Goods Sold,sample_gl
Budget,5000,2025-08-01,12921.24,South,Cost of Goods Sold,sample_gl
Budget,5000,2025-08-09,5305.91,South,Cost of Goods Sold,sample_gl
Budget,5000,2025-08-09,3704.78,South,Cost of Goods Sold,sample_gl
Budget,5000,2025-08-14,15199.35,South,Cost of Goods Sold,sample_gl
Budget,5000,2025-08-16,505.58,South,Cost of Goods Sold,sample_gl
Budget,5000,2025-08-20,25842.27,South,Cost of Goods Sold,sample_gl
Budget,5000,2025-08-21,6161.17,South,Cost of Goods Sold,sample_gl
Budget,5000,2025-08-25,3554.66,South,Cost of Goods Sold,sample_gl
Budget,5000,2025-08-04,423.46,West,Cost of Goods Sold,sample_gl
Budget,5000,2025-08-06,11193.61,West,Cost of Goods Sold,sample_gl
Budget,5000,2025-08-10,20596.34,West,Cost of Goods Sold,sample_gl
Budget,5000,2025-08-15,894.04,West,Cost of Goods Sold,sample_gl
Budget,5000,2025-08-16,10618.61,West,Cost of Goods Sold,sample_gl
Budget,5000,2025-08-21,5682.75,West,Cost of Goods Sold,sample_gl
Budget,5000,2025-08-25,8636.97,West,Cost of Goods Sold,sample_gl
Budget,5000,2025-08-31,6928.38,West,Cost of Goods Sold,sample_gl
Budget,5010,2025-08-04,3358.27,North,Direct Labor,sample_gl
Budget,5010,2025-08-11,2622.19,North,Direct Labor,sample_gl
Budget,5010,2025-08-15,1180.28,North,Direct Labor,sample_gl
Budget,5010,2025-08-18,2273.03,North,Direct Labor,sample_gl
Budget,5010,2025-08-21,56.12,North,Direct Labor,sample_gl
Budget,5010,2025-08-22,14186.02,North,Direct Labor,sample_gl
Budget,5010,2025-08-28,1734.16,North,Direct Labor,sample_gl
Budget,5010,2025-08-30,5481.47,North,Direct Labor,sample_gl
Budget,5010,2025-08-05,3424.31,South,Direct Labor,sample_gl
Budget,5010,2025-08-06,299.93,South,Direct Labor,sample_gl
Budget,5010,2025-08-07,436.36,South,Direct Labor,sample_gl
Budget,5010,2025-08-11,2900.38,South,Direct Labor,sample_gl
Budget,5010,2025-08-19,1529.76,South,Direct Labor,sample_gl
Budget,5010,2025-08-20,2606.59,South,Direct Labor,sample_gl
Budget,5010,2025-08-22,3168.08,South,Direct Labor,sample_gl
Budget,5010,2025-08-30,7315.26,South,Direct Labor,sample_gl
Budget,5010,2025-08-09,6302.94,West,Direct Labor,sample_gl
Budget,5010,2025-08-14,940.57,West,Direct Labor,sample_gl
Budget,5010,2025-08-16,1195.34,West,Direct Labor,sample_gl
Budget,5010,2025-08-20,1779.05,West,Direct Labor,sample_gl
Budget,5010,2025-08-21,9808.06,West,Direct Labor,sample_gl
Budget,5010,2025-08-24,2968.7,West,Direct Labor,sample_gl
Budget,5010,2025-08-25,2752.7,West,Direct Labor,sample_gl
Budget,5010,2025-08-26,1809.67,West,Direct Labor,sample_gl
Budget,6000,2025-08-01,2273.6,North,Salaries & Wages,sample_gl
Budget,6000,2025-08-10,3478.71,North,Salaries & Wages,sample_gl
Budget,6000,2025-08-13,5519.92,North,Salaries & Wages,sample_gl
Budget,6000,2025-08-14,5532.39,North,Salaries & Wages,sample_gl
Budget,6000,2025-08-14,1977.39,North,Salaries & Wages,sample_gl
Budget,6000,2025-08-19,7765.5,North,Salaries & Wages,sample_gl
Budget,6000,2025-08-25,12093.87,North,Salaries & Wages,sample_gl
Budget,6000,2025-08-25,2467.03,North,Salaries & Wages,sample_gl
Budget,6000,2025-08-07,898.87,South,Salaries & Wages,sample_gl
Budget,6000,2025-08-07,13617.48,South,Salaries & Wages,sample_gl
Budget,6000,2025-08-09,1711.72,South,Salaries & Wages,sample_gl
Budget,6000,2025-08-10,4956.5,South,Salaries & Wages,sample_gl
Budget,6000,2025-08-22,6868.91,South,Salaries & Wages,sample_gl
Budget,6000,2025-08-23,2219.08,South,Salaries & Wages,sample_gl
Budget,6000,2025-08-23,1331.55,South,Salaries & Wages,sample_gl
Budget,6000,2025-08-27,6356.43,South,Salaries & Wages,sample_gl
Budget,6000,2025-08-03,14774.18,West,Salaries & Wages,sample_gl
Budget,6000,2025-08-04,7684.26,West,Salaries & Wages,sample_gl
Budget,6000,2025-08-06,7131.66,West,Salaries & Wages,sample_gl
Budget,6000,2025-08-08,6070.31,West,Salaries & Wages,sample_gl
Budget,6000,2025-08-09,197.49,West,Salaries & Wages,sample_gl
Budget,6000,2025-08-11,202.16,West,Salaries & Wages,sample_gl
Budget,6000,2025-08-16,291.13,West,Salaries & Wages,sample_gl
Budget,6000,2025-08-24,1525.22,West,Salaries & Wages,sample_gl
Budget,6010,2025-08-02,989.88,North,Rent & Facilities,sample_gl
Budget,6010,2025-08-08,93.59,North,Rent & Facilities,sample_gl
Budget,6010,2025-08-09,226.92,North,Rent & Facilities,sample_gl
Budget,6010,2025-08-13,1383.35,North,Rent & Facilities,sample_gl
Budget,6010,2025-08-16,911.45,North,Rent & Facilities,sample_gl
Budget,6010,2025-08-19,2636.49,North,Rent & Facilities,sample_gl
Budget,6010,2025-08-20,2771.13,North,Rent & Facilities,sample_gl
Budget,6010,2025-08-23,745.47,North,Rent & Facilities,sample_gl
Budget,6010,2025-08-05,880.02,South,Rent & Facilities,sample_gl
Budget,6010,2025-08-05,1119.86,South,Rent & Facilities,sample_gl
Budget,6010,2025-08-14,452.31,South,Rent & Facilities,sample_gl
Budget,6010,2025-08-19,154.92,South,Rent & Facilities,sample_gl
Budget,6010,2025-08-24,381.35,South,Rent & Facilities,sample_gl
Budget,6010,2025-08-25,2738.69,South,Rent & Facilities,sample_gl
Budget,6010,2025-08-27,1900.48,South,Rent & Facilities,sample_gl
Budget,6010,2025-08-28,2372.05,South,Rent & Facilities,sample_gl
Budget,6010,2025-08-01,659.96,West,Rent & Facilities,sample_gl
Budget,6010,2025-08-05,2386.95,West,Rent & Facilities,sample_gl
Budget,6010,2025-08-10,1279.85,West,Rent & Facilities,sample_gl
Budget,6010,2025-08-17,2577.21,West,Rent & Facilities,sample_gl
Budget,6010,2025-08-23,722.98,West,Rent & Facilities,sample_gl
Budget,6010,2025-08-25,655.38,West,Rent & Facilities,sample_gl
Budget,6010,2025-08-25,501.44,West,Rent & Facilities,sample_gl
Budget,6010,2025-08-27,920.94,West,Rent & Facilities,sample_gl
Budget,6020,2025-08-07,2205.13,North,Marketing,sample_gl
Budget,6020,2025-08-08,1866.92,North,Marketing,sample_gl
Budget,6020,2025-08-11,2645.86,North,Marketing,sample_gl
Budget,6020,2025-08-12,2771.33,North,Marketing,sample_gl
Budget,6020,2025-08-15,607.18,North,Marketing,sample_gl
Budget,6020,2025-08-15,2575.42,North,Marketing,sample_gl
Budget,6020,2025-08-22,1990.49,North,Marketing,sample_gl
Budget,6020,2025-08-23,1058.29,North,Marketing,sample_gl
Budget,6020,2025-08-02,181.74,South,Marketing,sample_gl
Budget,6020,2025-08-02,178.17,South,Marketing,sample_gl
Budget,6020,2025-08-12,4544.49,South,Marketing,sample_gl
Budget,6020,2025-08-17,614.75,South,Marketing,sample_gl
Budget,6020,2025-08-17,136.88,South,Marketing,sample_gl
Budget,6020,2025-08-26,3207.39,South,Marketing,sample_gl
Budget,6020,2025-08-27,91.32,South,Marketing,sample_gl
Budget,6020,2025-08-30,2262.83,South,Marketing,sample_gl
Budget,6020,2025-08-03,1109.14,West,Marketing,sample_gl
Budget,6020,2025-08-03,228.97,West,Marketing,sample_gl
Budget,6020,2025-08-04,1945.67,West,Marketing,sample_gl
Budget,6020,2025-08-18,315.82,West,Marketing,sample_gl
Budget,6020,2025-08-18,423.57,West,Marketing,sample_gl
Budget,6020,2025-08-19,534.5,West,Marketing,sample_gl
Budget,6020,2025-08-24,1411.18,West,Marketing,sample_gl
Budget,6020,2025-08-25,1041.07,West,Marketing,sample_gl
Budget,6030,2025-08-03,695.83,North,Software & Subscriptions,sample_gl
Budget,6030,2025-08-09,134.72,North,Software & Subscriptions,sample_gl
Budget,6030,2025-08-14,680.06,North,Software & Subscriptions,sample_gl
Budget,6030,2025-08-15,565.14,North,Software & Subscriptions,sample_gl
Budget,6030,2025-08-15,553.98,North,Software & Subscriptions,sample_gl
Budget,6030,2025-08-22,1436.1,North,Software & Subscriptions,sample_gl
Budget,6030,2025-08-25,479.99,North,Software & Subscriptions,sample_gl
Budget,6030,2025-08-27,25.83,North,Software & Subscriptions,sample_gl
Budget,6030,2025-08-01,44.5,South,Software & Subscriptions,sample_gl
Budget,6030,2025-08-01,739.94,South,Software & Subscriptions,sample_gl
Budget,6030,2025-08-10,895.95,South,Software & Subscriptions,sample_gl
Budget,6030,2025-08-13,352.17,South,Software & Subscriptions,sample_gl
Budget,6030,2025-08-14,1013.44,South,Software & Subscriptions,sample_gl
Budget,6030,2025-08-19,204.92,South,Software & Subscriptions,sample_gl
Budget,6030,2025-08-29,1208.67,South,Software & Subscriptions,sample_gl
Budget,6030,2025-08-31,752.8,South,Software & Subscriptions,sample_gl
Budget,6030,2025-08-07,582.37,West,Software & Subscriptions,sample_gl
Budget,6030,2025-08-11,159.31,West,Software & Subscriptions,sample_gl
Budget,6030,2025-08-15,1523.87,West,Software & Subscriptions,sample_gl
Budget,6030,2025-08-18,542.17,West,Software & Subscriptions,sample_gl
Budget,6030,2025-08-21,418.74,West,Software & Subscriptions,sample_gl
Budget,6030,2025-08-22,281.67,West,Software & Subscriptions,sample_gl
Budget,6030,2025-08-25,126.12,West,Software & Subscriptions,sample_gl
Budget,6030,2025-08-25,293.16,West,Software & Subscriptions,sample_gl
Budget,6040,2025-08-02,211.76,North,Travel & Entertainment,sample_gl
Budget,6040,2025-08-05,287.44,North,Travel & Entertainment,sample_gl
Budget,6040,2025-08-18,117.43,North,Travel & Entertainment,sample_gl
Budget,6040,2025-08-18,448.85,North,Travel & Entertainment,sample_gl
Budget,6040,2025-08-20,946.65,North,Travel & Entertainment,sample_gl
Budget,6040,2025-08-25,649.31,North,Travel & Entertainment,sample_gl
Budget,6040,2025-08-28,177.04,North,Travel & Entertainment,sample_gl
Budget,6040,2025-08-31,218.69,North,Travel & Entertainment,sample_gl
Budget,6040,2025-08-01,556.21,South,Travel & Entertainment,sample_gl
Budget,6040,2025-08-07,963.26,South,Travel & Entertainment,sample_gl
Budget,6040,2025-08-08,261.38,South,Travel & Entertainment,sample_gl
Budget,6040,2025-08-09,17.46,South,Travel & Entertainment,sample_gl
Budget,6040,2025-08-12,1215.17,South,Travel & Entertainment,sample_gl
Budget,6040,2025-08-25,365.43,South,Travel & Entertainment,sample_gl
Budget,6040,2025-08-30,262.17,South,Travel & Entertainment,sample_gl
Budget,6040,2025-08-30,409.61,South,Travel & Entertainment,sample_gl
Budget,6040,2025-08-07,299.92,West,Travel & Entertainment,sample_gl
Budget,6040,2025-08-07,93.19,West,Travel & Entertainment,sample_gl
Budget,6040,2025-08-13,172.46,West,Travel & Entertainment,sample_gl
Budget,6040,2025-08-13,1774.66,West,Travel & Entertainment,sample_gl
Budget,6040,2025-08-15,103.65,West,Travel & Entertainment,sample_gl
Budget,6040,2025-08-15,187.0,West,Travel & Entertainment,sample_gl
Budget,6040,2025-08-19,319.08,West,Travel & Entertainment,sample_gl
Budget,6040,2025-08-25,280.1,West,Travel & Entertainment,sample_gl
Budget,7000,2025-08-04,348.39,North,Interest Expense,sample_gl
Budget,7000,2025-08-11,458.69,North,Interest Expense,sample_gl
Budget,7000,2025-08-12,785.87,North,Interest Expense,sample_gl
Budget,7000,2025-08-16,241.18,North,Interest Expense,sample_gl
Budget,7000,2025-08-20,111.02,North,Interest Expense,sample_gl
Budget,7000,2025-08-24,7.0,North,Interest Expense,sample_gl
Budget,7000,2025-08-24,1673.66,North,Interest Expense,sample_gl
Budget,7000,2025-08-31,211.44,North,Interest Expense,sample_gl
Budget,7000,2025-08-04,271.81,South,Interest Expense,sample_gl
Budget,7000,2025-08-12,682.81,South,Interest Expense,sample_gl
Budget,7000,2025-08-12,335.56,South,Interest Expense,sample_gl
Budget,7000,2025-08-13,1417.0,South,Interest Expense,sample_gl
Budget,7000,2025-08-14,6.53,South,Interest Expense,sample_gl
Budget,7000,2025-08-28,204.83,South,Interest Expense,sample_gl
Budget,7000,2025-08-31,1018.59,South,Interest Expense,sample_gl
Budget,7000,2025-08-31,225.0,South,Interest Expense,sample_gl
Budget,7000,2025-08-01,37.25,West,Interest Expense,sample_gl
Budget,7000,2025-08-09,144.98,West,Interest Expense,sample_gl
Budget,7000,2025-08-13,530.13,West,Interest Expense,sample_gl
Budget,7000,2025-08-16,1370.69,West,Interest Expense,sample_gl
Budget,7000,2025-08-26,847.51,West,Interest Expense,sample_gl
Budget,7000,2025-08-29,473.09,West,Interest Expense,sample_gl
Budget,7000,2025-08-31,200.49,West,Interest Expense,sample_gl
Budget,7000,2025-08-31,412.37,West,Interest Expense,sample_gl
Budget,4000,2025-09-02,-27038.75,North,Product Revenue,sample_gl
Budget,4000,2025-09-02,-4154.03,North,Product Revenue,sample_gl
Budget,4000,2025-09-07,-21156.37,North,Product Revenue,sample_gl
Budget,4000,2025-09-20,-22533.03,North,Product Revenue,sample_gl
Budget,4000,2025-09-22,-17747.23,North,Product Revenue,sample_gl
Budget,4000,2025-09-24,-17674.86,North,Product Revenue,sample_gl
Budget,4000,2025-09-26,-36740.23,North,Product Revenue,sample_gl
Budget,4000,2025-09-28,-31569.98,North,Product Revenue,sample_gl
Budget,4000,2025-09-04,-5430.9,South,Product Revenue,sample_gl
Budget,4000,2025-09-06,-31537.61,South,Product Revenue,sample_gl
Budget,4000,2025-09-12,-30633.75,South,Product Revenue,sample_gl
Budget,4000,2025-09-22,-5519.67,South,Product Revenue,sample_gl
Budget,4000,2025-09-26,-39537.64,South,Product Revenue,sample_gl
Budget,4000,2025-09-26,-29825.1,South,Product Revenue,sample_gl
Budget,4000,2025-09-29,-9939.37,South,Product Revenue,sample_gl
Budget,4000,2025-09-30,-28725.84,South,Product Revenue,sample_gl
Budget,4000,2025-09-01,-17061.51,West,Product Revenue,sample_gl
Budget,4000,2025-09-02,-11865.4,West,Product Revenue,sample_gl
Budget,4000,2025-09-05,-30492.37,West,Product Revenue,sample_gl
Budget,4000,2025-09-16,-10052.64,West,Product Revenue,sample_gl
Budget,4000,2025-09-24,-22464.7,West,Product Revenue,sample_gl
Budget,4000,2025-09-28,-31194.77,West,Product Revenue,sample_gl
Budget,4000,2025-09-29,-6813.27,West,Product Revenue,sample_gl
Budget,4000,2025-09-30,-40474.06,West,Product Revenue,sample_gl
Budget,4010,2025-09-03,-6756.75,North,Service Revenue,sample_gl
Budget,4010,2025-09-03,-8899.33,North,Service Revenue,sample_gl
Budget,4010,2025-09-04,-7945.71,North,Service Revenue,sample_gl
Budget,4010,2025-09-08,-3380.26,North,Service Revenue,sample_gl
Budget,4010,2025-09-14,-3345.26,North,Service Revenue,sample_gl
Budget,4010,2025-09-14,-1688.32,North,Service Revenue,sample_gl
Budget,4010,2025-09-15,-11023.78,North,Service Revenue,sample_gl
Budget,4010,2025-09-16,-7232.03,North,Service Revenue,sample_gl
Budget,4010,2025-09-04,-6651.77,South,Service Revenue,sample_gl
Budget,4010,2025-09-12,-886.1,South,Service Revenue,sample_gl
Budget,4010,2025-09-16,-18512.57,South,Service Revenue,sample_gl
Budget,4010,2025-09-18,-1159.38,South,Service Revenue,sample_gl
Budget,4010,2025-09-20,-2986.99,South,Service Revenue,sample_gl
Budget,4010,2025-09-22,-12380.68,South,Service Revenue,sample_gl
Budget,4010,2025-09-22,-1355.48,South,Service Revenue,sample_gl
Budget,4010,2025-09-23,-8928.94,South,Service Revenue,sample_gl
Budget,4010,2025-09-03,-11989.1,West,Service Revenue,sample_gl
Budget,4010,2025-09-04,-42.81,West,Service Revenue,sample_gl
Budget,4010,2025-09-10,-2420.94,West,Service Revenue,sample_gl
Budget,4010,2025-09-13,-7729.79,West,Service Revenue,sample_gl
Budget,4010,2025-09-22,-7337.37,West,Service Revenue,sample_gl
Budget,4010,2025-09-23,-4581.3,West,Service Revenue,sample_gl
Budget,4010,2025-09-24,-939.33,West,Service Revenue,sample_gl
Budget,4010,2025-09-29,-12958.25,West,Service Revenue,sample_gl
Budget,5000,2025-09-05,1992.12,North,Cost of Goods Sold,sample_gl
Budget,5000,2025-09-09,802.84,North,Cost of Goods Sold,sample_gl
Budget,5000,2025-09-11,19616.08,North,Cost of Goods Sold,sample_gl
Budget,5000,2025-09-12,11311.66,North,Cost of Goods Sold,sample_gl
Budget,5000,2025-09-14,4763.18,North,Cost of Goods Sold,sample_gl
Budget,5000,2025-09-25,14249.56,North,Cost of Goods Sold,sample_gl
Budget,5000,2025-09-29,1665.27,North,Cost of Goods Sold,sample_gl
Budget,5000,2025-09-29,3805.25,North,Cost of Goods Sold,sample_gl
Budget,5000,2025-09-01,717.26,South,Cost of Goods Sold,sample_gl
Budget,5000,2025-09-02,10780.19,South,Cost of Goods Sold,sample_gl
Budget,5000,2025-09-05,3066.9,South,Cost of Goods Sold,sample_gl
Budget,5000,2025-09-06,9732.92,South,Cost of Goods Sold,sample_gl
Budget,5000,2025-09-07,5144.83,South,Cost of Goods Sold,sample_gl
Budget,5000,2025-09-21,23081.09,South,Cost of Goods Sold,sample_gl
Budget,5000,2025-09-26,725.4,South,Cost of Goods Sold,sample_gl
Budget,5000,2025-09-27,7990.06,South,Cost of Goods Sold,sample_gl
Budget,5000,2025-09-04,19152.61,West,Cost of Goods Sold,sample_gl
Budget,5000,2025-09-07,1802.15,West,Cost of Goods Sold,sample_gl
Budget,5000,2025-09-09,4347.63,West,Cost of Goods Sold,sample_gl
Budget,5000,2025-09-15,32354.84,West,Cost of Goods Sold,sample_gl
Budget,5000,2025-09-15,2886.76,West,Cost of Goods Sold,sample_gl
Budget,5000,2025-09-18,6417.48,West,Cost of Goods Sold,sample_gl
Budget,5000,2025-09-20,2352.68,West,Cost of Goods Sold,sample_gl
Budget,5000,2025-09-24,5710.45,West,Cost of Goods Sold,sample_gl
Budget,5010,2025-09-04,1643.96,North,Direct Labor,sample_gl
Budget,5010,2025-09-15,1643.77,North,Direct Labor,sample_gl
Budget,5010,2025-09-16,5629.74,North,Direct Labor,sample_gl
Budget,5010,2025-09-18,600.29,North,Direct Labor,sample_gl
Budget,5010,2025-09-22,4001.97,North,Direct Labor,sample_gl
Budget,5010,2025-09-22,3209.37,North,Direct Labor,sample_gl
Budget,5010,2025-09-25,8398.78,North,Direct Labor,sample_gl
Budget,5010,2025-09-28,918.02,North,Direct Labor,sample_gl
Budget,5010,2025-09-04,2256.26,South,Direct Labor,sample_gl
Budget,5010,2025-09-04,6093.32,South,Direct Labor,sample_gl
Budget,5010,2025-09-05,2461.87,South,Direct Labor,sample_gl
Budget,5010,2025-09-10,1049.88,South,Direct Labor,sample_gl
Budget,5010,2025-09-12,1864.45,South,Direct Labor,sample_gl
Budget,5010,2025-09-18,9851.09,South,Direct Labor,sample_gl
Budget,5010,2025-09-23,3191.13,South,Direct Labor,sample_gl
Budget,5010,2025-09-28,426.64,South,Direct Labor,sample_gl
Budget,5010,2025-09-05,506.84,West,Direct Labor,sample_gl
Budget,5010,2025-09-07,4094.07,West,Direct Labor,sample_gl
Budget,5010,2025-09-08,6128.6,West,Direct Labor,sample_gl
Budget,5010,2025-09-17,5187.13,West,Direct Labor,sample_gl
Budget,5010,2025-09-22,2300.62,West,Direct Labor,sample_gl
Budget,5010,2025-09-25,4015.98,West,Direct Labor,sample_gl
Budget,5010,2025-09-27,3835.24,West,Direct Labor,sample_gl
Budget,5010,2025-09-29,4246.31,West,Direct Labor,sample_gl
Budget,6000,2025-09-04,6201.57,North,Salaries & Wages,sample_gl
Budget,6000,2025-09-06,554.06,North,Salaries & Wages,sample_gl
Budget,6000,2025-09-06,18457.69,North,Salaries & Wages,sample_gl
Budget,6000,2025-09-08,657.81,North,Salaries & Wages,sample_gl
Budget,6000,2025-09-12,4763.47,North,Salaries & Wages,sample_gl
Budget,6000,2025-09-17,3757.81,North,Salaries & Wages,sample_gl
Budget,6000,2025-09-22,4035.91,North,Salaries & Wages,sample_gl
Budget,6000,2025-09-23,2357.76,North,Salaries & Wages,sample_gl
Budget,6000,2025-09-02,11277.97,South,Salaries & Wages,sample_gl
Budget,6000,2025-09-07,824.37,South,Salaries & Wages,sample_gl
Budget,6000,2025-09-09,2550.8,South,Salaries & Wages,sample_gl
Budget,6000,2025-09-10,1183.9,South,Salaries & Wages,sample_gl
Budget,6000,2025-09-13,2078.26,South,Salaries & Wages,sample_gl
Budget,6000,2025-09-14,1699.36,South,Salaries & Wages,sample_gl
Budget,6000,2025-09-20,7511.26,South,Salaries & Wages,sample_gl
Budget,6000,2025-09-28,10468.16,South,Salaries & Wages,sample_gl
Budget,6000,2025-09-03,2589.87,West,Salaries & Wages,sample_gl
Budget,6000,2025-09-07,3698.34,West,Salaries & Wages,sample_gl
Budget,6000,2025-09-10,11658.11,West,Salaries & Wages,sample_gl
Budget,6000,2025-09-20,15490.45,West,Salaries & Wages,sample_gl
Budget,6000,2025-09-20,1854.01,West,Salaries & Wages,sample_gl
Budget,6000,2025-09-22,675.78,West,Salaries & Wages,sample_gl
Budget,6000,2025-09-24,5618.15,West,Salaries & Wages,sample_gl
Budget,6000,2025-09-30,2146.75,West,Salaries & Wages,sample_gl
Budget,6010,2025-09-06,722.05,North,Rent & Facilities,sample_gl
Budget,6010,2025-09-08,541.95,North,Rent & Facilities,sample_gl
Budget,6010,2025-09-13,715.58,North,Rent & Facilities,sample_gl
Budget,6010,2025-09-13,848.12,North,Rent & Facilities,sample_gl
Budget,6010,2025-09-14,5713.49,North,Rent & Facilities,sample_gl
Budget,6010,2025-09-19,596.92,North,Rent & Facilities,sample_gl
Budget,6010,2025-09-21,723.96,North,Rent & Facilities,sample_gl
Budget,6010,2025-09-26,375.12,North,Rent & Facilities,sample_gl
Budget,6010,2025-09-05,107.13,South,Rent & Facilities,sample_gl
Budget,6010,2025-09-05,913.65,South,Rent & Facilities,sample_gl
Budget,6010,2025-09-07,146.03,South,Rent & Facilities,sample_gl
Budget,6010,2025-09-09,1928.6,South,Rent & Facilities,sample_gl
Budget,6010,2025-09-11,1591.16,South,Rent & Facilities,sample_gl
Budget,6010,2025-09-15,1566.17,South,Rent & Facilities,sample_gl
Budget,6010,2025-09-22,317.1,South,Rent & Facilities,sample_gl
Budget,6010,2025-09-25,3378.11,South,Rent & Facilities,sample_gl
Budget,6010,2025-09-04,647.74,West,Rent & Facilities,sample_gl
Budget,6010,2025-09-05,1855.74,West,Rent & Facilities,sample_gl
Budget,6010,2025-09-10,637.36,West,Rent & Facilities,sample_gl
Budget,6010,2025-09-15,369.17,West,Rent & Facilities,sample_gl
Budget,6010,2025-09-18,4867.11,West,Rent & Facilities,sample_gl
Budget,6010,2025-09-20,630.11,West,Rent & Facilities,sample_gl
Budget,6010,2025-09-24,82.5,West,Rent & Facilities,sample_gl
Budget,6010,2025-09-27,110.78,West,Rent & Facilities,sample_gl
Budget,6020,2025-09-06,1569.4,North,Marketing,sample_gl
Budget,6020,2025-09-14,1851.65,North,Marketing,sample_gl
Budget,6020,2025-09-15,5702.11,North,Marketing,sample_gl
Budget,6020,2025-09-19,65.02,North,Marketing,sample_gl
Budget,6020,2025-09-23,2362.75,North,Marketing,sample_gl
Budget,6020,2025-09-23,548.2,North,Marketing,sample_gl
Budget,6020,2025-09-28,3093.86,North,Marketing,sample_gl
Budget,6020,2025-09-29,36.47,North,Marketing,sample_gl
Budget,6020,2025-09-08,3251.63,South,Marketing,sample_gl
Budget,6020,2025-09-12,51.13,South,Marketing,sample_gl
Budget,6020,2025-09-16,1667.52,South,Marketing,sample_gl
Budget,6020,2025-09-22,2550.54,South,Marketing,sample_gl
Budget,6020,2025-09-23,1013.59,South,Marketing,sample_gl
Budget,6020,2025-09-27,1663.32,South,Marketing,sample_gl
Budget,6020,2025-09-28,1156.04,South,Marketing,sample_gl
Budget,6020,2025-09-28,433.24,South,Marketing,sample_gl
Budget,6020,2025-09-01,2938.01,West,Marketing,sample_gl
Budget,6020,2025-09-03,588.77,West,Marketing,sample_gl
Budget,6020,2025-09-04,2229.67,West,Marketing,sample_gl
Budget,6020,2025-09-09,687.19,West,Marketing,sample_gl
Budget,6020,2025-09-12,1330.21,West,Marketing,sample_gl
Budget,6020,2025-09-14,1689.53,West,Marketing,sample_gl
Budget,6020,2025-09-22,3771.66,West,Marketing,sample_gl
Budget,6020,2025-09-27,35.8,West,Marketing,sample_gl
Budget,6030,2025-09-13,243.93,North,Software & Subscriptions,sample_gl
Budget,6030,2025-09-16,380.63,North,Software & Subscriptions,sample_gl
Budget,6030,2025-09-18,2890.11,North,Software & Subscriptions,sample_gl
Budget,6030,2025-09-19,208.87,North,Software & Subscriptions,sample_gl
Budget,6030,2025-09-20,144.14,North,Software & Subscriptions,sample_gl
Budget,6030,2025-09-23,988.7,North,Software & Subscriptions,sample_gl
Budget,6030,2025-09-27,186.49,North,Software & Subscriptions,sample_gl
Budget,6030,2025-09-27,750.91,North,Software & Subscriptions,sample_gl
Budget,6030,2025-09-08,1820.72,South,Software & Subscriptions,sample_gl
Budget,6030,2025-09-12,243.46,South,Software & Subscriptions,sample_gl
Budget,6030,2025-09-19,147.23,South,Software & Subscriptions,sample_gl
Budget,6030,2025-09-20,794.31,South,Software & Subscriptions,sample_gl
Budget,6030,2025-09-22,896.27,South,Software & Subscriptions,sample_gl
Budget,6030,2025-09-23,229.76,South,Software & Subscriptions,sample_gl
Budget,6030,2025-09-25,336.02,South,Software & Subscriptions,sample_gl
Budget,6030,2025-09-29,774.66,South,Software & Subscriptions,sample_gl
Budget,6030,2025-09-02,934.93,West,Software & Subscriptions,sample_gl
Budget,6030,2025-09-13,182.61,West,Software & Subscriptions,sample_gl
Budget,6030,2025-09-17,394.36,West,Software & Subscriptions,sample_gl
Budget,6030,2025-09-21,189.77,West,Software & Subscriptions,sample_gl
Budget,6030,2025-09-24,531.95,West,Software & Subscriptions,sample_gl
Budget,6030,2025-09-25,1027.97,West,Software & Subscriptions,sample_gl
Budget,6030,2025-09-26,1435.77,West,Software & Subscriptions,sample_gl
Budget,6030,2025-09-27,475.48,West,Software & Subscriptions,sample_gl
Budget,6040,2025-09-09,827.92,North,Travel & Entertainment,sample_gl
Budget,6040,2025-09-12,143.3,North,Travel & Entertainment,sample_gl
Budget,6040,2025-09-12,83.4,North,Travel & Entertainment,sample_gl
Budget,6040,2025-09-15,845.26,North,Travel & Entertainment,sample_gl
Budget,6040,2025-09-22,192.43,North,Travel & Entertainment,sample_gl
Budget,6040,2025-09-27,253.21,North,Travel & Entertainment,sample_gl
Budget,6040,2025-09-28,544.33,North,Travel & Entertainment,sample_gl
Budget,6040,2025-09-29,102.99,North,Travel & Entertainment,sample_gl
Budget,6040,2025-09-06,314.87,South,Travel & Entertainment,sample_gl
Budget,6040,2025-09-07,294.74,South,Travel & Entertainment,sample_gl
Budget,6040,2025-09-18,1161.33,South,Travel & Entertainment,sample_gl
Budget,6040,2025-09-18,525.97,South,Travel & Entertainment,sample_gl
Budget,6040,2025-09-25,327.44,South,Travel & Entertainment,sample_gl
Budget,6040,2025-09-25,44.69,South,Travel & Entertainment,sample_gl
Budget,6040,2025-09-26,97.96,South,Travel & Entertainment,sample_gl
Budget,6040,2025-09-28,776.04,South,Travel & Entertainment,sample_gl
Budget,6040,2025-09-04,390.37,West,Travel & Entertainment,sample_gl
Budget,6040,2025-09-08,164.56,West,Travel & Entertainment,sample_gl
Budget,6040,2025-09-10,101.15,West,Travel & Entertainment,sample_gl
Budget,6040,2025-09-11,146.28,West,Travel & Entertainment,sample_gl
Budget,6040,2025-09-26,240.05,West,Travel & Entertainment,sample_gl
Budget,6040,2025-09-27,298.26,West,Travel & Entertainment,sample_gl
Budget,6040,2025-09-27,172.94,West,Travel & Entertainment,sample_gl
Budget,6040,2025-09-30,582.97,West,Travel & Entertainment,sample_gl
Budget,7000,2025-09-11,464.45,North,Interest Expense,sample_gl
Budget,7000,2025-09-12,880.24,North,Interest Expense,sample_gl
Budget,7000,2025-09-12,1079.42,North,Interest Expense,sample_gl
Budget,7000,2025-09-15,493.2,North,Interest Expense,sample_gl
Budget,7000,2025-09-16,227.24,North,Interest Expense,sample_gl
Budget,7000,2025-09-23,641.85,North,Interest Expense,sample_gl
Budget,7000,2025-09-26,210.3,North,Interest Expense,sample_gl
Budget,7000,2025-09-29,169.53,North,Interest Expense,sample_gl
Budget,7000,2025-09-03,338.6,South,Interest Expense,sample_gl
Budget,7000,2025-09-03,646.33,South,Interest Expense,sample_gl
Budget,7000,2025-09-06,528.3,South,Interest Expense,sample_gl
Budget,7000,2025-09-07,479.4,South,Interest Expense,sample_gl
Budget,7000,2025-09-13,243.61,South,Interest Expense,sample_gl
Budget,7000,2025-09-18,440.99,South,Interest Expense,sample_gl
Budget,7000,2025-09-20,602.27,South,Interest Expense,sample_gl
Budget,7000,2025-09-23,460.24,South,Interest Expense,sample_gl
Budget,7000,2025-09-04,875.93,West,Interest Expense,sample_gl
Budget,7000,2025-09-05,385.75,West,Interest Expense,sample_gl
Budget,7000,2025-09-13,1128.23,West,Interest Expense,sample_gl
Budget,7000,2025-09-13,721.03,West,Interest Expense,sample_gl
Budget,7000,2025-09-24,107.71,West,Interest Expense,sample_gl
Budget,7000,2025-09-27,196.09,West,Interest Expense,sample_gl
Budget,7000,2025-09-28,367.32,West,Interest Expense,sample_gl
Budget,7000,2025-09-30,113.98,West,Interest Expense,sample_gl
Budget,4000,2025-10-01,-24265.64,North,Product Revenue,sample_gl
Budget,4000,2025-10-08,-25273.77,North,Product Revenue,sample_gl
Budget,4000,2025-10-08,-23962.87,North,Product Revenue,sample_gl
Budget,4000,2025-10-08,-61953.97,North,Product Revenue,sample_gl
Budget,4000,2025-10-09,-7679.12,North,Product Revenue,sample_gl
Budget,4000,2025-10-16,-2938.48,North,Product Revenue,sample_gl
Budget,4000,2025-10-23,-14931.36,North,Product Revenue,sample_gl
Budget,4000,2025-10-27,-5910.4,North,Product Revenue,sample_gl
Budget,4000,2025-10-07,-72707.82,South,Product Revenue,sample_gl
Budget,4000,2025-10-14,-29725.46,South,Product Revenue,sample_gl
Budget,4000,2025-10-15,-8174.89,South,Product Revenue,sample_gl
Budget,4000,2025-10-16,-21078.89,South,Product Revenue,sample_gl
Budget,4000,2025-10-18,-17829.77,South,Product Revenue,sample_gl
Budget,4000,2025-10-18,-7176.8,South,Product Revenue,sample_gl
Budget,4000,2025-10-19,-15963.23,South,Product Revenue,sample_gl
Budget,4000,2025-10-27,-3679.96,South,Product Revenue,sample_gl
Budget,4000,2025-10-09,-20710.84,West,Product Revenue,sample_gl
Budget,4000,2025-10-12,-28590.48,West,Product Revenue,sample_gl
Budget,4000,2025-10-12,-5685.31,West,Product Revenue,sample_gl
Budget,4000,2025-10-14,-77438.11,West,Product Revenue,sample_gl
Budget,4000,2025-10-26,-11853.93,West,Product Revenue,sample_gl
Budget,4000,2025-10-26,-3259.85,West,Product Revenue,sample_gl
Budget,4000,2025-10-29,-4337.14,West,Product Revenue,sample_gl
Budget,4000,2025-10-30,-2116.5,West,Product Revenue,sample_gl
Budget,4010,2025-10-04,-3333.62,North,Service Revenue,sample_gl
Budget,4010,2025-10-05,-3912.8,North,Service Revenue,sample_gl
Budget,4010,2025-10-08,-3833.33,North,Service Revenue,sample_gl
Budget,4010,2025-10-18,-5948.46,North,Service Revenue,sample_gl
Budget,4010,2025-10-19,-5502.42,North,Service Revenue,sample_gl
Budget,4010,2025-10-26,-3751.31,North,Service Revenue,sample_gl
Budget,4010,2025-10-26,-5064.01,North,Service Revenue,sample_gl
Budget,4010,2025-10-30,-461.07,North,Service Revenue,sample_gl
Budget,4010,2025-10-02,-7640.5,South,Service Revenue,sample_gl
Budget,4010,2025-10-08,-11809.96,South,Service Revenue,sample_gl
Budget,4010,2025-10-09,-2717.84,South,Service Revenue,sample_gl
Budget,4010,2025-10-15,-2758.62,South,Service Revenue,sample_gl
Budget,4010,2025-10-15,-42.93,South,Service Revenue,sample_gl
Budget,4010,2025-10-19,-2624.13,South,Service Revenue,sample_gl
Budget,4010,2025-10-27,-14909.79,South,Service Revenue,sample_gl
Budget,4010,2025-10-27,-2088.52,South,Service Revenue,sample_gl
Budget,4010,2025-10-02,-2129.88,West,Service Revenue,sample_gl
Budget,4010,2025-10-03,-16421.67,West,Service Revenue,sample_gl
Budget,4010,2025-10-05,-3655.04,West,Service Revenue,sample_gl
Budget,4010,2025-10-12,-1029.09,West,Service Revenue,sample_gl
Budget,4010,2025-10-16,-171.16,West,Service Revenue,sample_gl
Budget,4010,2025-10-23,-289.52,West,Service Revenue,sample_gl
Budget,4010,2025-10-28,-7150.02,West,Service Revenue,sample_gl
Budget,4010,2025-10-29,-1714.28,West,Service Revenue,sample_gl
Budget,5000,2025-10-05,12484.34,North,Cost of Goods Sold,sample_gl
Budget,5000,2025-10-07,3870.24,North,Cost of Goods Sold,sample_gl
Budget,5000,2025-10-10,5501.3,North,Cost of Goods Sold,sample_gl
Budget,5000,2025-10-13,5411.76,North,Cost of Goods Sold,sample_gl
Budget,5000,2025-10-15,10159.23,North,Cost of Goods Sold,sample_gl
Budget,5000,2025-10-18,3709.07,North,Cost of Goods Sold,sample_gl
Budget,5000,2025-10-22,1724.03,North,Cost of Goods Sold,sample_gl
Budget,5000,2025-10-31,10821.26,North,Cost of Goods Sold,sample_gl
Budget,5000,2025-10-01,4289.68,South,Cost of Goods Sold,sample_gl
Budget,5000,2025-10-02,497.85,South,Cost of Goods Sold,sample_gl
Budget,5000,2025-10-11,6080.63,South,Cost of Goods Sold,sample_gl
Budget,5000,2025-10-19,17023.16,South,Cost of Goods Sold,sample_gl
Budget,5000,2025-10-20,11712.83,South,Cost of Goods Sold,sample_gl
Budget,5000,2025-10-22,11259.95,South,Cost of Goods Sold,sample_gl
Budget,5000,2025-10-23,1358.77,South,Cost of Goods Sold,sample_gl
Budget,5000,2025-10-28,15194.46,South,Cost of Goods Sold,sample_gl
Budget,5000,2025-10-01,6647.64,West,Cost of Goods Sold,sample_gl
Budget,5000,2025-10-06,2267.54,West,Cost of Goods Sold,sample_gl
Budget,5000,2025-10-06,19990.21,West,Cost of Goods Sold,sample_gl
Budget,5000,2025-10-21,8021.71,West,Cost of Goods Sold,sample_gl
Budget,5000,2025-10-25,5895.79,West,Cost of Goods Sold,sample_gl
Budget,5000,2025-10-25,27763.44,West,Cost of Goods Sold,sample_gl
Budget,5000,2025-10-27,215.06,West,Cost of Goods Sold,sample_gl
Budget,5000,2025-10-30,3802.57,West,Cost of Goods Sold,sample_gl
Budget,5010,2025-10-05,3395.43,North,Direct Labor,sample_gl
Budget,5010,2025-10-06,3141.82,North,Direct Labor,sample_gl
Budget,5010,2025-10-11,6042.24,North,Direct Labor,sample_gl
Budget,5010,2025-10-13,1638.89,North,Direct Labor,sample_gl
Budget,5010,2025-10-14,3480.11,North,Direct Labor,sample_gl
Budget,5010,2025-10-16,7352.43,North,Direct Labor,sample_gl
Budget,5010,2025-10-23,6085.13,North,Direct Labor,sample_gl
Budget,5010,2025-10-28,4283.48,North,Direct Labor,sample_gl
Budget,5010,2025-10-03,572.99,South,Direct Labor,sample_gl
Budget,5010,2025-10-04,1088.23,South,Direct Labor,sample_gl
Budget,5010,2025-10-09,3071.76,South,Direct Labor,sample_gl
Budget,5010,2025-10-11,5747.5,South,Direct Labor,sample_gl
Budget,5010,2025-10-15,6544.57,South,Direct Labor,sample_gl
Budget,5010,2025-10-17,10039.34,South,Direct Labor,sample_gl
Budget,5010,2025-10-21,517.09,South,Direct Labor,sample_gl
Budget,5010,2025-10-25,505.28,South,Direct Labor,sample_gl
Budget,5010,2025-10-01,6593.87,West,Direct Labor,sample_gl
Budget,5010,2025-10-01,242.86,West,Direct Labor,sample_gl
Budget,5010,2025-10-01,13597.95,West,Direct Labor,sample_gl
Budget,5010,2025-10-10,2085.95,West,Direct Labor,sample_gl
Budget,5010,2025-10-11,8650.5,West,Direct Labor,sample_gl
Budget,5010,2025-10-13,1660.79,West,Direct Labor,sample_gl
Budget,5010,2025-10-17,1834.18,West,Direct Labor,sample_gl
Budget,5010,2025-10-26,1606.45,West,Direct Labor,sample_gl
Budget,6000,2025-10-05,1228.37,North,Salaries & Wages,sample_gl
Budget,6000,2025-10-06,4797.74,North,Salaries & Wages,sample_gl
Budget,6000,2025-10-12,1159.57,North,Salaries & Wages,sample_gl
Budget,6000,2025-10-19,21411.25,North,Salaries & Wages,sample_gl
Budget,6000,2025-10-20,4559.68,North,Salaries & Wages,sample_gl
Budget,6000,2025-10-22,2456.46,North,Salaries & Wages,sample_gl
Budget,6000,2025-10-28,476.29,North,Salaries & Wages,sample_gl
Budget,6000,2025-10-30,4395.13,North,Salaries & Wages,sample_gl
Budget,6000,2025-10-02,7650.74,South,Salaries & Wages,sample_gl
Budget,6000,2025-10-04,4707.66,South,Salaries & Wages,sample_gl
Budget,6000,2025-10-18,858.06,South,Salaries & Wages,sample_gl
Budget,6000,2025-10-26,1585.5,South,Salaries & Wages,sample_gl
Budget,6000,2025-10-29,7185.04,South,Salaries & Wages,sample_gl
Budget,6000,2025-10-30,12243.26,South,Salaries & Wages,sample_gl
Budget,6000,2025-10-31,3944.84,South,Salaries & Wages,sample_gl
Budget,6000,2025-10-31,4230.81,South,Salaries & Wages,sample_gl
Budget,6000,2025-10-11,2381.12,West,Salaries & Wages,sample_gl
Budget,6000,2025-10-15,2761.37,West,Salaries & Wages,sample_gl
Budget,6000,2025-10-18,3813.39,West,Salaries & Wages,sample_gl
Budget,6000,2025-10-20,15367.04,West,Salaries & Wages,sample_gl
Budget,6000,2025-10-22,4195.92,West,Salaries & Wages,sample_gl
Budget,6000,2025-10-30,1735.27,West,Salaries & Wages,sample_gl
Budget,6000,2025-10-30,4082.56,West,Salaries & Wages,sample_gl
Budget,6000,2025-10-31,2036.49,West,Salaries & Wages,sample_gl
Budget,6010,2025-10-02,586.63,North,Rent & Facilities,sample_gl
Budget,6010,2025-10-07,4220.81,North,Rent & Facilities,sample_gl
Budget,6010,2025-10-12,1107.84,North,Rent & Facilities,sample_gl
Budget,6010,2025-10-13,685.73,North,Rent & Facilities,sample_gl
Budget,6010,2025-10-16,950.15,North,Rent & Facilities,sample_gl
Budget,6010,2025-10-26,890.49,North,Rent & Facilities,sample_gl
Budget,6010,2025-10-27,1388.37,North,Rent & Facilities,sample_gl
Budget,6010,2025-10-31,176.66,North,Rent & Facilities,sample_gl
Budget,6010,2025-10-11,1366.12,South,Rent & Facilities,sample_gl
Budget,6010,2025-10-17,1483.2,South,Rent & Facilities,sample_gl
Budget,6010,2025-10-18,104.85,South,Rent & Facilities,sample_gl
Budget,6010,2025-10-19,2306.33,South,Rent & Facilities,sample_gl
Budget,6010,2025-10-19,1225.45,South,Rent & Facilities,sample_gl
Budget,6010,2025-10-21,1146.79,South,Rent & Facilities,sample_gl
Budget,6010,2025-10-23,66.55,South,Rent & Facilities,sample_gl
Budget,6010,2025-10-30,2384.62,South,Rent & Facilities,sample_gl
Budget,6010,2025-10-01,2837.78,West,Rent & Facilities,sample_gl
Budget,6010,2025-10-03,339.12,West,Rent & Facilities,sample_gl
Budget,6010,2025-10-13,664.94,West,Rent & Facilities,sample_gl
Budget,6010,2025-10-13,941.62,West,Rent & Facilities,sample_gl
Budget,6010,2025-10-14,70.5,West,Rent & Facilities,sample_gl
Budget,6010,2025-10-14,62.99,West,Rent & Facilities,sample_gl
Budget,6010,2025-10-16,2853.11,West,Rent & Facilities,sample_gl
Budget,6010,2025-10-21,2110.99,West,Rent & Facilities,sample_gl
Budget,6020,2025-10-02,353.89,North,Marketing,sample_gl
Budget,6020,2025-10-03,253.02,North,Marketing,sample_gl
Budget,6020,2025-10-07,1587.03,North,Marketing,sample_gl
Budget,6020,2025-10-10,1775.5,North,Marketing,sample_gl
Budget,6020,2025-10-19,3260.32,North,Marketing,sample_gl
Budget,6020,2025-10-27,2234.66,North,Marketing,sample_gl
Budget,6020,2025-10-29,2770.5,North,Marketing,sample_gl
Budget,6020,2025-10-31,420.56,North,Marketing,sample_gl
Budget,6020,2025-10-02,527.35,South,Marketing,sample_gl
Budget,6020,2025-10-07,4588.14,South,Marketing,sample_gl
Budget,6020,2025-10-12,879.35,South,Marketing,sample_gl
Budget,6020,2025-10-13,4.37,South,Marketing,sample_gl
Budget,6020,2025-10-18,2032.83,South,Marketing,sample_gl
Budget,6020,2025-10-27,35.75,South,Marketing,sample_gl
Budget,6020,2025-10-27,1946.36,South,Marketing,sample_gl
Budget,6020,2025-10-31,1778.02,South,Marketing,sample_gl
Budget,6020,2025-10-03,658.44,West,Marketing,sample_gl
Budget,6020,2025-10-06,1034.91,West,Marketing,sample_gl
Budget,6020,2025-10-07,3859.72,West,Marketing,sample_gl
Budget,6020,2025-10-08,1656.31,West,Marketing,sample_gl
Budget,6020,2025-10-11,1104.39,West,Marketing,sample_gl
Budget,6020,2025-10-23,609.5,West,Marketing,sample_gl
Budget,6020,2025-10-23,4182.08,West,Marketing,sample_gl
Budget,6020,2025-10-29,1450.96,West,Marketing,sample_gl
Budget,6030,2025-10-01,891.72,North,Software & Subscriptions,sample_gl
Budget,6030,2025-10-08,120.83,North,Software & Subscriptions,sample_gl
Budget,6030,2025-10-10,293.45,North,Software & Subscriptions,sample_gl
Budget,6030,2025-10-22,585.48,North,Software & Subscriptions,sample_gl
Budget,6030,2025-10-27,338.35,North,Software & Subscriptions,sample_gl
Budget,6030,2025-10-27,68.87,North,Software & Subscriptions,sample_gl
Budget,6030,2025-10-29,2948.73,North,Software & Subscriptions,sample_gl
Budget,6030,2025-10-30,471.32,North,Software & Subscriptions,sample_gl
Budget,6030,2025-10-09,43.4,South,Software & Subscriptions,sample_gl
Budget,6030,2025-10-14,1271.02,South,Software & Subscriptions,sample_gl
Budget,6030,2025-10-19,422.09,South,Software & Subscriptions,sample_gl
Budget,6030,2025-10-22,1036.02,South,Software & Subscriptions,sample_gl
Budget,6030,2025-10-23,1055.61,South,Software & Subscriptions,sample_gl
Budget,6030,2025-10-28,49.43,South,Software & Subscriptions,sample_gl
Budget,6030,2025-10-29,112.61,South,Software & Subscriptions,sample_gl
Budget,6030,2025-10-30,253.46,South,Software & Subscriptions,sample_gl
Budget,6030,2025-10-07,46.51,West,Software & Subscriptions,sample_gl
Budget,6030,2025-10-09,139.89,West,Software & Subscriptions,sample_gl
Budget,6030,2025-10-13,388.37,West,Software & Subscriptions,sample_gl
Budget,6030,2025-10-14,555.37,West,Software & Subscriptions,sample_gl
Budget,6030,2025-10-27,1958.15,West,Software & Subscriptions,sample_gl
Budget,6030,2025-10-27,332.69,West,Software & Subscriptions,sample_gl
Budget,6030,2025-10-27,53.95,West,Software & Subscriptions,sample_gl
Budget,6030,2025-10-29,984.54,West,Software & Subscriptions,sample_gl
Budget,6040,2025-10-03,518.3,North,Travel & Entertainment,sample_gl
Budget,6040,2025-10-04,363.69,North,Travel & Entertainment,sample_gl
Budget,6040,2025-10-04,780.81,North,Travel & Entertainment,sample_gl
Budget,6040,2025-10-06,489.54,North,Travel & Entertainment,sample_gl
Budget,6040,2025-10-06,61.95,North,Travel & Entertainment,sample_gl
Budget,6040,2025-10-16,77.64,North,Travel & Entertainment,sample_gl
Budget,6040,2025-10-26,666.51,North,Travel & Entertainment,sample_gl
Budget,6040,2025-10-29,138.37,North,Travel & Entertainment,sample_gl
Budget,6040,2025-10-04,237.14,South,Travel & Entertainment,sample_gl
Budget,6040,2025-10-04,313.3,South,Travel & Entertainment,sample_gl
Budget,6040,2025-10-09,3.67,South,Travel & Entertainment,sample_gl
Budget,6040,2025-10-10,528.49,South,Travel & Entertainment,sample_gl
Budget,6040,2025-10-10,338.07,South,Travel & Entertainment,sample_gl
Budget,6040,2025-10-19,899.81,South,Travel & Entertainment,sample_gl
Budget,6040,2025-10-25,107.31,South,Travel & Entertainment,sample_gl
Budget,6040,2025-10-28,313.62,South,Travel & Entertainment,sample_gl
Budget,6040,2025-10-02,349.7,West,Travel & Entertainment,sample_gl
Budget,6040,2025-10-03,1574.69,West,Travel & Entertainment,sample_gl
Budget,6040,2025-10-04,337.49,West,Travel & Entertainment,sample_gl
Budget,6040,2025-10-06,31.52,West,Travel & Entertainment,sample_gl
Budget,6040,2025-10-08,1305.36,West,Travel & Entertainment,sample_gl
Budget,6040,2025-10-13,232.07,West,Travel & Entertainment,sample_gl
Budget,6040,2025-10-25,159.7,West,Travel & Entertainment,sample_gl
Budget,6040,2025-10-27,1197.86,West,Travel & Entertainment,sample_gl
Budget,7000,2025-10-07,1285.14,North,Interest Expense,sample_gl
Budget,7000,2025-10-07,94.7,North,Interest Expense,sample_gl
Budget,7000,2025-10-17,35.45,North,Interest Expense,sample_gl
Budget,7000,2025-10-22,883.99,North,Interest Expense,sample_gl
Budget,7000,2025-10-24,1427.09,North,Interest Expense,sample_gl
Budget,7000,2025-10-25,108.13,North,Interest Expense,sample_gl
Budget,7000,2025-10-25,7.38,North,Interest Expense,sample_gl
Budget,7000,2025-10-30,200.44,North,Interest Expense,sample_gl
Budget,7000,2025-10-03,282.6,South,Interest Expense,sample_gl
Budget,7000,2025-10-05,466.7,South,Interest Expense,sample_gl
Budget,7000,2025-10-08,42.26,South,Interest Expense,sample_gl
Budget,7000,2025-10-10,209.51,South,Interest Expense,sample_gl
Budget,7000,2025-10-13,786.5,South,Interest Expense,sample_gl
Budget,7000,2025-10-13,892.58,South,Interest Expense,sample_gl
Budget,7000,2025-10-17,868.9,South,Interest Expense,sample_gl
Budget,7000,2025-10-31,524.06,South,Interest Expense,sample_gl
Budget,7000,2025-10-05,239.79,West,Interest Expense,sample_gl
Budget,7000,2025-10-06,478.64,West,Interest Expense,sample_gl
Budget,7000,2025-10-10,1014.8,West,Interest Expense,sample_gl
Budget,7000,2025-10-11,525.77,West,Interest Expense,sample_gl
Budget,7000,2025-10-17,356.49,West,Interest Expense,sample_gl
Budget,7000,2025-10-18,279.81,West,Interest Expense,sample_gl
Budget,7000,2025-10-18,1048.74,West,Interest Expense,sample_gl
Budget,7000,2025-10-31,284.13,West,Interest Expense,sample_gl
Budget,4000,2025-11-01,-11850.09,North,Product Revenue,sample_gl
Budget,4000,2025-11-01,-7328.65,North,Product Revenue,sample_gl
Budget,4000,2025-11-02,-16811.71,North,Product Revenue,sample_gl
Budget,4000,2025-11-04,-54361.35,North,Product Revenue,sample_gl
Budget,4000,2025-11-08,-10363.11,North,Product Revenue,sample_gl
Budget,4000,2025-11-13,-22507.66,North,Product Revenue,sample_gl
Budget,4000,2025-11-19,-7215.24,North,Product Revenue,sample_gl
Budget,4000,2025-11-22,-29863.08,North,Product Revenue,sample_gl
Budget,4000,2025-11-13,-48983.94,South,Product Revenue,sample_gl
Budget,4000,2025-11-16,-10869.2,South,Product Revenue,sample_gl
Budget,4000,2025-11-19,-18126.07,South,Product Revenue,sample_gl
Budget,4000,2025-11-21,-28255.58,South,Product Revenue,sample_gl
Budget,4000,2025-11-21,-596.65,South,Product Revenue,sample_gl
Budget,4000,2025-11-27,-11589.61,South,Product Revenue,sample_gl
Budget,4000,2025-11-30,-11304.54,South,Product Revenue,sample_gl
Budget,4000,2025-11-30,-43688.25,South,Product Revenue,sample_gl
Budget,4000,2025-11-05,-26712.05,West,Product Revenue,sample_gl
Budget,4000,2025-11-08,-5539.28,West,Product Revenue,sample_gl
Budget,4000,2025-11-12,-35834.66,West,Product Revenue,sample_gl
Budget,4000,2025-11-15,-49761.61,West,Product Revenue,sample_gl
Budget,4000,2025-11-18,-45290.56,West,Product Revenue,sample_gl
Budget,4000,2025-11-29,-15803.05,West,Product Revenue,sample_gl
Budget,4000,2025-11-29,-5876.81,West,Product Revenue,sample_gl
Budget,4000,2025-11-30,-158.99,West,Product Revenue,sample_gl
Budget,4010,2025-11-01,-11223.46,North,Service Revenue,sample_gl
Budget,4010,2025-11-02,-6227.97,North,Service Revenue,sample_gl
Budget,4010,2025-11-05,-2437.16,North,Service Revenue,sample_gl
Budget,4010,2025-11-10,-6886.18,North,Service Revenue,sample_gl
Budget,4010,2025-11-14,-8365.58,North,Service Revenue,sample_gl
Budget,4010,2025-11-14,-6400.72,North,Service Revenue,sample_gl
Budget,4010,2025-11-15,-5030.89,North,Service Revenue,sample_gl
Budget,4010,2025-11-26,-2873.73,North,Service Revenue,sample_gl
Budget,4010,2025-11-11,-5843.79,South,Service Revenue,sample_gl
Budget,4010,2025-11-11,-4956.02,South,Service Revenue,sample_gl
Budget,4010,2025-11-12,-12464.63,South,Service Revenue,sample_gl
Budget,4010,2025-11-13,-1687.96,South,Service Revenue,sample_gl
Budget,4010,2025-11-15,-4257.76,South,Service Revenue,sample_gl
Budget,4010,2025-11-15,-2072.82,South,Service Revenue,sample_gl
Budget,4010,2025-11-15,-10334.82,South,Service Revenue,sample_gl
Budget,4010,2025-11-24,-2282.6,South,Service Revenue,sample_gl
Budget,4010,2025-11-12,-16356.66,West,Service Revenue,sample_gl
Budget,4010,2025-11-15,-3619.78,West,Service Revenue,sample_gl
Budget,4010,2025-11-18,-960.03,West,Service Revenue,sample_gl
Budget,4010,2025-11-20,-4125.31,West,Service Revenue,sample_gl
Budget,4010,2025-11-22,-3869.13,West,Service Revenue,sample_gl
Budget,4010,2025-11-24,-13284.15,West,Service Revenue,sample_gl
Budget,4010,2025-11-26,-3749.97,West,Service Revenue,sample_gl
Budget,4010,2025-11-29,-7331.55,West,Service Revenue,sample_gl
Budget,5000,2025-11-02,7742.46,North,Cost of Goods Sold,sample_gl
Budget,5000,2025-11-07,1165.72,North,Cost of Goods Sold,sample_gl
Budget,5000,2025-11-07,10077.07,North,Cost of Goods Sold,sample_gl
Budget,5000,2025-11-11,2899.48,North,Cost of Goods Sold,sample_gl
Budget,5000,2025-11-14,3681.56,North,Cost of Goods Sold,sample_gl
Budget,5000,2025-11-20,1689.21,North,Cost of Goods Sold,sample_gl
Budget,5000,2025-11-25,7028.94,North,Cost of Goods Sold,sample_gl
Budget,5000,2025-11-28,15118.93,North,Cost of Goods Sold,sample_gl
Budget,5000,2025-11-06,10849.04,South,Cost of Goods Sold,sample_gl
Budget,5000,2025-11-09,6841.0,South,Cost of Goods Sold,sample_gl
Budget,5000,2025-11-13,5096.97,South,Cost of Goods Sold,sample_gl
Budget,5000,2025-11-19,18617.38,South,Cost of Goods Sold,sample_gl
Budget,5000,2025-11-19,4764.1,South,Cost of Goods Sold,sample_gl
Budget,5000,2025-11-22,9216.0,South,Cost of Goods Sold,sample_gl
Budget,5000,2025-11-22,2274.93,South,Cost of Goods Sold,sample_gl
Budget,5000,2025-11-24,14339.54,South,Cost of Goods Sold,sample_gl
Budget,5000,2025-11-11,1409.1,West,Cost of Goods Sold,sample_gl
Budget,5000,2025-11-16,908.21,West,Cost of Goods Sold,sample_gl
Budget,5000,2025-11-17,1973.07,West,Cost of Goods Sold,sample_gl
Budget,5000,2025-11-20,2081.26,West,Cost of Goods Sold,sample_gl
Budget,5000,2025-11-20,34857.99,West,Cost of Goods Sold,sample_gl
Budget,5000,2025-11-24,15844.86,West,Cost of Goods Sold,sample_gl
Budget,5000,2025-11-25,3328.64,West,Cost of Goods Sold,sample_gl
Budget,5000,2025-11-30,5240.19,West,Cost of Goods Sold,sample_gl
Budget,5010,2025-11-03,1388.36,North,Direct Labor,sample_gl
Budget,5010,2025-11-07,5079.17,North,Direct Labor,sample_gl
Budget,5010,2025-11-11,166.93,North,Direct Labor,sample_gl
Budget,5010,2025-11-11,6471.1,North,Direct Labor,sample_gl
Budget,5010,2025-11-12,2530.82,North,Direct Labor,sample_gl
Budget,5010,2025-11-28,3384.12,North,Direct Labor,sample_gl
Budget,5010,2025-11-29,1123.79,North,Direct Labor,sample_gl
Budget,5010,2025-11-30,884.11,North,Direct Labor,sample_gl
Budget,5010,2025-11-04,2819.42,South,Direct Labor,sample_gl
Budget,5010,2025-11-06,1066.83,South,Direct Labor,sample_gl
Budget,5010,2025-11-06,5865.99,South,Direct Labor,sample_gl
Budget,5010,2025-11-10,3617.91,South,Direct Labor,sample_gl
Budget,5010,2025-11-10,1595.34,South,Direct Labor,sample_gl
Budget,5010,2025-11-18,5995.86,South,Direct Labor,sample_gl
Budget,5010,2025-11-26,706.28,South,Direct Labor,sample_gl
Budget,5010,2025-11-29,2136.9,South,Direct Labor,sample_gl
Budget,5010,2025-11-04,1089.38,West,Direct Labor,sample_gl
Budget,5010,2025-11-08,1595.97,West,Direct Labor,sample_gl
Budget,5010,2025-11-09,10394.73,West,Direct Labor,sample_gl
Budget,5010,2025-11-22,112.51,West,Direct Labor,sample_gl
Budget,5010,2025-11-23,11158.47,West,Direct Labor,sample_gl
Budget,5010,2025-11-23,800.97,West,Direct Labor,sample_gl
Budget,5010,2025-11-28,1001.92,West,Direct Labor,sample_gl
Budget,5010,2025-11-29,1510.42,West,Direct Labor,sample_gl
Budget,6000,2025-11-06,22887.1,North,Salaries & Wages,sample_gl
Budget,6000,2025-11-12,12874.21,North,Salaries & Wages,sample_gl
Budget,6000,2025-11-15,35.81,North,Salaries & Wages,sample_gl
Budget,6000,2025-11-15,302.75,North,Salaries & Wages,sample_gl
Budget,6000,2025-11-19,2124.67,North,Salaries & Wages,sample_gl
Budget,6000,2025-11-19,956.73,North,Salaries & Wages,sample_gl
Budget,6000,2025-11-27,707.41,North,Salaries & Wages,sample_gl
Budget,6000,2025-11-30,492.03,North,Salaries & Wages,sample_gl
Budget,6000,2025-11-03,5452.97,South,Salaries & Wages,sample_gl
Budget,6000,2025-11-05,6245.52,South,Salaries & Wages,sample_gl
Budget,6000,2025-11-06,12701.88,South,Salaries & Wages,sample_gl
Budget,6000,2025-11-10,1550.48,South,Salaries & Wages,sample_gl
Budget,6000,2025-11-13,2902.18,South,Salaries & Wages,sample_gl
Budget,6000,2025-11-20,6223.45,South,Salaries & Wages,sample_gl
Budget,6000,2025-11-22,1142.56,South,Salaries & Wages,sample_gl
Budget,6000,2025-11-30,259.11,South,Salaries & Wages,sample_gl
Budget,6000,2025-11-01,962.47,West,Salaries & Wages,sample_gl
Budget,6000,2025-11-14,9412.41,West,Salaries & Wages,sample_gl
Budget,6000,2025-11-16,4618.53,West,Salaries & Wages,sample_gl
Budget,6000,2025-11-19,6084.42,West,Salaries & Wages,sample_gl
Budget,6000,2025-11-20,16046.07,West,Salaries & Wages,sample_gl
Budget,6000,2025-11-20,3192.18,West,Salaries & Wages,sample_gl
Budget,6000,2025-11-26,396.8,West,Salaries & Wages,sample_gl
Budget,6000,2025-11-29,340.67,West,Salaries & Wages,sample_gl
Budget,6010,2025-11-02,2619.58,North,Rent & Facilities,sample_gl
Budget,6010,2025-11-06,96.8,North,Rent & Facilities,sample_gl
Budget,6010,2025-11-08,643.97,North,Rent & Facilities,sample_gl
Budget,6010,2025-11-10,3177.74,North,Rent & Facilities,sample_gl
Budget,6010,2025-11-11,27.05,North,Rent & Facilities,sample_gl
Budget,6010,2025-11-21,3342.12,North,Rent & Facilities,sample_gl
Budget,6010,2025-11-23,10.53,North,Rent & Facilities,sample_gl
Budget,6010,2025-11-29,38.29,North,Rent & Facilities,sample_gl
Budget,6010,2025-11-01,358.32,South,Rent & Facilities,sample_gl
Budget,6010,2025-11-01,2983.96,South,Rent & Facilities,sample_gl
Budget,6010,2025-11-10,441.96,South,Rent & Facilities,sample_gl
Budget,6010,2025-11-19,6.51,South,Rent & Facilities,sample_gl
Budget,6010,2025-11-20,2900.13,South,Rent & Facilities,sample_gl
Budget,6010,2025-11-24,248.48,South,Rent & Facilities,sample_gl
Budget,6010,2025-11-28,2068.09,South,Rent & Facilities,sample_gl
Budget,6010,2025-11-30,950.65,South,Rent & Facilities,sample_gl
Budget,6010,2025-11-11,839.14,West,Rent & Facilities,sample_gl
Budget,6010,2025-11-14,493.92,West,Rent & Facilities,sample_gl
Budget,6010,2025-11-14,610.05,West,Rent & Facilities,sample_gl
Budget,6010,2025-11-17,691.86,West,Rent & Facilities,sample_gl
Budget,6010,2025-11-23,202.0,West,Rent & Facilities,sample_gl
Budget,6010,2025-11-26,650.7,West,Rent & Facilities,sample_gl
Budget,6010,2025-11-26,1043.92,West,Rent & Facilities,sample_gl
Budget,6010,2025-11-28,5541.42,West,Rent & Facilities,sample_gl
Budget,6020,2025-11-01,588.85,North,Marketing,sample_gl
Budget,6020,2025-11-04,576.23,North,Marketing,sample_gl
Budget,6020,2025-11-11,440.39,North,Marketing,sample_gl
Budget,6020,2025-11-17,542.43,North,Marketing,sample_gl
Budget,6020,2025-11-26,54.53,North,Marketing,sample_gl
Budget,6020,2025-11-28,2981.89,North,Marketing,sample_gl
Budget,6020,2025-11-29,1723.74,North,Marketing,sample_gl
Budget,6020,2025-11-30,2156.88,North,Marketing,sample_gl
Budget,6020,2025-11-01,376.96,South,Marketing,sample_gl
Budget,6020,2025-11-01,1450.1,South,Marketing,sample_gl
Budget,6020,2025-11-03,1294.08,South,Marketing,sample_gl
Budget,6020,2025-11-03,258.41,South,Marketing,sample_gl
Budget,6020,2025-11-24,1488.43,South,Marketing,sample_gl
Budget,6020,2025-11-24,303.85,South,Marketing,sample_gl
Budget,6020,2025-11-26,18.56,South,Marketing,sample_gl
Budget,6020,2025-11-28,165.44,South,Marketing,sample_gl
Budget,6020,2025-11-02,891.55,West,Marketing,sample_gl
Budget,6020,2025-11-04,914.95,West,Marketing,sample_gl
Budget,6020,2025-11-05,239.9,West,Marketing,sample_gl
Budget,6020,2025-11-07,2168.39,West,Marketing,sample_gl
Budget,6020,2025-11-20,2459.27,West,Marketing,sample_gl
Budget,6020,2025-11-23,317.87,West,Marketing,sample_gl
Budget,6020,2025-11-24,2027.79,West,Marketing,sample_gl
Budget,6020,2025-11-30,714.89,West,Marketing,sample_gl
Budget,6030,2025-11-03,2750.15,North,Software & Subscriptions,sample_gl
Budget,6030,2025-11-07,152.92,North,Software & Subscriptions,sample_gl
Budget,6030,2025-11-11,565.68,North,Software & Subscriptions,sample_gl
Budget,6030,2025-11-13,670.89,North,Software & Subscriptions,sample_gl
Budget,6030,2025-11-16,11.51,North,Software & Subscriptions,sample_gl
Budget,6030,2025-11-17,136.73,North,Software & Subscriptions,sample_gl
Budget,6030,2025-11-21,503.98,North,Software & Subscriptions,sample_gl
Budget,6030,2025-11-23,1069.38,North,Software & Subscriptions,sample_gl
Budget,6030,2025-11-01,413.95,South,Software & Subscriptions,sample_gl
Budget,6030,2025-11-03,607.8,South,Software & Subscriptions,sample_gl
Budget,6030,2025-11-05,733.93,South,Software & Subscriptions,sample_gl
Budget,6030,2025-11-06,1204.99,South,Software & Subscriptions,sample_gl
Budget,6030,2025-11-07,862.91,South,Software & Subscriptions,sample_gl
Budget,6030,2025-11-09,15.85,South,Software & Subscriptions,sample_gl
Budget,6030,2025-11-17,1474.09,South,Software & Subscriptions,sample_gl
Budget,6030,2025-11-29,149.0,South,Software & Subscriptions,sample_gl
Budget,6030,2025-11-06,31.06,West,Software & Subscriptions,sample_gl
Budget,6030,2025-11-08,939.6,West,Software & Subscriptions,sample_gl
Budget,6030,2025-11-10,100.12,West,Software & Subscriptions,sample_gl
Budget,6030,2025-11-13,45.27,West,Software & Subscriptions,sample_gl
Budget,6030,2025-11-19,417.2,West,Software & Subscriptions,sample_gl
Budget,6030,2025-11-20,300.29,West,Software & Subscriptions,sample_gl
Budget,6030,2025-11-21,1015.38,West,Software & Subscriptions,sample_gl
Budget,6030,2025-11-27,1598.38,West,Software & Subscriptions,sample_gl
Budget,6040,2025-11-02,319.35,North,Travel & Entertainment,sample_gl
Budget,6040,2025-11-03,1954.54,North,Travel & Entertainment,sample_gl
Budget,6040,2025-11-03,83.73,North,Travel & Entertainment,sample_gl
Budget,6040,2025-11-06,1205.97,North,Travel & Entertainment,sample_gl
Budget,6040,2025-11-10,431.5,North,Travel & Entertainment,sample_gl
Budget,6040,2025-11-12,755.98,North,Travel & Entertainment,sample_gl
Budget,6040,2025-11-16,21.43,North,Travel & Entertainment,sample_gl
Budget,6040,2025-11-25,514.46,North,Travel & Entertainment,sample_gl
Budget,6040,2025-11-03,113.88,South,Travel & Entertainment,sample_gl
Budget,6040,2025-11-11,339.77,South,Travel & Entertainment,sample_gl
Budget,6040,2025-11-19,171.21,South,Travel & Entertainment,sample_gl
Budget,6040,2025-11-22,154.38,South,Travel & Entertainment,sample_gl
Budget,6040,2025-11-24,393.1,South,Travel & Entertainment,sample_gl
Budget,6040,2025-11-25,4.99,South,Travel & Entertainment,sample_gl
Budget,6040,2025-11-30,274.23,South,Travel & Entertainment,sample_gl
Budget,6040,2025-11-30,277.05,South,Travel & Entertainment,sample_gl
Budget,6040,2025-11-07,552.56,West,Travel & Entertainment,sample_gl
Budget,6040,2025-11-10,186.48,West,Travel & Entertainment,sample_gl
Budget,6040,2025-11-11,311.85,West,Travel & Entertainment,sample_gl
Budget,6040,2025-11-16,276.57,West,Travel & Entertainment,sample_gl
Budget,6040,2025-11-16,910.81,West,Travel & Entertainment,sample_gl
Budget,6040,2025-11-18,341.43,West,Travel & Entertainment,sample_gl
Budget,6040,2025-11-24,271.25,West,Travel & Entertainment,sample_gl
Budget,6040,2025-11-25,388.86,West,Travel & Entertainment,sample_gl
Budget,7000,2025-11-05,1453.16,North,Interest Expense,sample_gl
Budget,7000,2025-11-05,15.64,North,Interest Expense,sample_gl
Budget,7000,2025-11-13,1342.07,North,Interest Expense,sample_gl
Budget,7000,2025-11-15,192.02,North,Interest Expense,sample_gl
Budget,7000,2025-11-15,312.32,North,Interest Expense,sample_gl
Budget,7000,2025-11-15,11.85,North,Interest Expense,sample_gl
Budget,7000,2025-11-28,290.56,North,Interest Expense,sample_gl
Budget,7000,2025-11-29,191.87,North,Interest Expense,sample_gl
Budget,7000,2025-11-05,67.1,South,Interest Expense,sample_gl
Budget,7000,2025-11-06,742.51,South,Interest Expense,sample_gl
Budget,7000,2025-11-14,78.76,South,Interest Expense,sample_gl
Budget,7000,2025-11-19,220.65,South,Interest Expense,sample_gl
Budget,7000,2025-11-22,824.52,South,Interest Expense,sample_gl
Budget,7000,2025-11-26,102.49,South,Interest Expense,sample_gl
Budget,7000,2025-11-27,1837.05,South,Interest Expense,sample_gl
Budget,7000,2025-11-29,220.9,South,Interest Expense,sample_gl
Budget,7000,2025-11-06,246.71,West,Interest Expense,sample_gl
Budget,7000,2025-11-07,413.08,West,Interest Expense,sample_gl
Budget,7000,2025-11-08,1127.17,West,Interest Expense,sample_gl
Budget,7000,2025-11-09,221.6,West,Interest Expense,sample_gl
Budget,7000,2025-11-10,979.21,West,Interest Expense,sample_gl
Budget,7000,2025-11-18,923.09,West,Interest Expense,sample_gl
Budget,7000,2025-11-27,89.87,West,Interest Expense,sample_gl
Budget,7000,2025-11-28,127.56,West,Interest Expense,sample_gl
Budget,4000,2025-12-05,-2239.35,North,Product Revenue,sample_gl
Budget,4000,2025-12-08,-25149.39,North,Product Revenue,sample_gl
Budget,4000,2025-12-10,-25800.51,North,Product Revenue,sample_gl
Budget,4000,2025-12-11,-18708.64,North,Product Revenue,sample_gl
Budget,4000,2025-12-16,-36974.87,North,Product Revenue,sample_gl
Budget,4000,2025-12-17,-29903.19,North,Product Revenue,sample_gl
Budget,4000,2025-12-20,-24127.28,North,Product Revenue,sample_gl
Budget,4000,2025-12-23,-9784.85,North,Product Revenue,sample_gl
Budget,4000,2025-12-04,-10426.89,South,Product Revenue,sample_gl
Budget,4000,2025-12-05,-36136.46,South,Product Revenue,sample_gl
Budget,4000,2025-12-14,-14481.27,South,Product Revenue,sample_gl
Budget,4000,2025-12-17,-58669.64,South,Product Revenue,sample_gl
Budget,4000,2025-12-20,-13605.35,South,Product Revenue,sample_gl
Budget,4000,2025-12-20,-9410.76,South,Product Revenue,sample_gl
Budget,4000,2025-12-20,-17563.96,South,Product Revenue,sample_gl
Budget,4000,2025-12-22,-4884.21,South,Product Revenue,sample_gl
Budget,4000,2025-12-07,-46974.77,West,Product Revenue,sample_gl
Budget,4000,2025-12-08,-2784.14,West,Product Revenue,sample_gl
Budget,4000,2025-12-11,-33657.76,West,Product Revenue,sample_gl
Budget,4000,2025-12-23,-3340.31,West,Product Revenue,sample_gl
Budget,4000,2025-12-28,-31501.13,West,Product Revenue,sample_gl
Budget,4000,2025-12-29,-19378.63,West,Product Revenue,sample_gl
Budget,4000,2025-12-30,-8535.61,West,Product Revenue,sample_gl
Budget,4000,2025-12-31,-4129.1,West,Product Revenue,sample_gl
Budget,4010,2025-12-05,-11963.85,North,Service Revenue,sample_gl
Budget,4010,2025-12-07,-422.85,North,Service Revenue,sample_gl
Budget,4010,2025-12-11,-12162.86,North,Service Revenue,sample_gl
Budget,4010,2025-12-19,-984.35,North,Service Revenue,sample_gl
Budget,4010,2025-12-21,-5448.01,North,Service Revenue,sample_gl
Budget,4010,2025-12-26,-11853.87,North,Service Revenue,sample_gl
Budget,4010,2025-12-29,-7916.37,North,Service Revenue,sample_gl
Budget,4010,2025-12-31,-1508.47,North,Service Revenue,sample_gl
Budget,4010,2025-12-03,-15405.75,South,Service Revenue,sample_gl
Budget,4010,2025-12-04,-10626.06,South,Service Revenue,sample_gl
Budget,4010,2025-12-05,-2400.89,South,Service Revenue,sample_gl
Budget,4010,2025-12-11,-6466.72,South,Service Revenue,sample_gl
Budget,4010,2025-12-13,-10125.44,South,Service Revenue,sample_gl
Budget,4010,2025-12-17,-6572.01,South,Service Revenue,sample_gl
Budget,4010,2025-12-20,-3901.26,South,Service Revenue,sample_gl
Budget,4010,2025-12-25,-2416.62,South,Service Revenue,sample_gl
Budget,4010,2025-12-05,-3008.28,West,Service Revenue,sample_gl
Budget,4010,2025-12-09,-4439.38,West,Service Revenue,sample_gl
Budget,4010,2025-12-12,-5120.67,West,Service Revenue,sample_gl
Budget,4010,2025-12-23,-4109.6,West,Service Revenue,sample_gl
Budget,4010,2025-12-25,-7917.53,West,Service Revenue,sample_gl
Budget,4010,2025-12-25,-7671.75,West,Service Revenue,sample_gl
Budget,4010,2025-12-26,-9774.25,West,Service Revenue,sample_gl
Budget,4010,2025-12-28,-8927.97,West,Service Revenue,sample_gl
Budget,5000,2025-12-07,3974.36,North,Cost of Goods Sold,sample_gl
Budget,5000,2025-12-11,8375.68,North,Cost of Goods Sold,sample_gl
Budget,5000,2025-12-18,7049.59,North,Cost of Goods Sold,sample_gl
Budget,5000,2025-12-20,14954.49,North,Cost of Goods Sold,sample_gl
Budget,5000,2025-12-21,5353.53,North,Cost of Goods Sold,sample_gl
Budget,5000,2025-12-26,18354.3,North,Cost of Goods Sold,sample_gl
Budget,5000,2025-12-27,2555.22,North,Cost of Goods Sold,sample_gl
Budget,5000,2025-12-29,5006.48,North,Cost of Goods Sold,sample_gl
Budget,5000,2025-12-08,2130.21,South,Cost of Goods Sold,sample_gl
Budget,5000,2025-12-10,12965.42,South,Cost of Goods Sold,sample_gl
Budget,5000,2025-12-13,6789.73,South,Cost of Goods Sold,sample_gl
Budget,5000,2025-12-14,153.27,South,Cost of Goods Sold,sample_gl
Budget,5000,2025-12-17,9109.28,South,Cost of Goods Sold,sample_gl
Budget,5000,2025-12-23,16450.06,South,Cost of Goods Sold,sample_gl
Budget,5000,2025-12-26,15426.21,South,Cost of Goods Sold,sample_gl
Budget,5000,2025-12-27,10887.05,South,Cost of Goods Sold,sample_gl
Budget,5000,2025-12-05,6129.88,West,Cost of Goods Sold,sample_gl
Budget,5000,2025-12-06,3137.98,West,Cost of Goods Sold,sample_gl
Budget,5000,2025-12-13,6295.22,West,Cost of Goods Sold,sample_gl
Budget,5000,2025-12-15,136.39,West,Cost of Goods Sold,sample_gl
Budget,5000,2025-12-15,10091.83,West,Cost of Goods Sold,sample_gl
Budget,5000,2025-12-18,14391.73,West,Cost of Goods Sold,sample_gl
Budget,5000,2025-12-20,2967.79,West,Cost of Goods Sold,sample_gl
Budget,5000,2025-12-21,13741.74,West,Cost of Goods Sold,sample_gl
Budget,5010,2025-12-01,9742.56,North,Direct Labor,sample_gl
Budget,5010,2025-12-02,1654.92,North,Direct Labor,sample_gl
Budget,5010,2025-12-04,5602.76,North,Direct Labor,sample_gl
Budget,5010,2025-12-05,75.65,North,Direct Labor,sample_gl
Budget,5010,2025-12-11,2358.32,North,Direct Labor,sample_gl
Budget,5010,2025-12-11,538.88,North,Direct Labor,sample_gl
Budget,5010,2025-12-28,2292.12,North,Direct Labor,sample_gl
Budget,5010,2025-12-31,8637.18,North,Direct Labor,sample_gl
Budget,5010,2025-12-02,1358.4,South,Direct Labor,sample_gl
Budget,5010,2025-12-10,195.0,South,Direct Labor,sample_gl
Budget,5010,2025-12-11,97.68,South,Direct Labor,sample_gl
Budget,5010,2025-12-19,1555.69,South,Direct Labor,sample_gl
Budget,5010,2025-12-21,10618.88,South,Direct Labor,sample_gl
Budget,5010,2025-12-25,3617.11,South,Direct Labor,sample_gl
Budget,5010,2025-12-25,4036.57,South,Direct Labor,sample_gl
Budget,5010,2025-12-27,2838.92,South,Direct Labor,sample_gl
Budget,5010,2025-12-03,9629.26,West,Direct Labor,sample_gl
Budget,5010,2025-12-04,2120.97,West,Direct Labor,sample_gl
Budget,5010,2025-12-05,2272.75,West,Direct Labor,sample_gl
Budget,5010,2025-12-06,1499.4,West,Direct Labor,sample_gl
Budget,5010,2025-12-08,5858.55,West,Direct Labor,sample_gl
Budget,5010,2025-12-17,108.46,West,Direct Labor,sample_gl
Budget,5010,2025-12-23,6198.0,West,Direct Labor,sample_gl
Budget,5010,2025-12-31,788.22,West,Direct Labor,sample_gl
Budget,6000,2025-12-03,4174.85,North,Salaries & Wages,sample_gl
Budget,6000,2025-12-05,4492.43,North,Salaries & Wages,sample_gl
Budget,6000,2025-12-07,778.44,North,Salaries & Wages,sample_gl
Budget,6000,2025-12-13,6800.93,North,Salaries & Wages,sample_gl
Budget,6000,2025-12-18,3955.23,North,Salaries & Wages,sample_gl
Budget,6000,2025-12-23,3154.22,North,Salaries & Wages,sample_gl
Budget,6000,2025-12-27,9659.85,North,Salaries & Wages,sample_gl
Budget,6000,2025-12-27,3208.61,North,Salaries & Wages,sample_gl
Budget,6000,2025-12-02,6015.15,South,Salaries & Wages,sample_gl
Budget,6000,2025-12-02,2615.64,South,Salaries & Wages,sample_gl
Budget,6000,2025-12-02,538.53,South,Salaries & Wages,sample_gl
Budget,6000,2025-12-08,3558.1,South,Salaries & Wages,sample_gl
Budget,6000,2025-12-16,7000.51,South,Salaries & Wages,sample_gl
Budget,6000,2025-12-21,10064.45,South,Salaries & Wages,sample_gl
Budget,6000,2025-12-23,4513.22,South,Salaries & Wages,sample_gl
Budget,6000,2025-12-27,5104.24,South,Salaries & Wages,sample_gl
Budget,6000,2025-12-01,284.29,West,Salaries & Wages,sample_gl
Budget,6000,2025-12-10,1310.78,West,Salaries & Wages,sample_gl
Budget,6000,2025-12-14,6705.65,West,Salaries & Wages,sample_gl
Budget,6000,2025-12-16,13561.6,West,Salaries & Wages,sample_gl
Budget,6000,2025-12-22,1300.06,West,Salaries & Wages,sample_gl
Budget,6000,2025-12-23,275.43,West,Salaries & Wages,sample_gl
Budget,6000,2025-12-23,4457.89,West,Salaries & Wages,sample_gl
Budget,6000,2025-12-25,11851.72,West,Salaries & Wages,sample_gl
Budget,6010,2025-12-06,2115.52,North,Rent & Facilities,sample_gl
Budget,6010,2025-12-12,682.43,North,Rent & Facilities,sample_gl
Budget,6010,2025-12-13,2281.4,North,Rent & Facilities,sample_gl
Budget,6010,2025-12-17,252.04,North,Rent & Facilities,sample_gl
Budget,6010,2025-12-19,199.17,North,Rent & Facilities,sample_gl
Budget,6010,2025-12-27,1869.07,North,Rent & Facilities,sample_gl
Budget,6010,2025-12-29,1699.61,North,Rent & Facilities,sample_gl
Budget,6010,2025-12-29,843.1,North,Rent & Facilities,sample_gl
Budget,6010,2025-12-07,291.63,South,Rent & Facilities,sample_gl
Budget,6010,2025-12-09,914.34,South,Rent & Facilities,sample_gl
Budget,6010,2025-12-09,1682.09,South,Rent & Facilities,sample_gl
Budget,6010,2025-12-11,1217.53,South,Rent & Facilities,sample_gl
Budget,6010,2025-12-11,1073.88,South,Rent & Facilities,sample_gl
Budget,6010,2025-12-13,926.62,South,Rent & Facilities,sample_gl
Budget,6010,2025-12-20,486.17,South,Rent & Facilities,sample_gl
Budget,6010,2025-12-29,3527.75,South,Rent & Facilities,sample_gl
Budget,6010,2025-12-02,2039.2,West,Rent & Facilities,sample_gl
Budget,6010,2025-12-04,3770.49,West,Rent & Facilities,sample_gl
Budget,6010,2025-12-04,1059.62,West,Rent & Facilities,sample_gl
Budget,6010,2025-12-06,744.46,West,Rent & Facilities,sample_gl
Budget,6010,2025-12-13,872.73,West,Rent & Facilities,sample_gl
Budget,6010,2025-12-24,420.84,West,Rent & Facilities,sample_gl
Budget,6010,2025-12-26,126.52,West,Rent & Facilities,sample_gl
Budget,6010,2025-12-30,1154.87,West,Rent & Facilities,sample_gl
Budget,6020,2025-12-02,2766.29,North,Marketing,sample_gl
Budget,6020,2025-12-08,542.87,North,Marketing,sample_gl
Budget,6020,2025-12-19,549.06,North,Marketing,sample_gl
Budget,6020,2025-12-21,880.24,North,Marketing,sample_gl
Budget,6020,2025-12-21,367.43,North,Marketing,sample_gl
Budget,6020,2025-12-27,2532.98,North,Marketing,sample_gl
Budget,6020,2025-12-29,175.94,North,Marketing,sample_gl
Budget,6020,2025-12-29,7475.39,North,Marketing,sample_gl
Budget,6020,2025-12-11,1491.51,South,Marketing,sample_gl
Budget,6020,2025-12-13,751.46,South,Marketing,sample_gl
Budget,6020,2025-12-13,332.35,South,Marketing,sample_gl
Budget,6020,2025-12-15,1862.3,South,Marketing,sample_gl
Budget,6020,2025-12-20,624.08,South,Marketing,sample_gl
Budget,6020,2025-12-24,2676.29,South,Marketing,sample_gl
Budget,6020,2025-12-24,1168.09,South,Marketing,sample_gl
Budget,6020,2025-12-25,119.3,South,Marketing,sample_gl
Budget,6020,2025-12-01,299.89,West,Marketing,sample_gl
Budget,6020,2025-12-01,593.47,West,Marketing,sample_gl
Budget,6020,2025-12-02,312.68,West,Marketing,sample_gl
Budget,6020,2025-12-09,493.7,West,Marketing,sample_gl
Budget,6020,2025-12-20,436.77,West,Marketing,sample_gl
Budget,6020,2025-12-28,1045.74,West,Marketing,sample_gl
Budget,6020,2025-12-28,2028.01,West,Marketing,sample_gl
Budget,6020,2025-12-31,391.21,West,Marketing,sample_gl
Budget,6030,2025-12-03,142.6,North,Software & Subscriptions,sample_gl
Budget,6030,2025-12-07,346.74,North,Software & Subscriptions,sample_gl
Budget,6030,2025-12-09,88.68,North,Software & Subscriptions,sample_gl
Budget,6030,2025-12-12,634.24,North,Software & Subscriptions,sample_gl
Budget,6030,2025-12-14,649.83,North,Software & Subscriptions,sample_gl
Budget,6030,2025-12-14,801.59,North,Software & Subscriptions,sample_gl
Budget,6030,2025-12-24,1135.44,North,Software & Subscriptions,sample_gl
Budget,6030,2025-12-29,276.11,North,Software & Subscriptions,sample_gl
Budget,6030,2025-12-01,728.5,South,Software & Subscriptions,sample_gl
Budget,6030,2025-12-04,401.14,South,Software & Subscriptions,sample_gl
Budget,6030,2025-12-21,1816.06,South,Software & Subscriptions,sample_gl
Budget,6030,2025-12-22,1744.24,South,Software & Subscriptions,sample_gl
Budget,6030,2025-12-24,1006.06,South,Software & Subscriptions,sample_gl
Budget,6030,2025-12-26,39.79,South,Software & Subscriptions,sample_gl
Budget,6030,2025-12-30,295.08,South,Software & Subscriptions,sample_gl
Budget,6030,2025-12-31,439.72,South,Software & Subscriptions,sample_gl
Budget,6030,2025-12-01,180.04,West,Software & Subscriptions,sample_gl
Budget,6030,2025-12-09,126.56,West,Software & Subscriptions,sample_gl
Budget,6030,2025-12-09,737.36,West,Software & Subscriptions,sample_gl
Budget,6030,2025-12-16,784.64,West,Software & Subscriptions,sample_gl
Budget,6030,2025-12-18,97.45,West,Software & Subscriptions,sample_gl
Budget,6030,2025-12-19,169.32,West,Software & Subscriptions,sample_gl
Budget,6030,2025-12-23,1256.37,West,Software & Subscriptions,sample_gl
Budget,6030,2025-12-23,1493.21,West,Software & Subscriptions,sample_gl
Budget,6040,2025-12-01,470.95,North,Travel & Entertainment,sample_gl
Budget,6040,2025-12-02,150.06,North,Travel & Entertainment,sample_gl
Budget,6040,2025-12-03,938.55,North,Travel & Entertainment,sample_gl
Budget,6040,2025-12-19,89.82,North,Travel & Entertainment,sample_gl
Budget,6040,2025-12-22,20.84,North,Travel & Entertainment,sample_gl
Budget,6040,2025-12-25,365.94,North,Travel & Entertainment,sample_gl
Budget,6040,2025-12-29,201.7,North,Travel & Entertainment,sample_gl
Budget,6040,2025-12-31,85.52,North,Travel & Entertainment,sample_gl
Budget,6040,2025-12-01,822.92,South,Travel & Entertainment,sample_gl
Budget,6040,2025-12-02,724.47,South,Travel & Entertainment,sample_gl
Budget,6040,2025-12-07,189.03,South,Travel & Entertainment,sample_gl
Budget,6040,2025-12-08,1232.9,South,Travel & Entertainment,sample_gl
Budget,6040,2025-12-15,46.44,South,Travel & Entertainment,sample_gl
Budget,6040,2025-12-21,89.09,South,Travel & Entertainment,sample_gl
Budget,6040,2025-12-23,279.47,South,Travel & Entertainment,sample_gl
Budget,6040,2025-12-26,170.09,South,Travel & Entertainment,sample_gl
Budget,6040,2025-12-06,706.56,West,Travel & Entertainment,sample_gl
Budget,6040,2025-12-12,137.08,West,Travel & Entertainment,sample_gl
Budget,6040,2025-12-12,838.12,West,Travel & Entertainment,sample_gl
Budget,6040,2025-12-15,118.74,West,Travel & Entertainment,sample_gl
Budget,6040,2025-12-16,871.72,West,Travel & Entertainment,sample_gl
Budget,6040,2025-12-18,521.7,West,Travel & Entertainment,sample_gl
Budget,6040,2025-12-20,371.44,West,Travel & Entertainment,sample_gl
Budget,6040,2025-12-27,1284.19,West,Travel & Entertainment,sample_gl
Budget,7000,2025-12-05,349.8,North,Interest Expense,sample_gl
Budget,7000,2025-12-10,674.76,North,Interest Expense,sample_gl
Budget,7000,2025-12-12,625.68,North,Interest Expense,sample_gl
Budget,7000,2025-12-12,1071.63,North,Interest Expense,sample_gl
Budget,7000,2025-12-13,12.35,North,Interest Expense,sample_gl
Budget,7000,2025-12-15,864.8,North,Interest Expense,sample_gl
Budget,7000,2025-12-25,291.17,North,Interest Expense,sample_gl
Budget,7000,2025-12-27,156.25,North,Interest Expense,sample_gl
Budget,7000,2025-12-06,615.87,South,Interest Expense,sample_gl
Budget,7000,2025-12-15,834.75,South,Interest Expense,sample_gl
Budget,7000,2025-12-15,7.66,South,Interest Expense,sample_gl
Budget,7000,2025-12-18,1228.11,South,Interest Expense,sample_gl
Budget,7000,2025-12-21,1091.39,South,Interest Expense,sample_gl
Budget,7000,2025-12-22,121.25,South,Interest Expense,sample_gl
Budget,7000,2025-12-25,273.5,South,Interest Expense,sample_gl
Budget,7000,2025-12-28,73.39,South,Interest Expense,sample_gl
Budget,7000,2025-12-05,180.02,West,Interest Expense,sample_gl
Budget,7000,2025-12-06,170.53,West,Interest Expense,sample_gl
Budget,7000,2025-12-19,129.24,West,Interest Expense,sample_gl
Budget,7000,2025-12-24,402.83,West,Interest Expense,sample_gl
Budget,7000,2025-12-26,914.14,West,Interest Expense,sample_gl
Budget,7000,2025-12-26,353.4,West,Interest Expense,sample_gl
Budget,7000,2025-12-27,822.66,West,Interest Expense,sample_gl
Budget,7000,2025-12-28,1315.64,West,Interest Expense,sample_gl
